,asset_return,asset_return,asset_return,asset_return,asset_return,asset_return,asset_return,asset_return,asset_return,asset_return,asset_return,asset_return,macro_factor,macro_factor,macro_factor,macro_factor,macro_factor,macro_factor,macro_factor
,上证50,沪深300,中证500,中证1000,恒生指数,中债国债,中债企业债,中证转债,布伦特原油,沪金,标普500,美元兑人民币,增长因子,通胀因子,利率因子,信用因子,汇率因子,地缘因子,流动性因子
2020-01-03,1.984954,3.010809,3.815752,3.697335,0.797789,-0.058789,0.152542,2.377633,2.686112,1.682836,-0.159692,-0.471362,-1.164145,-1.398752,0.087571,-0.410767,-0.082578,2.401712,-0.316130
2020-01-10,-0.338358,0.438606,1.833994,2.523923,0.654057,0.255430,0.183174,-0.378681,-5.369514,-0.531081,0.938440,-0.168158,0.247021,1.442447,-0.317665,0.142794,0.535536,-5.297370,1.097088
2020-01-17,-0.480572,-0.200336,0.542608,0.469156,1.449800,0.079466,0.142755,-0.067975,0.107502,-0.436106,1.949123,-1.064383,0.212514,0.546499,0.013100,-0.522480,0.256450,0.217784,0.747812
2020-01-24,-4.032846,-3.700791,-2.430439,-3.116463,-3.883510,0.504184,0.135487,-0.719397,-7.107815,0.841809,-1.030943,0.832510,-4.185764,0.720561,-0.629314,0.830936,0.245572,-5.977458,1.046446
2020-02-14,1.508805,2.228019,1.744879,2.550356,1.489817,-0.020475,0.297347,1.538274,4.942815,0.697533,1.563865,0.094648,1.773693,1.810271,0.191636,0.022589,0.444897,4.472882,-0.244489
2020-02-21,2.492760,3.976229,6.485706,8.620082,-1.838762,-0.127231,0.201485,2.708988,2.058006,4.150566,-1.262609,0.657202,0.747517,1.768258,0.043519,-1.398819,0.141143,1.915286,0.494355
2020-02-28,-5.082850,-5.179228,-5.924874,-6.151821,-4.412800,0.577015,0.219467,-2.035320,-15.723657,-0.517605,-12.206228,-0.269500,-2.186744,-0.518649,-0.481450,1.846369,-1.144959,-13.797470,1.146656
2020-03-06,4.971506,4.914193,5.575511,7.001269,0.064044,0.443877,0.202186,2.218809,-9.402895,1.635294,0.612501,-0.968480,1.599392,1.315734,-0.460372,1.014424,-2.246591,-8.174365,-0.337081
2020-03-13,-5.764135,-6.056106,-5.467137,-5.740314,-8.429770,-0.186015,-0.046808,-2.515786,-22.402422,-5.374819,-9.203470,1.326235,-3.439261,-9.182516,0.031812,0.311131,2.876421,-18.748732,1.111714
2020-03-20,-6.279865,-6.416397,-4.457637,-4.735656,-5.244126,0.017081,-0.080007,-0.930239,-21.307601,-4.775535,-16.227902,1.119112,-12.141696,1.554803,0.188784,1.376917,4.038848,-17.024675,1.985764
2020-03-27,2.740543,1.543825,-1.582480,-2.082366,2.934834,0.566199,0.217483,-0.457004,-3.819909,7.864263,9.769671,-0.487982,1.863804,-1.916062,-0.479881,2.686811,-4.424398,-1.099719,-1.142527
2020-04-03,0.272815,0.085057,-0.591507,-0.840691,-1.062373,0.369117,0.124174,-0.599248,20.247117,-1.121671,-2.100229,0.142691,-0.505723,-1.861957,-0.158253,2.445471,2.221754,17.952329,0.247235
2020-04-10,1.503031,1.495805,1.967404,2.340476,4.478244,0.969739,0.482775,0.331457,-9.009110,2.783609,11.423675,-0.580515,3.577139,-19.260583,-0.597170,5.005150,-1.059485,-9.263299,0.213901
2020-04-17,2.131033,1.848182,2.088902,1.278192,0.327319,0.460128,0.085896,0.079843,-11.202615,-0.418276,2.992254,0.518380,4.712035,-4.332751,-0.076251,0.142010,0.260915,-7.304871,-0.013255
2020-04-24,-1.183556,-1.113486,-0.847966,-0.606788,-2.276202,0.683668,0.192396,-0.196870,-11.977547,2.808280,-1.324414,-0.192313,-0.802936,-0.263928,-0.389028,0.846954,0.599521,-9.219613,0.705675
2020-05-01,3.046849,2.999233,1.511460,0.046787,3.351572,0.252188,0.094989,0.921089,5.923930,-0.655259,-0.212795,-0.055216,-0.905767,-5.011501,0.058739,-0.210298,-1.586532,5.765132,-1.022117
2020-05-08,0.387277,1.296202,2.832877,3.199338,-1.691828,-0.495129,-0.075953,-0.042456,14.822553,0.811884,3.440663,0.318132,2.166988,5.767270,0.575229,-2.270615,0.936893,10.949010,0.711191
2020-05-15,-1.873400,-1.290093,0.004303,0.463042,-1.801924,-0.235757,-0.124128,-1.552055,5.823833,1.753025,-2.281970,0.153754,-1.349562,-0.832847,0.453139,0.579652,0.669565,5.583712,1.031853
2020-05-22,-1.568471,-2.294359,-3.317106,-3.559759,-3.712707,-0.120048,0.069972,-2.494998,7.792331,1.075800,3.153643,0.275880,1.969318,-10.092806,-0.005960,-0.895985,-0.539301,8.379725,0.060597
2020-05-29,1.105399,1.117123,1.455380,2.302701,0.136539,-0.704860,-0.122457,0.786943,6.197158,0.010142,2.962339,0.433396,0.996422,-5.403758,0.733371,-3.850037,-1.533839,2.791447,0.329041
2020-06-05,3.145473,3.412210,3.258783,3.362920,7.583216,-1.240354,-0.665016,0.414466,10.801585,-1.080816,4.797782,-0.505105,4.340769,9.210845,1.228953,-3.362919,-1.433857,10.120947,-0.732358
2020-06-12,-0.423288,0.045775,0.108509,0.263048,-1.911662,0.354168,0.178921,-0.347218,-7.686558,0.877781,-4.896375,-0.636413,2.450394,5.270642,-0.485606,1.951139,0.391226,-12.905868,0.301861
2020-06-19,1.439599,2.360748,3.439433,2.552658,1.399586,-0.471130,0.023062,0.870140,7.686558,-0.172905,1.838445,0.343404,0.731656,5.604591,0.658620,-2.647291,0.307790,11.237720,-0.611562
2020-06-26,0.597575,0.977951,0.033534,0.651828,-0.381759,0.049673,-0.133101,-0.514185,-3.127149,1.795761,-2.904838,-0.158129,1.291489,0.108168,-0.028023,0.129510,-0.123004,-1.473384,-0.093786
2020-07-03,7.071536,6.559649,4.433289,3.948042,3.297886,0.086339,0.211594,4.178265,5.205636,0.119910,3.941177,-0.165459,0.393728,2.304392,0.045958,0.435569,-0.184786,5.656321,-2.538715
2020-07-10,5.918601,7.275569,9.827663,9.870519,1.386665,-0.951118,-0.582591,3.914013,0.907511,0.333990,1.742866,-1.029978,5.163194,5.448270,1.078590,-3.475983,-0.690829,1.313447,-0.420576
2020-07-17,-5.075955,-4.484204,-5.098182,-5.429664,-2.512068,0.441243,-0.001394,-3.545976,-0.162281,-0.528917,1.238436,-0.070093,0.247179,-0.321967,-0.383482,1.214961,-0.737320,-0.629111,1.092240
2020-07-24,-0.870284,-0.864287,-0.959862,0.178548,-1.541727,0.561420,0.506468,0.444297,1.222199,5.034227,-0.282596,0.212986,-0.831014,2.170500,-0.618995,1.557931,-1.575828,1.400742,0.764043
2020-07-31,2.842212,4.118884,4.598058,5.127522,-0.446161,-0.442013,0.047596,2.249256,0.068736,2.920771,1.710921,0.059955,-1.308295,-0.555107,0.595642,-2.473410,-1.011028,0.547229,-0.449284
2020-08-07,0.442433,0.273956,1.646215,2.737737,-0.259454,-0.357818,0.079327,1.093879,2.130151,3.821082,2.420990,-0.786549,-3.178270,2.317351,0.446309,-0.225908,-0.053491,1.796262,0.126462
2020-08-14,0.756018,-0.070055,-0.981330,-2.146261,2.620670,0.174457,0.181097,-0.421585,0.692663,-6.765642,0.641574,-0.126656,2.796988,0.177503,-0.310068,-0.283745,-0.364538,2.588180,-1.288654
2020-08-21,-0.115225,0.301672,0.307232,0.143495,-0.275047,-0.172740,0.097178,0.110267,-1.638829,-0.195289,0.718165,-0.415633,1.653035,0.091822,0.229362,-1.688099,0.160989,-1.160974,-0.408402
2020-08-28,2.516559,2.623189,0.708896,0.145954,1.219825,-0.374850,-0.173030,-0.107576,3.579353,0.219079,3.210917,-0.370907,2.400487,1.739473,0.536980,-1.251916,-0.948178,3.047520,-1.180662
2020-09-04,-1.773965,-1.540332,-1.091448,-0.315246,-2.899836,-0.280826,-0.046124,0.260672,-7.809731,-0.922414,-2.337537,-0.631968,0.473043,0.170280,0.289930,-0.068769,0.378193,-7.749513,-1.903193
2020-09-11,-1.329752,-3.042235,-4.743289,-6.322715,-0.781072,0.229030,0.087822,-2.624037,-6.260415,0.431200,-2.541238,-0.182758,-0.704358,0.428630,-0.012834,0.368176,0.655741,-3.891430,-0.842951
2020-09-18,2.488487,2.345294,2.464668,2.746082,-0.195679,0.310312,0.137623,0.118403,8.985633,-0.340014,-0.645605,-1.017851,1.429682,0.480199,-0.016147,0.769933,-0.429509,7.661948,-0.401731
2020-09-25,-3.588375,-3.590479,-3.661237,-4.355961,-5.117362,0.070658,0.120118,-2.124899,-3.008973,-3.878331,-0.634944,0.935866,-2.952064,-1.610598,-0.015040,-0.534003,1.759953,-1.754870,0.696755
2020-10-02,0.081737,0.379431,-0.714197,-0.260045,0.957855,-0.182319,0.049590,0.970705,-8.213662,1.248839,1.503289,-0.562530,-0.607694,0.318569,0.178916,-0.423884,-0.785489,-6.316923,-0.264247
2020-10-16,2.799392,2.333836,1.106024,1.224059,1.103621,-0.002855,0.087993,1.580909,0.163724,-0.093788,0.191645,-0.966477,-0.605203,-3.132046,0.151029,0.111904,0.664030,0.355682,-1.144559
2020-10-23,-0.997841,-1.539184,-3.408334,-3.913469,2.158014,0.391966,0.185063,-0.451480,-2.221263,-0.346295,-0.530139,-0.602655,2.160702,-3.869143,-0.260915,1.017274,-0.976145,2.131440,-0.614952
2020-10-30,-1.998681,-0.491916,-1.651723,-1.979477,-3.310202,0.084816,0.083230,-0.275697,-10.072505,-1.618660,-5.804741,0.455316,-1.568626,2.105514,-0.102012,0.874484,1.359696,-6.969379,-1.060469
2020-11-06,2.371825,3.974701,3.057874,2.689653,6.447590,0.013734,0.131136,0.433674,4.470451,2.781406,7.067872,-1.633774,2.669093,1.640457,0.059133,0.094415,-1.943474,3.962428,-1.609852
2020-11-13,-0.621405,-0.592597,0.090766,-0.033959,1.711588,-0.155629,-0.219148,-0.354436,7.448698,-2.836823,2.134382,0.081723,0.326663,-0.673468,0.290629,0.708863,0.573004,4.947257,0.366839
2020-11-20,2.181401,1.764041,1.822759,1.184482,1.120289,-0.300093,-0.319086,-0.030048,5.721054,-1.191305,-0.773098,-0.427502,2.907842,0.664339,0.303994,2.260131,-0.399679,1.770473,-0.779337
2020-11-27,2.510105,0.755280,-1.117432,-1.854014,1.661416,0.117556,0.078095,0.645418,6.704148,-2.855416,2.246100,-0.120085,3.087944,-2.101228,-0.140769,1.785897,-0.651537,6.561617,-1.565040
2020-12-04,1.217654,1.695148,1.765338,1.566418,-0.218721,0.266218,0.191079,0.165448,1.398912,0.867299,1.656468,-0.504734,2.417003,-0.859300,-0.229705,0.731577,-1.194605,-0.315426,0.006141
2020-12-11,-3.262101,-3.541854,-4.029340,-3.751190,-1.237511,-0.030987,0.102647,-1.711032,1.942201,-0.437934,-0.968694,0.045855,-0.012591,3.837819,-0.012899,0.768350,0.308242,1.938584,1.007019
2020-12-18,2.310338,2.231508,1.319733,1.150059,-0.027428,0.158328,0.128542,0.159766,4.677499,2.782394,1.246477,-0.188124,2.218016,1.113706,-0.128033,0.801478,-1.060791,2.093623,-3.044160
2020-12-25,0.128539,0.837409,-0.213517,-0.184687,-0.423707,0.434026,0.172079,0.175998,-1.833143,0.360141,-0.171329,-0.047475,-1.303859,0.630694,-0.405635,1.554625,0.343782,-1.678273,-0.309752
2021-01-01,3.583517,3.302163,1.401568,1.290154,3.150601,0.266905,0.158171,1.185385,0.698625,-0.005063,1.421370,0.041350,-1.176062,2.124417,-0.328832,1.251000,-0.432684,0.582541,-1.384512
2021-01-08,3.976317,5.308979,2.947761,-0.923764,2.348493,0.146650,0.229947,1.546492,8.415485,0.273058,1.810157,-0.837894,3.729555,2.667648,-0.043090,-0.989883,0.177734,7.238459,-3.148231
2021-01-15,0.778732,-0.681976,-2.159528,-0.867762,2.464650,0.049266,0.127610,-0.042785,-2.447486,-2.081814,-1.486408,-0.063317,-1.171904,1.319127,0.003048,-0.251609,0.751884,-2.602509,0.024013
2021-01-22,0.742665,2.025757,3.375255,2.920215,3.012862,0.150462,-0.012708,0.913224,0.490687,0.770420,1.924440,-0.180914,0.649140,0.352159,-0.149958,0.856226,-0.596622,-0.017318,0.448156
2021-01-29,-3.522965,-3.989105,-4.493506,-6.417031,-4.033485,-0.313835,-0.188646,-3.874694,-0.272307,-0.657053,-3.368102,-0.201398,-1.434974,0.745358,0.352461,-0.696022,0.376069,-0.330550,-0.081445
2021-02-05,3.376513,2.426412,-1.688677,-4.192246,3.491504,-0.085960,0.004143,-2.287868,7.997279,-2.735749,4.541986,0.345222,1.528037,0.452455,0.191269,-0.701477,0.506552,7.327005,-2.146492
2021-02-12,4.772947,5.746000,4.470688,4.179364,2.976528,0.073509,0.006012,2.820924,4.991628,2.043240,1.227376,-0.213492,2.726639,1.930608,0.016657,0.540146,-0.617011,2.895036,-1.765102
2021-03-05,-1.831429,-1.395647,0.613151,2.047908,0.406616,0.125574,0.167342,0.472285,7.741471,-3.553603,0.804648,0.235238,0.200544,-2.113442,-0.205521,-0.047818,1.148122,7.978307,1.338994
2021-03-12,-1.532662,-2.236908,-2.869162,-3.720639,-1.239920,0.055428,0.122218,0.318147,-0.705801,1.159821,2.605067,0.370316,1.019712,1.566133,0.002634,-0.089929,-0.326694,-0.666078,-0.149139
2021-03-19,-3.375122,-2.743825,-0.253891,0.486510,0.870316,0.083289,0.076154,0.016288,-7.221948,1.894568,-0.769818,0.181566,-1.019696,0.450384,-0.139612,0.295242,0.261436,-4.463169,1.678200
2021-03-26,0.502944,0.615209,0.725490,0.805061,-2.229595,0.202570,0.141045,-0.574393,-0.186625,-0.386974,1.557910,0.613047,-2.078252,2.661045,-0.175513,0.476851,0.920466,-0.440162,0.031030
2021-04-02,2.435889,2.423109,1.189545,0.946275,2.049380,0.082467,0.085163,0.585251,0.620734,1.016009,1.134056,0.299033,-1.330466,5.226997,-0.018974,0.298310,0.172325,1.235728,0.894927
2021-04-09,-2.879313,-2.475782,0.136362,0.599809,-0.832584,0.018927,0.064151,0.373852,-2.617499,0.533737,2.673717,-0.219606,1.747572,-0.037700,0.046171,0.145935,-0.832029,-3.850218,1.057171
2021-04-16,-1.896206,-1.382932,0.068672,-0.480501,0.939549,0.323015,0.180103,-0.284326,5.754653,0.241669,1.363229,-0.439136,1.074373,-0.961765,-0.374009,0.730322,-0.653177,4.913423,0.518759
2021-04-23,2.177844,3.351692,1.924160,1.317380,0.375683,0.173004,0.192159,0.718728,-2.412681,0.625620,-0.126716,-0.476494,3.233642,-1.781425,-0.103531,0.092057,-0.767460,-1.785246,-1.167514
2021-04-30,-0.936087,-0.233241,0.354513,-1.108926,-1.224399,0.059325,0.070655,-0.002692,1.992007,-1.190426,0.023920,-0.294722,2.449466,0.787610,0.019736,-0.319656,0.461183,1.619338,1.045355
2021-05-07,-2.461249,-2.518745,-0.638278,-0.974360,-0.398465,0.179387,0.130302,0.282300,2.644635,2.566838,1.222539,-0.123700,4.497873,-3.406818,-0.072010,-0.186884,-1.156969,1.838649,0.719366
2021-05-14,2.800071,2.266666,1.254595,2.225329,-2.059036,0.094758,0.217854,0.882076,0.803217,0.670721,-1.397759,-0.190490,-1.555931,-1.731801,-0.122819,-0.335347,0.099691,0.694513,-0.726907
2021-05-21,-0.606310,0.459905,0.031562,0.276570,1.525607,0.249071,0.180769,0.220636,-3.447852,1.924131,-0.431954,-0.263880,-2.728779,1.382684,-0.299927,0.724484,-0.332709,-3.491482,0.122231
2021-05-28,4.970357,3.576407,2.126568,3.248506,2.313191,-0.069886,0.164890,1.638129,3.810829,0.250710,1.154323,-0.809934,3.309557,1.160123,0.082626,-0.722693,0.011110,1.262382,-1.011351
2021-06-04,-1.281509,-0.732073,0.372526,1.356949,-0.710896,-0.063974,0.096844,0.078335,3.796575,-2.263663,0.611343,0.323825,-1.976826,1.776742,0.147787,-0.246232,0.122108,3.066357,0.903556
2021-06-11,-0.999358,-1.095930,0.489726,0.984979,-0.263050,-0.067605,-0.004256,-0.164575,1.303040,1.889926,0.414041,-0.162561,0.264387,-1.370109,0.281635,-0.786472,0.464858,1.723194,0.719363
2021-06-18,-3.475862,-2.367400,-1.018428,0.156641,-0.141772,0.061414,0.041661,-1.658159,0.768285,-4.806976,-1.925203,0.858280,-6.952051,-0.902267,0.091831,-0.096639,1.827291,0.906166,1.149213
2021-06-25,2.301518,2.659144,2.310962,1.972259,1.676594,0.294793,0.120532,1.979220,2.803040,-0.059218,2.705219,0.365372,2.137675,-1.207118,-0.271115,1.109466,-0.456430,1.947581,-0.746631
2021-07-02,-3.652353,-3.078427,-2.306742,-1.315651,-3.395549,0.066731,0.197442,-0.968924,0.952262,0.333316,1.659700,-0.052561,-0.533749,2.485058,0.016591,0.206003,0.456430,1.418302,1.332760
2021-07-09,-1.377959,-0.230155,2.176399,3.330365,-3.471310,0.455083,0.300842,1.874330,-0.620587,1.369921,0.394639,0.331877,1.612239,3.131680,-0.527808,0.870648,-0.108490,-0.697129,1.513713
2021-07-16,0.246721,0.498554,1.756592,1.189388,2.385480,0.395069,0.364033,1.344196,-3.134716,0.974641,-0.974851,-0.447902,-0.263269,1.472922,-0.371980,-0.034252,0.606002,-2.131682,0.468701
2021-07-23,-0.370191,-0.108896,0.871655,2.073273,-2.468013,0.272265,0.214080,1.394236,1.127959,-0.911132,1.936904,0.148489,1.709389,2.518980,-0.272503,0.800824,0.237070,1.127398,0.533819
2021-07-30,-6.924699,-5.618585,-3.176781,-1.603731,-5.109498,0.339050,0.149120,-0.885911,1.635206,1.178155,-0.375388,-0.222824,0.731397,0.036085,-0.344463,0.371656,-0.799664,1.166495,2.609649
2021-08-06,1.987103,2.268627,2.503410,2.981538,0.837631,0.114540,0.211941,1.254614,-6.792989,-1.740550,0.934366,0.077428,-1.550068,5.531911,-0.214388,-0.265201,0.681199,-4.833971,-0.205632
2021-08-13,0.690449,0.494916,2.138984,2.112510,0.807366,-0.247530,0.077556,1.107927,-0.142389,-2.113152,0.707059,0.278239,0.588667,-4.003356,0.408121,-1.096381,-0.302187,0.747161,0.052151
2021-08-20,-4.613484,-3.638290,-2.410911,-2.310683,-6.019997,0.187238,0.147982,-1.097914,-7.790763,2.006684,-0.591047,0.237434,-3.760464,-8.540439,-0.219530,0.425794,1.053664,-6.645714,0.686884
2021-08-27,1.623521,1.204123,3.689518,2.808805,2.221319,-0.045271,0.013557,1.806008,9.807899,0.605354,1.512707,-0.203478,4.264471,2.998980,0.123323,-0.066775,-0.870082,9.074131,0.561104
2021-09-10,2.378568,3.459150,4.420794,3.878922,1.166516,-0.111846,0.021452,2.083185,0.605479,-0.806328,-1.708959,-0.017042,1.030510,-2.145744,0.197511,-0.396678,0.584988,-0.002445,-0.762603
2021-09-17,-2.819005,-3.193596,-2.827711,-2.584944,-5.028377,0.010209,0.020865,-2.642884,3.438618,-2.055604,-0.575599,0.035633,-3.323288,-0.550006,0.071518,-0.520042,0.667453,2.085690,1.086272
2021-09-24,-0.533057,-0.134194,-0.205483,-0.448676,-2.967258,0.144007,0.039244,0.198183,2.228431,-0.294022,0.506044,0.020130,0.814917,-4.327489,-0.100659,0.290663,0.139393,1.705981,0.114694
2021-10-01,1.636055,0.349019,-3.822285,-3.843324,1.572714,0.081688,0.012900,-1.586755,2.685927,-1.096562,-2.234186,-0.192200,-2.052843,-0.539827,0.017850,0.523883,0.757861,3.002329,-1.431517
2021-10-22,0.704528,0.558381,0.027160,1.191016,3.093918,-0.081253,0.080467,0.665338,-0.094395,-0.403411,1.631083,-0.735736,-3.758212,4.193150,0.083486,-0.492591,-0.351908,-0.510923,-0.219990
2021-10-29,-1.545242,-1.032689,-0.050809,-0.717445,-2.911387,0.053097,0.236038,0.235502,-1.486618,-0.161821,1.321946,-0.021905,-1.878096,6.075974,-0.131592,-0.152860,0.543337,-1.142513,-0.348531
2021-11-05,-2.031453,-1.362409,-0.436566,0.057963,-2.016995,0.497572,0.264734,0.647220,-1.144798,0.339522,1.981163,0.093847,-0.450455,3.484055,-0.541004,1.185212,0.212266,-2.277936,1.620749
2021-11-12,0.591771,0.946062,2.328334,4.086377,1.822651,-0.043056,0.087608,2.630814,-0.681019,3.140566,-0.312987,-0.107929,2.471840,3.551287,0.176543,-0.379549,0.855110,0.407761,0.932113
2021-11-19,-0.237509,0.034423,0.185154,1.367044,-1.103669,0.119347,0.146580,0.492006,-4.275594,-0.224444,0.322144,-0.070451,-0.593402,1.832209,-0.084071,0.147897,0.983274,-3.526937,0.403755
2021-11-26,-0.798409,-0.613960,0.694748,1.740659,-3.946938,0.300982,0.150685,0.684298,-9.058372,-2.658210,-2.224228,0.015659,-0.791556,0.346759,-0.337072,0.953133,0.020812,-7.802171,1.036564
2021-12-03,1.063052,0.837837,1.130108,1.041980,-1.311824,-0.187923,0.121411,1.684774,-2.256159,-1.835908,-1.230490,-0.162994,-0.082188,0.243415,0.268603,-0.721764,0.031223,-1.895815,-0.277932
2021-12-10,4.022046,3.095806,0.064743,-0.937058,0.959054,0.167154,0.137782,-0.654270,6.994317,-0.082019,3.753552,0.014120,-0.550632,-2.531924,-0.153220,0.563904,-0.072852,5.529644,-1.989976
2021-12-17,-2.253565,-2.005227,0.108254,-0.694583,-3.404092,0.091937,0.110337,0.180756,-3.284745,1.939389,-1.958344,-0.145958,0.966346,0.960363,-0.007630,1.077268,0.539921,-3.484162,-4.676428
2021-12-24,0.345160,-0.676686,-0.490691,-1.499603,0.134129,0.156671,0.044560,0.699086,3.722615,0.209020,2.250150,0.025130,0.727373,-1.164741,-0.138400,0.512397,-0.571166,2.922314,-0.231925
2021-12-31,-0.484878,0.385897,1.101871,2.961121,0.746055,0.375113,0.166254,0.328242,3.076765,0.304707,0.851043,0.051797,1.489453,-4.791611,-0.304302,1.024745,-0.365172,2.594347,0.965697
2022-01-07,-1.571508,-2.417553,-2.528171,-4.176055,0.408219,-0.058587,0.152066,-0.385737,4.800120,-1.766241,-1.888194,0.153677,-1.492187,0.994741,0.192149,-1.200097,0.073141,4.790173,-0.382589
2022-01-14,-2.647683,-2.003125,-1.326192,-0.095403,3.718066,0.265018,0.165393,-1.252375,5.476255,1.734210,-0.303638,-0.373625,0.380273,-1.896787,-0.233423,0.188144,-0.597141,4.942017,1.326426
2022-01-21,2.506981,1.106297,-1.487107,-3.805887,2.359762,0.739290,0.265039,0.835117,1.586058,0.967064,-5.849063,-0.292969,1.122765,-7.316449,-0.578024,1.483847,0.492639,1.670533,-1.971941
2022-01-28,-5.252934,-4.614755,-5.844870,-5.791078,-5.836770,0.074615,0.152842,-1.585690,1.325273,-2.170280,0.768089,0.431280,-2.819505,0.957972,-0.027074,-0.418759,1.689945,1.154874,0.818362
2022-02-18,0.631491,1.077347,1.325464,3.051426,-2.351917,-0.007554,0.031929,-3.059158,-1.537106,2.992821,-1.591592,-0.264808,1.231332,-3.298275,0.028763,0.306139,-0.041642,-2.361574,0.686661
2022-02-25,-2.796889,-1.687061,-0.228365,1.507718,-6.629596,-0.111933,-0.033963,0.403236,1.009734,1.228712,0.819371,-0.142156,0.426752,-1.658900,0.137419,-1.085994,0.602101,0.786293,1.668055
2022-03-04,-0.430273,-1.697863,-0.228976,-1.648873,-3.859200,-0.148418,-0.064931,-1.521794,22.187371,0.819280,-1.280322,-0.120193,5.397469,4.430919,0.242303,-1.029185,2.079246,20.084625,-0.282611
2022-03-11,-4.225257,-4.315313,-4.967250,-3.524522,-6.368271,0.299725,-0.154784,-3.236449,-5.153854,2.536975,-2.919636,0.025313,-4.179346,-1.145945,-0.121390,2.224348,0.475302,-4.699384,1.221608
2022-03-18,-0.769349,-0.947697,-2.216336,-1.606536,4.092479,-0.014659,0.064558,0.926653,-7.748919,-2.218206,5.973790,0.390014,2.400236,5.152022,0.044720,0.318194,-0.901956,-7.002200,-0.020796
2022-03-25,-1.967509,-2.164133,-1.015512,-0.869444,-0.035121,-0.067606,0.052867,-2.276303,11.503790,1.454389,1.775271,0.327257,-0.379294,0.631773,0.062275,-0.081227,0.588709,10.855704,0.766158
2022-04-01,2.994048,2.404263,1.524368,-0.694640,2.921963,0.145654,0.169639,1.657014,-10.908036,-1.363498,0.061609,-0.431320,-0.150067,1.344261,-0.149794,0.423226,-0.182334,-10.163932,-1.390912
2022-04-08,-0.605004,-1.067164,-2.230739,-2.956803,-0.763087,0.223759,0.215076,-0.503679,-2.061729,-0.055535,-1.274739,0.327597,1.149038,8.614483,-0.214956,0.112173,1.179277,-1.860235,-0.644969
2022-04-15,0.173734,-0.998166,-2.494959,-4.673250,-1.631423,0.050923,0.204728,-0.761561,8.012546,2.439450,-2.155051,0.277924,0.195647,-6.390097,-0.010385,-0.354176,0.519686,7.293388,-0.988077
2022-04-22,-4.054758,-4.280026,-5.585137,-6.302221,-4.173428,-0.215437,0.069232,-1.212931,-5.111277,0.241195,-2.788844,1.121109,-3.210706,4.182988,0.140706,-0.902310,0.893130,-4.218320,0.261410
2022-04-29,-0.312877,0.074500,-1.989390,-2.706357,2.161089,0.020018,0.124553,0.035512,0.776005,-0.241195,-3.328590,2.692407,-3.517669,0.871276,0.019811,-0.688463,1.704418,0.138020,-0.595112
2022-05-06,-3.097931,-2.711213,-1.146097,0.525238,-5.293980,0.095819,0.110553,-0.289539,6.354821,-0.548542,-0.208118,0.441272,-4.007380,2.205671,-0.007264,-0.316454,0.677579,6.137742,2.361133
2022-05-13,1.041561,2.020603,4.103046,5.188147,-0.517240,0.214138,0.250193,1.567165,-1.749108,-0.981010,-2.441441,1.953858,-0.224540,-1.957832,-0.127699,-0.040854,0.864470,-0.853807,0.648508
2022-05-20,2.149222,2.206829,2.263165,3.109684,4.030828,0.128815,0.249382,0.981719,1.367986,-0.622461,-3.092383,-1.093508,2.472372,5.948862,-0.088337,-0.368373,-1.357679,1.589959,-0.159115
2022-05-27,-1.610873,-1.888952,-0.499992,-0.855400,-0.096010,0.381878,0.190930,-0.243285,2.378035,1.241071,6.376673,0.382161,2.357334,-4.631911,-0.404266,0.360945,-1.445200,2.048752,0.563505
2022-06-03,0.981175,2.182028,2.980932,3.680799,1.841961,-0.256371,-0.047558,0.295341,4.725288,-0.788900,-1.202422,-1.173409,-0.375147,5.413477,0.323989,-1.258511,0.461216,5.753834,0.323727
2022-06-10,3.841070,3.588664,2.624943,2.828105,3.376770,0.046962,0.020565,1.456432,0.692387,-0.361573,-5.187067,0.473409,0.461884,-4.130625,0.006502,0.070226,1.948777,-0.489037,-1.177413
2022-06-17,1.255067,1.639009,1.213833,2.193562,-3.410591,0.010470,0.127538,0.960108,-6.911609,0.261267,-5.968745,0.188140,-4.735045,5.133694,0.029965,-0.410117,0.526691,-6.081438,-1.762463
2022-06-24,1.304512,1.969958,0.819487,2.289776,3.010267,-0.042658,0.121887,0.246436,-4.160715,-1.247144,6.247267,-0.091043,-5.222630,1.418992,0.117391,-0.773493,-0.488291,-3.855580,0.015230
2022-07-01,2.342789,1.623826,1.097161,0.902581,0.645875,-0.062586,0.050034,1.015554,2.268082,-1.201170,-2.233753,0.013441,-2.664815,3.419240,0.125535,-0.170192,0.907661,2.089748,-0.439587
2022-07-08,-1.721078,-0.852953,-0.531015,0.089802,-0.614939,-0.037460,0.087870,0.178991,-3.961548,-3.107381,1.917278,0.034328,-2.510757,1.345795,0.165696,-0.932234,1.762952,-3.170578,0.647086
2022-07-15,-5.278781,-4.155204,-3.295831,-2.136262,-6.799091,0.423987,0.247628,-0.780356,-6.258057,-0.975461,-0.933206,0.813041,-6.037420,5.033142,-0.362752,0.553338,0.976430,-5.324308,2.014977
2022-07-22,0.317942,-0.242566,1.485379,2.618088,1.522600,0.149782,0.233612,0.555970,-2.057789,0.693928,2.517005,0.153841,2.272951,-5.156101,-0.126932,-0.307429,-1.238429,-2.106253,0.766914
2022-07-29,-1.989406,-1.620618,0.072809,1.170672,-2.220731,0.225513,0.242290,1.062563,5.226139,2.656045,4.169210,-0.293089,4.616308,-0.234634,-0.214645,0.116118,-0.780705,4.966977,1.484809
2022-08-05,-0.646494,-0.316825,-0.375706,-0.386150,0.225128,0.289816,0.288017,-0.336326,-9.462700,1.286688,0.360098,0.029642,0.850136,-2.128813,-0.236955,0.722183,0.677587,-8.630005,-0.134531
2022-08-12,0.809665,0.820339,2.369312,1.939213,-0.130369,-0.034447,0.021700,1.160500,3.636387,0.030678,3.203942,-0.062262,2.413801,-2.154032,0.086435,-1.418922,-0.932874,2.878695,0.101005
2022-08-19,-1.667739,-0.960854,-0.454820,0.077023,-2.015596,0.588668,0.273238,-0.295921,-2.447837,-0.939939,-1.214545,0.606141,-0.093365,-1.172080,-0.799967,1.629521,2.376165,-2.160366,0.785596
2022-08-26,0.034822,-1.054133,-1.471127,-3.577341,1.987935,-0.254412,-0.062368,-1.428443,3.149380,0.955274,-4.123615,0.934514,-0.454864,-1.966791,0.250428,-0.850102,0.580732,2.863263,-0.853295
2022-09-02,-1.476362,-2.064551,-2.393260,-2.956571,-3.624377,0.253272,0.111455,-1.311258,-6.023842,-2.133621,-3.342863,0.831774,-4.712334,1.795529,-0.309850,1.357523,0.668711,-5.567868,0.668148
2022-09-09,1.693346,1.729020,2.688107,1.997845,-0.462923,0.001248,0.144143,1.175169,-0.821182,1.682800,3.581637,0.735830,3.000105,-1.018232,0.014221,-0.254093,-0.485059,-0.652066,-0.354604
2022-09-16,-2.926584,-4.014857,-5.909207,-6.457498,-3.150832,-0.154983,0.073868,-2.027292,-2.082952,-1.531487,-4.887954,0.523317,-1.163836,-6.098250,0.175790,-0.950802,0.694830,-1.886330,0.011160
2022-09-23,-1.817135,-1.968607,-1.095948,-1.830501,-4.515932,0.111549,0.053709,-0.371275,-5.382108,1.047673,-4.761321,1.188392,-3.931592,2.756474,-0.025318,0.908102,3.077166,-4.926233,-0.097035
2022-09-30,-0.751617,-1.335006,-3.025809,-3.825090,-4.042182,-0.390231,-0.090750,-1.479171,-0.105269,0.817002,-2.956997,0.666174,0.449138,1.940994,0.559460,-0.879783,-0.949809,-0.381322,-0.502421
2022-10-14,-0.979140,0.982962,4.439248,4.494984,-6.716395,0.427477,0.218484,2.074498,-7.176831,0.408560,-1.567025,0.763070,0.288202,-2.069235,-0.380065,1.046894,0.451104,-6.801556,1.222329
2022-10-21,-3.843762,-2.625655,-0.277579,0.402983,-2.296337,0.040813,0.141882,-1.090875,1.950436,-1.272008,4.626891,0.643714,1.994884,0.931288,0.068112,-0.283718,-1.153923,2.046238,1.516503
2022-10-28,-6.661106,-5.535648,-2.983249,-3.036693,-8.681849,0.257196,0.052215,-1.759023,0.886711,1.363704,3.875942,0.167550,0.320167,-1.385695,-0.238475,0.776208,-1.203539,1.732934,2.149349
2022-11-04,5.896497,6.182302,5.904498,7.257676,8.373066,-0.092267,0.026325,2.296164,4.736088,-0.505374,-3.402743,1.003537,5.174182,2.301046,0.124138,-0.620817,0.189573,4.320483,-0.222348
2022-11-11,1.996446,0.562868,0.084061,-0.990982,6.957904,-0.090509,-0.144826,-0.117483,-2.902334,3.992907,5.730439,-1.586311,4.654629,2.669785,0.260098,-0.531269,-4.227729,-2.503674,-0.955770
2022-11-18,1.131990,0.345982,0.860116,0.224314,3.776864,-0.417672,-0.764143,-2.499572,-8.735320,0.171961,-0.693366,-0.414170,-4.677122,-4.103563,0.670125,3.094472,0.600320,-8.084227,-0.090541
2022-11-25,-0.082493,-0.680795,-1.690483,-2.220786,-2.356065,0.136464,0.159059,0.600828,-4.558164,0.044171,1.521154,-0.082479,0.058144,-0.980676,-0.091933,1.253241,-0.911276,-3.840694,-1.096112
2022-12-02,2.713712,2.489351,1.308028,2.552762,6.080783,-0.182211,-0.324494,1.464329,1.667790,0.518770,1.125743,-1.502069,5.613865,-3.497268,0.349929,0.855498,-1.339620,1.436354,-0.285632
2022-12-09,3.462811,3.235583,0.393000,-0.002500,6.355903,-0.094447,-0.580746,-0.414079,-10.633851,-1.539665,-3.430731,-1.104939,-0.746085,2.937154,0.192364,3.615251,0.248371,-9.221128,-1.820872
2022-12-16,-0.683929,-1.107013,-1.947659,-2.438625,-2.288198,0.052548,-0.336787,-2.119215,2.943846,-0.138896,-2.106730,0.084656,-2.648258,-4.153056,-0.035777,2.440079,-0.105008,2.200642,-0.534630
2022-12-23,-2.730513,-3.238545,-5.231195,-5.659016,0.729385,0.280371,0.197284,-2.020837,6.841843,0.963327,-0.195917,0.154779,1.251898,-4.560533,-0.337879,2.249842,-0.373188,5.915314,-0.188235
2022-12-30,0.737712,1.127696,1.739339,1.943036,0.956724,0.055632,0.181023,1.075389,1.712451,0.959005,-0.138466,-0.285382,-1.164780,-4.300803,-0.053994,0.173567,-0.760241,2.024052,0.195892
2023-01-06,2.931030,2.782852,2.498143,3.422334,5.938170,0.101135,0.297503,2.091757,-9.278981,-0.287714,1.437209,-1.178815,2.550545,1.914068,-0.027397,-1.393834,0.347156,-7.879345,-0.509895
2023-01-13,2.680589,2.321269,0.743551,0.264145,3.496793,-0.082398,0.014718,0.184387,8.531925,1.377392,2.635262,-2.110314,5.763884,-6.989324,0.218154,-0.999479,-1.630471,7.176434,-1.217815
2023-01-20,1.758565,2.595864,3.148234,3.309989,1.397770,-0.027373,-0.012180,2.076864,2.510689,1.974501,-0.664352,0.562399,2.040847,-0.949795,0.147353,-0.128732,-0.186078,2.415169,-0.044067
2023-02-10,-1.017047,-0.856510,-0.148825,0.723993,-2.193979,0.040886,0.251221,-0.304696,7.979211,-2.067294,-1.118776,0.713480,-0.602132,-0.813361,0.002558,-0.874103,0.687487,7.765125,0.665309
2023-02-17,-1.187852,-1.764070,-1.540750,-1.543623,-2.245890,0.076739,0.304113,-1.641742,-3.892001,-0.121800,-0.278348,1.173091,1.234704,2.748837,-0.017497,-1.332434,0.221701,-3.221937,0.231239
2023-02-24,0.488839,0.655646,1.644765,1.104390,-3.485620,-0.043890,0.105083,0.643169,-0.361446,0.699541,-2.709777,0.687166,-2.690784,-0.855793,0.121551,-1.665610,1.291450,-0.064542,-0.024788
2023-03-03,1.705500,1.697024,0.777215,0.332299,2.747996,0.014090,0.157395,0.555721,3.719927,0.588862,1.886355,0.098398,0.935772,3.378440,0.041073,-1.545369,-0.657994,3.016842,-1.440760
2023-03-10,-5.106326,-4.036664,-2.944489,-2.464719,-6.257737,0.212955,0.253777,-1.211299,-3.973719,0.283538,-4.656069,0.717722,-1.133413,-0.462770,-0.234065,-0.147821,0.057394,-3.651159,1.305504
2023-03-17,-0.296222,-0.209842,-0.350579,-0.915168,1.023066,0.111115,0.250091,0.044666,-13.366970,3.693307,1.415508,-0.953757,-1.147373,2.526528,-0.146765,-1.311504,-0.835381,-11.251913,-1.326661
2023-03-24,0.935053,1.708736,2.031786,1.934520,2.014002,0.013773,0.175404,0.825205,3.064591,1.892078,1.378132,-1.153421,2.604856,-0.255666,0.034838,-0.781917,-0.570515,2.786916,0.054652
2023-03-31,0.324917,0.591239,0.469885,0.114321,2.403298,0.098352,0.168488,0.024602,6.842933,0.113392,3.423971,0.759750,0.356114,-0.895900,-0.042414,-0.131546,-0.593301,6.196726,0.143692
2023-04-07,0.858166,1.770347,1.947035,2.400943,-0.338374,0.044502,0.154873,0.971844,6.133912,1.377593,-0.104453,0.065476,-1.245094,2.324957,0.015399,-0.878062,-0.675383,5.477834,-0.668780
2023-04-14,-0.218313,-0.761536,-0.517963,-0.324199,0.527899,0.163435,0.184187,0.002436,1.867468,0.819312,0.791499,-0.103322,1.895691,-2.025119,-0.186764,-0.314746,-0.265523,2.052981,-0.126705
2023-04-21,-0.929877,-1.463046,-2.847212,-3.575690,-1.792397,0.079923,0.182137,-1.237837,-5.881948,-1.902688,-0.099626,0.062586,-2.542108,-4.463584,-0.073541,-0.962211,0.265523,-4.632469,-0.676179
2023-04-28,0.883207,-0.086359,-0.148914,-0.743986,-0.906479,0.270510,0.165443,0.817955,-1.657018,0.347418,0.866197,0.727835,-1.230963,2.469339,-0.250535,0.572773,-0.147429,-1.761224,1.110572
2023-05-05,0.276565,-0.303482,-0.653733,-1.041382,0.774796,0.241844,0.183794,-0.519966,-6.211420,3.077985,-0.800174,-0.240088,-0.039627,2.843112,-0.236667,0.106397,-0.453470,-5.893714,1.016542
2023-05-12,-2.040092,-1.989219,-1.772387,-1.784924,-2.127639,0.206922,0.235492,-0.973592,-1.604956,-1.411912,-0.294660,0.606349,-3.570095,-0.312692,-0.162446,0.210617,1.441980,-1.344540,0.648401
2023-05-19,0.092623,0.171980,0.416702,1.010386,-0.904202,0.011804,0.085830,0.892411,1.896424,-0.863071,1.633019,1.250123,0.589563,1.915464,0.090297,-0.624402,0.505146,1.504230,0.384264
2023-05-26,-2.841400,-2.401221,-1.351231,-0.850415,-3.684690,0.186482,0.106893,-0.515688,2.068678,-0.474741,0.320818,0.599474,0.169571,-1.393866,-0.064343,0.395726,0.973926,1.842383,1.549833
2023-06-02,-0.628550,0.282207,1.157078,1.212691,1.077124,0.194116,0.101467,0.481227,-1.264932,1.514843,1.812527,0.220174,0.598319,-1.000783,-0.103776,0.770554,-0.182493,-0.494808,-0.218025
2023-06-09,0.013995,-0.652880,-1.578845,-1.992393,2.295423,0.162777,0.128294,-0.113312,-1.587335,0.008843,0.384322,0.256261,0.921505,-0.026074,-0.160264,0.641671,-0.443202,-0.625429,-1.091192
2023-06-16,2.215393,3.247648,2.277358,2.635119,3.299375,-0.016786,0.064887,0.773380,1.666044,-0.407603,2.543184,0.122273,3.042162,-2.206484,0.031918,-0.236510,-1.224143,2.789211,1.261979
2023-06-23,-3.197149,-2.537868,-2.589630,-1.824886,-5.911765,0.007544,-0.013856,-0.953465,-2.482703,-0.146611,-1.398980,0.819676,-0.888184,-0.530491,0.007411,0.447145,0.584795,-2.546486,1.052285
2023-06-30,-1.076683,-0.560049,0.131498,0.815642,0.139982,0.220267,0.104477,0.224439,1.069672,-0.276034,2.319758,1.015925,-1.219596,-0.268641,-0.192186,0.940439,0.009720,1.302584,0.556250
2023-07-07,-0.103059,-0.436951,-0.620771,-1.228502,-2.954612,0.088903,0.157622,0.096034,3.886770,0.493652,-1.162354,-0.035862,-0.478155,-2.190146,-0.073050,0.065674,-0.623851,3.582282,-0.269055
2023-07-14,2.318885,1.900533,1.149317,0.352552,5.549833,0.023987,0.129505,0.427341,1.837938,0.702905,2.391518,-1.377873,2.799974,-1.774381,-0.052705,-0.751360,-2.334652,1.470011,-0.991600
2023-07-21,-1.528376,-1.999623,-1.754674,-2.209937,-1.759076,0.257882,0.182027,-0.176609,1.545395,1.160639,0.683939,0.369941,-1.076465,-0.175596,-0.266582,0.106262,1.154353,1.345668,0.829672
2023-07-28,5.343797,4.372691,1.965462,0.994180,4.315928,-0.083843,0.021573,1.336410,4.189982,-0.655310,1.006529,-0.047386,2.118669,-1.274387,0.119015,-0.377295,0.542705,3.415059,-2.420622
2023-08-04,0.068468,0.694871,1.401821,1.076045,-1.911564,0.089177,0.121510,0.377195,1.996074,-0.417262,-2.300261,-0.143697,-1.264820,2.553708,-0.070908,0.306569,0.392845,2.424411,0.070601
2023-08-11,-3.064668,-3.449498,-3.574665,-3.593654,-2.404747,0.070788,0.189562,-1.060239,0.787406,0.254956,-0.312679,0.721970,-2.153590,3.251472,-0.025191,-0.759818,0.800551,0.582209,0.829449
2023-08-18,-2.415887,-2.614824,-2.319004,-3.019580,-6.075102,0.363339,0.227142,-0.344504,-2.180463,-0.101026,-2.135975,0.906514,-0.200122,-0.654985,-0.379678,0.339367,0.523715,-2.203435,0.708184
2023-08-25,-0.891109,-1.997943,-3.461651,-3.969800,0.030807,0.049043,0.183409,-1.278390,-0.709810,0.744312,0.820478,-0.053577,0.006759,1.179619,-0.131263,-1.010664,0.674836,-0.843981,-0.353503
2023-09-01,1.870276,2.195607,2.993354,3.807713,2.342970,-0.181889,0.007739,1.050513,5.339840,0.859978,2.467430,-0.269729,-0.020166,2.710157,0.241695,-0.517108,0.153606,4.940357,-0.711832
2023-09-08,-0.486322,-1.367561,-0.736166,-0.077185,-0.983992,-0.301175,-0.288646,-1.169575,1.762652,0.942652,-1.298984,0.972259,-1.841781,0.409102,0.513883,0.540040,0.812118,1.749918,0.411812
2023-09-15,-0.198215,-0.838157,-0.069393,-0.384598,-0.105434,0.115315,0.131194,-0.333135,3.893145,0.615019,-0.160992,-0.710781,1.667568,0.755610,-0.037339,0.628574,0.218624,3.135710,0.127839
2023-09-22,1.421432,0.809810,-0.102530,-0.397809,-0.692270,-0.094459,0.073124,0.141842,-1.748878,0.161668,-2.970666,0.419686,-0.842333,-1.802196,0.177727,-0.855140,0.246565,-1.702599,-0.691751
2023-09-29,-1.735765,-1.330472,-0.141305,0.395868,-1.381728,0.000370,0.052004,0.411942,-0.346959,-2.361451,-0.743727,-0.090370,0.240675,0.252715,0.076126,0.040428,0.557259,-0.209882,1.072537
2023-10-20,-4.096429,-4.261058,-3.793652,-5.189106,-3.666607,-0.078110,0.011638,-2.715854,1.790245,4.672383,-2.423420,0.132765,-0.018419,0.200260,0.163551,-1.081501,-0.460503,1.492873,0.362523
2023-10-27,1.069631,1.464643,1.252377,2.435464,1.310955,0.186539,0.072959,1.432868,-3.646783,0.062916,-2.560582,0.050591,1.506359,1.157416,-0.039138,1.261714,0.376076,-2.996947,1.012856
2023-11-03,0.908030,0.608718,0.333201,0.950213,1.513819,0.230975,0.194867,-0.575260,-4.533452,0.255449,5.687658,-0.010939,1.087114,1.421767,-0.222639,-0.118957,-1.455741,-3.934041,-0.411310
2023-11-10,-0.945140,0.065629,1.132204,1.913400,-2.643639,0.079151,0.191385,0.534822,-4.306513,-1.440692,1.297103,-0.435722,-0.638697,-0.122073,-0.091306,-1.356153,0.796670,-3.545692,0.737744
2023-11-17,-0.657204,-0.514918,1.041071,1.801350,1.448066,0.101989,0.228490,-0.101169,-1.307853,0.440306,2.212587,-0.568740,3.795248,-2.107912,-0.094633,-0.913361,-1.945884,-1.021877,0.937084
2023-11-24,-0.299965,-0.846041,-1.089153,-1.361344,0.601088,-0.176037,0.087581,-1.045479,-0.485528,-1.605417,0.998973,-2.166654,0.940368,-0.811184,0.250872,-1.574851,-0.405365,-0.084698,-0.063569
2023-12-01,-1.645444,-1.570431,-0.063786,0.239175,-4.240967,0.087768,0.067780,-0.020459,-1.041219,2.098454,0.771036,-0.146884,1.734023,-1.393194,-0.062248,-0.276920,-0.125809,-0.431832,0.801645
2023-12-08,-3.036760,-2.424264,-1.245021,-2.091974,-2.990948,0.039363,0.045669,-0.212507,-4.725288,-0.121979,0.211767,1.032053,-1.919380,-1.086123,-0.001870,-0.087335,0.714018,-3.668508,0.647044
2023-12-15,-1.606463,-1.718181,-0.880623,-0.862324,2.764242,0.301827,0.198194,-0.565467,1.665066,0.054699,2.463128,-1.150845,0.906218,-0.702552,-0.352167,0.893500,-1.413655,1.612031,0.423732
2023-12-22,1.116715,-0.129485,-2.566629,-3.726259,-2.727272,0.211308,0.211761,-0.706168,2.541857,0.854455,0.748169,1.006665,0.126727,0.264199,-0.298818,-0.737725,-0.832324,2.122253,-1.367938
2023-12-29,2.422348,2.774330,2.188708,2.638895,4.235605,0.276360,0.330198,1.432977,-2.359992,0.449420,0.319183,-0.442250,0.810049,-0.058993,-0.211110,-0.168340,-0.364474,-2.888801,-0.653241
2024-01-05,-2.508886,-3.017852,-2.751674,-3.657334,-3.049787,0.140861,0.158091,-0.801587,2.359992,0.141067,-1.533553,0.042207,-1.134058,-2.509256,-0.121621,-1.268163,1.060186,1.512341,-0.150318
2024-01-12,-1.390736,-1.359226,-1.443439,-1.801174,-1.774005,0.031333,0.199653,-0.002580,-0.725148,-0.332240,1.826635,-0.097098,-1.011553,-2.266315,-0.035032,-1.603781,-0.009767,-0.031287,0.571768
2024-01-19,0.282676,-0.439156,-3.672826,-4.917731,-5.933868,0.116243,0.156324,-1.489132,0.318695,-0.087396,1.163398,0.167392,1.498185,-0.456891,-0.177789,-0.186825,0.865385,1.546673,-1.535783
2024-01-26,3.108427,1.939761,0.172415,-0.703830,4.117806,0.227519,0.182127,0.183112,5.473017,-0.341995,1.051522,-0.477594,1.604445,2.626398,-0.250300,0.025221,0.174115,4.602444,-2.393670
2024-02-02,-3.757991,-4.735488,-9.681293,-14.145142,-2.659579,0.321908,0.280934,-2.241168,-6.973334,1.266181,1.373474,0.104449,-0.705751,0.921412,-0.509257,-0.540454,0.433963,-5.811458,-2.692730
2024-02-09,5.395241,5.664295,12.101223,8.752361,1.362029,-0.019284,0.143355,1.359157,5.602369,-0.264365,1.362034,0.260644,-2.205322,1.301317,0.084909,-0.599159,0.153850,4.018560,0.515552
2024-03-01,-0.765764,1.367839,3.429288,3.317494,-0.818968,0.034771,0.186106,-0.217133,3.264602,1.005451,0.944283,-0.084833,1.378687,0.046183,-0.226274,-1.227180,-0.076999,3.612124,1.121838
2024-03-08,0.467837,0.200658,-0.549055,-0.586078,-1.433101,0.341709,0.120410,-0.459079,-1.667712,4.541828,-0.260997,0.070931,0.543532,0.696178,-0.329633,0.440777,-1.084234,-2.184509,-0.864750
2024-03-15,0.042404,0.705086,1.935520,3.391717,2.222350,-0.197037,-0.047713,0.567705,3.919259,0.370648,-0.128898,-0.001386,4.205603,0.492760,0.437660,-1.164476,0.669355,3.470663,1.543026
2024-03-22,-0.993508,-0.702491,-1.283934,0.721716,-1.333046,0.202580,0.142519,0.687801,-0.505141,0.846533,2.262434,0.083390,-2.316610,-0.064760,-0.151600,0.377730,0.962194,0.064910,-0.008804
2024-03-29,0.486415,-0.212298,-1.844444,-2.802085,0.253922,0.096394,0.096242,-0.491541,2.431625,3.606515,0.384610,0.392380,-0.127896,1.607172,-0.127203,-0.107720,0.114846,2.181887,-1.824330
2024-04-05,0.629464,0.853426,1.659095,1.090579,1.097249,0.104189,0.122364,0.763294,4.330168,1.905317,-0.956346,0.102349,5.051321,1.478013,-0.051660,-0.400991,-0.239406,3.369391,-0.151077
2024-04-12,-2.336471,-2.611411,-1.828397,-2.992134,-0.013341,0.385983,0.298925,0.337381,-0.784578,5.213317,-1.567260,0.027642,0.055268,-0.188882,-0.109568,0.107057,1.654500,-0.467162,0.643545
2024-04-19,2.353464,1.876022,0.710873,-1.403001,-3.020630,0.239225,0.250711,-0.191554,-3.121204,-0.386372,-3.095793,0.011057,4.027287,1.690818,-0.339740,-0.806555,0.103681,-2.882789,-1.727737
2024-04-26,1.278480,1.195844,1.071481,2.838100,8.430062,-0.163940,0.056288,0.466748,0.763928,-2.443838,2.637035,0.026248,0.774220,-1.182796,0.338633,-0.915447,-0.198028,0.768803,1.142740
2024-05-03,0.096953,0.559911,1.276598,1.493462,4.566733,-0.090491,-0.063573,0.472178,-6.160477,-0.920230,0.544209,-0.002760,-0.198571,0.762318,0.082085,0.017802,-0.862691,-5.043310,-0.082328
2024-05-17,0.619783,0.318426,-0.788974,-0.197550,3.063430,0.062594,0.118439,-0.022364,1.463207,0.614425,1.531290,-0.023552,5.381642,2.018639,-0.033752,0.020725,-0.819990,0.929340,0.100589
2024-05-24,-1.990465,-2.101749,-3.303090,-3.906249,-4.951771,0.183074,0.134062,-0.346034,-2.593162,-1.854718,0.027342,0.338900,-2.801238,-1.072286,-0.171041,-0.506894,0.258167,-2.017291,-0.301218
2024-05-31,-0.495969,-0.600163,-0.092544,0.095336,-2.885744,0.128090,0.155062,0.064817,-0.735838,0.428312,-0.514268,-0.110534,-2.917862,-1.277580,-0.057001,-0.412499,-0.047761,0.731996,0.102891
2024-06-07,-0.200267,-0.162454,-1.893279,-3.837694,1.576818,0.212343,0.170826,-1.052219,-2.202814,0.972165,1.307948,0.146434,-3.018418,1.578699,-0.203706,0.063648,0.209965,-0.963067,-1.317445
2024-06-14,-1.259209,-0.915763,0.078929,0.523775,-2.342089,0.060456,0.110077,0.103206,3.850902,-2.488470,1.569994,0.103475,-0.816829,-2.202579,-0.193847,-0.452249,0.627263,2.915331,0.544505
2024-06-21,-1.141954,-1.304893,-2.147624,-2.448700,0.482293,0.135616,0.089985,-2.226017,1.930631,2.032157,0.606084,0.103374,-1.555480,-0.712290,-0.134368,0.407954,0.236575,2.248308,-0.657757
2024-06-28,-0.170302,-0.976338,-3.176877,-3.202784,-1.733951,0.354785,0.117980,0.461989,0.745433,-1.479429,-0.075791,0.111522,0.351751,-0.176490,-0.388243,1.269593,0.066140,2.194480,-1.208969
2024-07-05,-0.371104,-0.887783,-1.560163,-1.755375,0.456105,-0.023425,0.083847,-0.446555,2.353324,1.465135,1.935373,-0.019266,3.738981,-4.478514,0.278867,-0.458250,-0.939514,3.512191,-0.539470
2024-07-12,1.109246,1.197674,1.085255,1.387726,2.736270,0.064569,0.090554,-0.193097,-1.906369,1.574221,0.861351,-0.151511,-0.277535,3.874514,-0.087211,-0.408370,-0.756094,-0.702825,-0.056542
2024-07-19,1.814315,1.900244,-0.966385,-1.167029,-4.905341,0.112771,0.110907,-1.242123,-3.086702,-0.458361,-1.984717,0.056503,-4.438168,2.330514,-0.046126,-0.169910,0.297382,-4.064688,-1.314011
2024-07-26,-4.218072,-3.734378,-2.824291,-2.506415,-2.301964,0.389766,0.210299,-1.554129,-3.560586,-1.524083,-0.837281,-0.397544,-1.668722,1.322470,-0.484832,0.713764,-0.076659,-2.350127,1.408063
2024-08-02,-0.493762,-0.733066,1.096894,2.266904,-0.446325,0.384260,0.187812,0.628767,-2.759410,2.945185,-2.083058,0.175502,-0.268422,0.886931,-0.498569,0.174144,-1.069736,-2.062059,1.175135
2024-08-09,-1.103598,-1.571350,-1.436696,-2.252763,0.850405,-0.213373,-0.015679,-0.713609,2.420192,-2.351308,-0.044897,-0.958636,-2.128600,0.293558,0.279342,-0.765070,-0.067846,2.216161,0.253577
2024-08-16,1.160458,0.419544,-1.063425,-1.006463,1.969508,-0.045671,-0.009723,-2.348250,0.150905,1.247756,3.855900,-0.004181,2.357736,1.110205,0.125849,-0.267410,-0.661481,1.514460,-1.467908
2024-08-23,0.439578,-0.552781,-2.895505,-3.503956,1.038413,0.161082,-0.071979,-1.007063,-1.851670,0.848890,1.436451,-0.405088,2.033995,-0.820392,-0.244307,1.610174,-1.712807,-2.688042,-0.979176
2024-08-30,-0.859768,-0.173239,2.223822,2.936779,2.117819,-0.011090,-0.086535,1.826485,-1.405115,0.258146,0.244439,-0.686807,-0.688507,-3.324292,0.120794,1.501851,0.968287,-1.031299,3.043916
2024-09-06,-3.116384,-2.749725,-2.215734,-2.650582,-3.075135,0.472700,0.159797,-0.048491,-7.421783,-0.066217,-4.341532,-0.059210,-2.529380,-1.705720,-0.477032,1.004068,-0.512616,-6.503073,1.202711
2024-09-13,-2.584443,-2.256506,-1.924648,-2.130707,-0.432082,0.358168,0.028628,-1.758795,-0.055944,1.710980,3.944528,0.356141,2.838979,2.308846,-0.535921,1.728168,-0.069207,0.421465,0.490088
2024-09-20,1.236536,1.314517,1.059998,1.130385,4.994237,0.031110,0.046028,-0.117994,3.329514,1.199129,1.351114,-0.699404,2.463159,-3.485572,-0.235552,0.317694,-0.386464,2.645968,-0.619273
2024-09-27,14.086693,14.584939,14.525940,14.045948,12.222330,-0.457573,-0.088186,5.090471,-2.646346,1.478969,0.622692,-0.824104,4.419031,0.791487,1.078407,0.565108,-0.298303,-1.933152,-2.647750
2024-10-04,6.923609,8.141991,9.904055,10.565297,9.713002,-0.134687,-0.286688,2.458887,8.110028,-0.451453,0.224556,0.513736,-0.573356,-2.978263,0.182791,2.384168,2.069650,6.551779,-0.900547
2024-10-18,0.056841,0.974535,3.046038,5.960393,-2.129946,0.209912,0.474897,2.861823,-7.438127,3.564877,0.850029,0.604097,-2.197232,-2.351387,-0.073336,-4.006200,0.581452,-6.505295,1.456760
2024-10-25,0.052672,0.791386,2.963926,3.846745,-1.033781,-0.245545,-0.142543,1.490798,3.068468,0.910135,-0.968924,-0.060388,-2.192332,-1.129947,0.387778,0.465226,0.741283,2.216503,1.729208
2024-11-01,-1.191798,-1.692553,0.380260,-0.750553,-0.407431,0.228239,-0.002030,-0.543881,-3.397011,0.797173,-1.375091,-0.002807,-2.285393,-0.573465,-0.225746,2.010266,0.019178,-3.175751,2.204469
2024-11-08,4.209684,5.355926,6.483344,7.984096,1.075607,0.261162,0.147220,2.135861,1.307742,-2.287282,4.550982,0.318378,0.115659,-1.167245,-0.281040,0.460268,0.688077,2.255458,-0.019428
2024-11-15,-3.461341,-3.350197,-4.906949,-4.744178,-6.486468,0.222783,0.160837,-0.914399,-3.933440,-3.670228,-2.105560,1.224753,-4.206314,-0.549016,-0.084189,-0.600092,1.596711,-2.456179,0.287681
2024-11-22,-2.651203,-2.632907,-2.985079,-1.563457,-1.015993,0.094122,0.103795,-0.096872,4.956743,5.664889,1.667607,0.062227,-0.553906,-1.973722,-0.040172,-0.846667,0.747034,3.743578,0.811197
2024-11-29,0.895402,1.307707,1.753042,2.596627,1.001934,0.217995,0.203974,1.492289,-3.517266,-1.456695,1.050526,0.127103,-0.675769,-0.206639,-0.367919,-0.368946,-1.641457,-2.882285,0.266834
2024-12-06,1.530051,1.433738,2.151322,2.560092,2.251289,0.368123,0.289012,1.020603,-1.425401,-0.463256,0.955081,0.224798,-0.614348,1.328534,-0.402057,-0.444577,0.217282,-0.936894,-0.383517
2024-12-13,-1.033336,-1.010845,0.151995,0.084489,0.529106,0.793110,0.222673,1.760774,4.539982,1.556163,-0.645402,0.115648,0.879150,-3.762059,-1.120954,2.657245,0.967279,4.155880,0.580658
2024-12-20,0.394743,-0.138330,-1.194709,-1.318412,-1.262434,0.336790,0.059326,-0.803275,-2.547301,-1.881399,-2.007084,0.381791,-1.296358,2.035932,-0.370574,1.726096,0.577770,-0.951580,-0.531137
2024-12-27,1.990360,1.347562,-0.304798,-1.610345,1.857623,-0.027194,0.041209,0.153503,1.424682,1.017705,0.672004,0.026037,-0.520249,-2.025025,0.013620,0.461674,0.352470,1.222944,-1.725350
2025-01-03,-4.333239,-5.309674,-8.327652,-9.269435,-1.657177,0.430846,0.224405,-1.713824,4.195302,1.440670,-0.476269,0.017818,-1.754854,5.290550,-0.641716,-0.546225,0.875781,3.018939,-0.305229
2025-01-10,-1.044502,-1.137093,-1.084062,-1.437663,-3.585646,-0.257820,0.019715,0.447602,3.988769,1.210030,-1.961575,0.457938,1.971363,-0.008758,0.363948,-2.254842,0.640446,3.410724,0.436045
2025-01-17,0.864759,2.117080,3.980108,5.211847,2.689912,-0.036886,-0.095836,1.299769,1.195978,0.594886,2.869351,-0.015005,2.035093,-0.554327,0.042643,1.232413,-0.273976,2.575885,0.753876
2025-01-24,-0.131355,0.536834,1.115160,1.639433,2.432024,-0.129838,-0.025618,1.055765,-4.198366,1.274851,1.728939,-0.612976,1.524591,-0.351438,0.058824,0.280397,-1.762116,-2.937908,0.752890
2025-01-31,0.176495,-0.412657,-1.078495,-1.562480,0.788869,0.215496,0.075446,-0.408590,-1.457031,-0.209805,-1.000035,-1.455742,-1.158699,0.367202,-0.216322,0.394631,0.861875,-1.124613,-0.597528
2025-02-14,2.002973,1.182539,1.931992,1.853901,6.798775,-0.337912,-0.006605,0.254962,-0.120571,2.724162,1.460242,0.013720,0.390837,-0.323444,0.339334,-1.737781,-1.369949,-1.307021,-0.669299
2025-02-21,0.800439,0.996162,1.820463,3.156539,3.721135,-0.486814,-0.168501,1.315885,-1.078178,-0.576908,-1.673885,-0.457911,0.748604,1.005374,0.807107,-0.619960,0.037528,0.732332,0.807937
2025-02-28,-1.626813,-2.246903,-3.309777,-2.811726,-2.312075,-0.071597,-0.174104,-0.893938,-0.980400,-1.614269,-0.979816,0.409881,-1.246182,0.028767,0.199581,0.314545,0.933626,-1.165488,0.499791
2025-03-07,1.618499,1.377723,2.592508,3.715290,5.470549,-0.235268,-0.032573,1.381531,-3.721943,1.145637,-3.144046,-0.477438,1.560404,-1.677249,0.472038,0.391677,-3.566237,-2.121350,0.770646
2025-03-14,2.157419,1.573328,1.423299,0.969597,-1.126021,-0.054616,0.010272,0.144441,0.241152,2.244024,-2.301068,-0.186361,0.887981,-0.145374,0.398417,0.375395,-0.115625,0.217006,-0.731460
2025-03-21,-2.405974,-2.319459,-2.121550,-2.551773,-1.134370,-0.036117,0.172836,-1.384169,1.392917,1.461919,0.506261,0.146362,0.876751,0.039039,0.160090,-0.877831,0.356090,1.002511,0.369249
2025-03-28,0.163657,0.012005,-0.940437,-2.166579,-1.116911,0.237236,0.193171,-0.197649,1.166842,2.215847,-1.540149,0.215006,-1.096581,-1.319933,-0.303659,-1.060983,-0.048042,0.611727,-0.030710
2025-04-04,-0.654739,-1.380124,-1.199280,-1.043406,-2.492928,0.478858,0.176153,-0.331064,-9.344753,2.221949,-9.521197,0.057808,-8.854133,-1.423421,-0.761991,0.840713,-0.985234,-5.709083,0.105528
2025-04-11,-1.615991,-2.916279,-4.624804,-5.655156,-8.849111,0.418499,0.146544,-1.719470,-2.083728,2.440743,5.544538,0.637799,4.821006,-2.056666,-0.454349,0.671996,-3.195536,-0.755960,-0.107718
2025-04-18,1.442491,0.585031,-0.369717,-0.521659,2.271201,-0.029631,0.017922,-0.583773,4.879754,4.356378,-1.515325,-0.028716,-0.002788,0.975314,0.119293,-0.398028,-0.401689,3.796177,-1.163530
2025-04-25,-0.332690,0.382856,1.188065,1.831897,2.700278,-0.108642,-0.032229,0.892151,-2.993339,-0.484091,4.488388,-0.354851,1.142143,2.459457,0.080316,0.123486,0.090524,-1.344913,0.672004
2025-05-02,-0.592584,-0.434612,0.082512,0.178559,2.355676,0.166591,0.064489,-0.068710,-7.326687,-0.614179,2.880358,-0.211587,-0.078056,1.571037,-0.291808,0.741449,0.531408,-4.792930,1.186979
2025-05-16,1.209347,1.109944,-0.102714,-0.229873,2.065774,-0.329437,0.083962,0.317646,2.229194,-4.756061,5.139059,-0.259154,-0.469829,-6.819310,0.441609,-1.887676,0.744679,1.179046,-0.718781
2025-05-23,-0.177212,-0.175285,-1.104868,-1.301119,1.091526,0.119103,0.131456,-0.114330,-1.449524,3.695179,-2.645464,-0.038861,0.745489,-0.343282,0.004791,-0.491401,-1.978082,-0.696822,-0.277033
2025-05-30,-1.230169,-1.088828,0.318400,0.613921,-1.328598,-0.004932,0.035366,0.226200,-2.803775,-1.069667,1.858776,0.000000,-0.328751,1.251767,0.063000,-0.397139,0.221731,-2.389026,0.574912
2025-06-06,0.378348,0.875065,1.592001,2.073821,2.135792,0.181583,0.055936,1.068092,6.178914,1.471371,1.488771,-0.399200,0.784182,-1.634870,-0.186903,0.493762,-0.141043,4.018745,0.152722
2025-06-13,-0.462866,-0.253342,-0.379715,-0.764137,0.419503,0.084231,0.097642,-0.018438,11.893370,1.409760,-0.390566,0.247774,0.015057,-1.065797,-0.137560,-0.394913,-1.023470,9.616241,-1.120731
2025-06-20,-0.101455,-0.454894,-1.770331,-1.758190,-1.527055,0.149135,0.108079,-0.173024,1.034629,-2.006501,-0.152876,-0.066753,0.238534,0.121182,-0.249281,0.099976,0.538372,1.010627,-0.869141
2025-06-27,1.258080,1.933894,3.898786,4.519082,3.152727,-0.016806,0.013234,2.061316,-13.319212,-1.284903,3.381123,-0.285608,1.913102,-0.651282,0.127291,0.437651,-1.336002,-6.279627,0.548370
2025-07-04,1.206877,1.529516,0.810303,0.560167,-1.527363,0.130952,0.148605,1.202843,3.204547,1.089485,1.707023,-0.036284,1.034763,0.826645,-0.134176,-0.439816,-0.226129,0.667573,-0.821680
2025-07-11,0.594084,0.815409,1.937387,2.331579,0.930216,-0.157876,0.007171,0.754754,3.076723,-0.451433,-0.312624,0.138080,-2.126561,1.647620,0.214905,-0.635471,0.687075,5.363303,0.434549
2025-07-18,0.280478,1.083624,1.196235,1.398206,2.802539,0.067272,0.080856,0.665409,-2.002069,0.446285,0.589974,0.117007,1.545535,2.339747,-0.028131,0.070310,0.641784,3.659672,0.159664
2025-07-25,1.115006,1.676473,3.225988,2.331197,2.241261,-0.319235,-0.152827,2.116862,-2.397425,0.038602,1.448145,-0.414319,-0.595875,-2.375841,0.603911,-0.204734,-0.846384,-4.800659,0.452434
2025-08-01,-1.491403,-1.765707,-1.380849,-0.540299,-3.529852,0.160782,0.086553,-1.377085,2.786671,-0.852696,-2.386025,0.650706,-1.709256,-1.913737,-0.189048,0.652488,1.059398,2.563465,1.476894
2025-08-08,1.264389,1.226453,1.759663,2.482368,1.422066,0.160042,0.097585,2.279018,-5.015801,2.191911,2.398704,-0.267013,0.145617,0.929072,-0.090701,-0.098931,-0.518112,-5.226758,0.032782
2025-08-15,1.554696,2.344690,3.802330,4.004238,1.640815,-0.131069,-0.049344,1.586426,-0.075672,-1.534950,0.940087,-0.020892,0.111114,-0.781109,0.521741,-0.044401,-0.336685,-1.073372,0.727395
2025-08-22,3.323682,4.094694,3.798068,3.390263,0.272950,-0.205886,-0.108272,2.794875,1.815368,-0.309838,0.264934,0.005572,-0.102722,-0.974306,0.376867,0.398369,-0.132942,2.422172,-0.933549
2025-08-29,1.620977,2.676537,3.189112,1.023370,-1.037442,0.046889,0.056366,-2.614081,0.207931,1.796540,-0.102890,-0.375365,1.135309,-0.714246,-0.052402,0.213528,0.051149,0.992796,-0.689594
2025-09-05,-1.157600,-0.813528,-1.862641,-2.628938,1.348102,0.150610,0.071993,0.605168,-2.783181,3.751359,0.328244,-0.162302,-0.834466,-0.019486,-0.061803,0.477540,0.000000,-2.275492,-0.309117
2025-09-12,0.890721,1.373230,3.325594,2.416403,3.745863,-0.077303,-0.051452,0.424983,2.008676,2.319022,1.573455,-0.322582,1.344609,-0.753587,0.458532,-0.583336,-0.225265,1.960911,0.190789
2025-09-19,-2.000514,-0.444996,0.315685,0.205974,0.592982,0.095040,0.023596,-1.556623,-1.339675,-0.736541,1.208739,-0.077299,-0.898794,-0.860458,0.056000,1.020430,0.092214,-1.806234,0.936590
2025-09-26,1.069068,1.063403,0.979270,-0.547327,-1.583010,-0.138275,-0.108401,0.933113,4.184587,3.024030,-0.310484,0.293405,1.492311,0.315330,0.278545,0.650886,0.520970,2.847379,-0.457675
2025-10-03,1.616270,1.972592,2.340293,2.369433,3.802747,0.111137,0.021359,1.544336,-6.670140,2.119747,1.079241,-0.207680,3.980514,0.224367,0.003245,0.603639,-0.439068,-3.992053,0.007428
2025-10-17,-0.238245,-2.247345,-5.303731,-4.734017,-4.048943,0.096520,0.117826,-2.375508,-1.150835,10.342866,1.687322,-0.063154,-2.096643,-2.191332,-0.318041,-0.450912,-0.557220,-0.314571,-1.185613
2025-10-24,2.595633,3.192648,3.397522,3.201391,3.552588,-0.055996,0.135320,1.461164,5.610725,-6.369871,1.897843,0.037896,2.344111,1.280070,0.173246,-0.931907,0.526900,2.238016,-0.662961
2025-10-31,-1.131229,-0.430390,0.993446,1.171667,-0.973757,0.407895,0.191073,0.782467,-0.478950,-1.739810,0.711720,-0.223387,-0.651046,0.546854,-0.495348,0.531272,0.855357,0.570628,1.945676
2025-11-07,0.885673,0.818206,-0.042186,0.467860,1.285501,-0.078818,0.070607,0.854109,-1.356534,-0.071615,-1.642021,0.123697,-1.217624,1.160720,0.151230,-0.922593,-0.200606,-1.300674,-0.603244
2025-11-14,0.002633,-1.088532,-1.269627,-0.520067,1.252068,0.016833,0.043654,0.524036,0.828583,3.714113,0.078884,-0.092757,1.040409,-2.422090,-0.010689,0.610924,-0.331877,0.413021,-0.101048
2025-11-21,-2.755201,-3.844051,-5.951458,-5.973502,-5.223726,0.055371,0.040032,-1.799669,-3.775829,-3.099459,-1.966302,-0.063292,-0.732117,-3.038860,0.091700,0.373810,0.912519,-1.736898,-0.601873
2025-11-28,0.464538,1.627025,3.092767,3.701417,2.501629,-0.111876,-0.043076,-0.271624,0.740983,2.869097,3.659316,-0.447007,3.096131,2.179405,0.286877,0.340968,-0.721303,2.384702,0.954759
2025-12-05,1.084874,1.270432,0.938306,0.112859,0.870909,0.003215,-0.030917,0.076793,2.394469,0.743622,0.310654,-0.062200,3.126982,-0.893841,0.439849,0.232282,-0.473673,3.700955,-0.244697
2025-12-12,-0.245604,-0.078272,1.008613,0.386722,-0.416002,0.128884,0.051176,0.201043,-4.240975,0.996022,-0.627690,-0.191095,-1.205596,-0.384067,-0.061770,1.007765,-0.597799,-1.797190,0.689379
2025-12-19,0.323222,-0.279196,-0.003347,-0.559646,-1.108108,0.056574,0.055471,0.477150,-1.797987,0.947427,0.103790,-0.246834,2.529207,0.424777,-0.039506,0.465371,0.203043,-0.156257,-0.738832
2025-12-26,1.357566,1.930856,3.955674,3.692657,0.498554,0.093629,0.076712,1.629010,0.315746,3.647333,1.386783,-0.177706,1.741920,0.184519,-0.062713,0.127488,-0.589974,1.597016,0.417046
2026-01-02,-0.469940,-0.587909,0.090255,-0.134795,1.992270,-0.143735,0.017070,-0.274070,0.875532,-3.886419,-1.036673,-0.454931,2.308451,-0.623908,0.312564,-0.472775,0.407251,0.468138,-0.072267
2026-01-09,3.347967,2.747726,7.619999,6.793277,-0.405857,-0.038291,0.052352,4.353918,3.570365,2.915470,1.559692,-0.180262,3.416774,0.786900,0.253903,-0.195091,0.718808,5.731977,1.281780
2026-01-16,-1.756119,-0.570006,2.160857,1.265712,2.310606,0.223021,0.074205,1.068639,1.621444,2.842531,-0.377815,-0.250904,-0.067602,-1.953008,-0.178172,0.489412,0.261941,3.786224,1.240924
2026-01-23,-1.556653,-0.622746,4.250719,2.850079,-0.356198,0.114859,0.096807,2.879330,2.132013,7.454383,-0.352203,0.094700,1.318725,1.823681,-0.294750,-0.184329,-1.817402,-1.348841,1.790923
2026-01-30,1.124942,0.081689,-2.590205,-2.581623,2.355635,0.070294,0.066187,-2.642758,6.523569,4.021516,0.338081,-0.353434,-0.442371,-0.071427,0.013325,-0.118981,-0.626962,2.751144,-1.274965
2026-02-06,-0.938222,-1.342147,-2.713830,-2.493452,-3.066802,0.097384,0.052599,0.048016,-2.788042,-6.335561,-0.097034,-0.146913,-0.749181,-0.967967,-0.136895,0.536040,0.657694,-0.625739,-0.304872
2026-02-13,-0.115740,0.361350,1.862781,1.885528,0.026984,0.167159,0.099106,1.079048,-0.339258,1.816232,-1.396400,-0.544877,-0.333906,1.612069,-0.099688,-0.001515,-0.771172,-0.429242,0.884194
2026-03-06,-1.549367,-1.071562,-3.503722,-3.712402,-3.334106,0.130794,0.094649,-2.093350,24.338562,-0.620442,-2.039294,0.816722,-2.268909,-2.287150,-0.166154,0.707253,1.403886,13.828008,-1.686010
2026-03-13,-1.205316,0.186525,-1.452267,-0.419896,-1.138913,-0.047434,0.027333,-1.104616,10.672050,-0.430448,-1.612784,-0.408256,-0.534186,0.082613,0.389262,0.290056,1.374491,7.892192,-0.688432
2026-03-20,-2.499244,-2.211443,-5.998873,-5.387793,-0.742097,0.092325,0.075880,-3.206139,0.461229,-8.626415,-1.913646,0.448845,-5.651630,0.110596,0.063858,0.349720,-0.709967,1.183901,-1.247828
2026-03-27,-1.627605,-1.421213,-0.289373,-0.478077,-1.295834,0.028712,0.073364,1.274776,2.162246,-4.250204,-2.137967,0.157851,1.945057,0.865810,-0.095152,-0.343850,0.500502,1.663996,0.789084
2026-04-03,-0.236737,-1.381628,-2.654277,-2.744584,0.657695,0.049657,0.105487,-1.589916,2.455760,3.380809,3.302453,-0.371127,1.723538,4.464110,-0.027247,0.148383,-0.119895,1.435292,-0.204425
2026-04-10,2.407826,4.314194,5.605421,5.944937,3.046732,-0.007554,0.084278,2.769448,-14.749038,1.475985,3.495991,-0.783002,3.034616,5.180949,-0.232348,-0.690128,-1.389188,-7.709902,0.557019
2026-04-17,0.388714,1.967040,3.025882,3.793050,1.025066,0.208873,0.049551,2.141854,-1.938896,0.538439,4.435512,-0.150883,2.896687,3.537110,-0.245946,0.975698,-0.559090,0.434542,0.170930
2026-04-24,1.167038,0.856961,0.409208,-0.039671,-0.699142,0.127833,0.067085,-0.341808,7.629980,-2.099649,0.546074,0.071810,0.400787,-0.869587,-0.067259,0.366760,0.417074,8.788967,0.375441
2026-05-01,1.364549,0.792304,1.224690,0.932592,-0.778837,0.009659,0.033367,0.398016,8.966370,-1.562349,0.903641,0.019041,-1.431030,6.567252,0.100945,0.097879,-0.305005,2.671608,-0.295008
2026-05-15,-1.542744,-0.253178,-1.831999,-0.671463,-1.646371,0.108590,0.076603,-2.880726,8.642933,-3.313727,0.129257,-0.239947,-0.414598,-2.110965,-0.033342,0.638565,1.450992,4.562960,0.257206
2026-05-29,-0.083633,0.965889,-2.567141,-3.320852,-1.668293,0.154687,0.107266,-1.188774,-10.068440,-0.640757,1.416168,-0.338680,-0.147845,-3.153493,-0.266272,0.810442,-0.413657,-4.037248,-1.143351
2026-06-05,-1.908318,-1.549123,-1.305430,-0.809249,-0.879227,0.040556,0.090810,-0.278496,1.891978,-1.566686,-2.624081,-0.088542,-0.661172,-2.160339,-0.019334,-0.532276,1.165956,-0.409129,0.506044
2026-06-12,0.866202,-0.825479,-1.772192,-1.670324,-0.981694,-0.185748,-0.084149,0.266577,-6.819304,-6.620860,0.644202,0.029520,1.068161,3.297621,0.237651,0.048182,-0.320288,-5.463965,-0.389172
2026-06-19,1.304244,3.380903,6.759556,6.697812,-3.261973,0.121087,0.063985,0.850665,-8.240944,2.848407,0.925803,-0.101887,0.637806,1.493769,-0.169467,0.758652,1.096719,-12.365923,-0.247216
2026-06-26,-0.747267,-1.496039,0.350758,-1.952765,-5.379157,0.079889,0.051899,-2.078018,-8.298970,-6.004241,-1.973326,0.315667,-1.485775,-3.993410,-0.038912,0.356953,0.504429,-2.115256,0.446346
2026-07-03,0.833819,-0.536478,0.477924,0.225070,2.947385,-0.007684,0.016926,1.934111,-2.159198,3.131699,1.741878,-0.020621,0.476522,0.543985,0.151036,0.331076,-0.494512,-0.270276,0.293685
2026-07-10,0.823406,-1.275862,-2.797872,-5.024882,3.472565,0.097871,0.056229,-1.262598,4.512248,-1.487863,1.223897,0.051544,1.016858,1.293332,-0.158200,0.056078,0.109003,3.475575,-2.109804
2026-07-17,-4.422120,-5.408304,-12.379683,-13.430167,1.588634,0.049818,0.040352,-1.544176,16.026390,-2.446322,-1.565915,-0.288986,0.204188,-3.540338,0.003852,-0.098992,-0.218125,8.692922,-2.911472
2026-07-24,4.450064,2.617130,0.251727,-2.433144,1.619364,0.043347,0.038803,0.386769,4.990549,0.859077,-0.614810,0.000000,1.180879,-4.101968,-0.218780,0.033385,0.712100,1.288659,-2.756532
2026-07-31,-1.135485,-1.320630,-0.515298,1.134443,3.623769,0.063551,0.028415,0.983446,-1.968632,0.507873,1.043383,-0.258731,1.071296,-1.607592,-0.152315,0.372450,-1.659499,-1.475792,0.061134
