week,增长因子,通胀因子,利率因子,信用因子,汇率因子,地缘因子
2021-01-01,14.797590,-15.656496,-118.096300,1.019434,89.940002,83.971399
2021-01-08,21.141139,-13.383757,-118.147200,1.009329,90.099998,90.275025
2021-01-15,25.681050,-11.389768,-118.143600,1.006722,90.779999,87.955918
2021-01-22,27.765641,-9.629601,-118.320900,1.015325,90.239998,87.940687
2021-01-29,24.930502,-10.319150,-117.904600,1.008252,90.580002,87.650479
2021-02-05,25.593114,-10.412727,-117.679300,1.001140,91.040001,94.313763
2021-02-12,28.843885,-9.218495,-117.659700,1.006555,90.480003,97.084088
2021-02-19,32.692032,,-117.567100,1.003156,90.360001,95.590654
2021-02-26,35.889290,,-117.433800,1.008982,90.930000,96.703138
2021-03-05,43.491531,-13.148671,-117.675400,1.008495,91.980003,104.734536
2021-03-12,49.205697,-13.347482,-117.672300,1.007586,91.680000,104.039240
2021-03-19,47.623890,-12.378111,-117.836700,1.010551,91.919998,99.497891
2021-03-26,43.864479,-11.059010,-118.043700,1.015363,92.769997,99.060902
2021-04-02,39.912861,3.667796,-118.066100,1.018389,92.930000,100.292620
2021-04-09,40.527324,2.087250,-118.011600,1.019865,92.160004,96.504528
2021-04-16,41.416872,3.055486,-118.453800,1.027308,91.559998,101.364624
2021-04-23,45.261756,3.137513,-118.576500,1.028248,90.860001,99.571073
2021-04-30,45.828596,25.316366,-118.553100,1.024934,91.279999,101.196591
2021-05-07,49.445068,26.279580,-118.638500,1.023018,90.230003,103.074452
2021-05-14,47.956424,24.796886,-118.784300,1.019576,90.320000,103.792809
2021-05-21,42.960114,31.311534,-119.141100,1.026959,90.019997,100.231436
2021-05-28,42.696374,26.857886,-119.042700,1.019547,90.029999,101.504760
2021-06-04,39.171090,29.455363,-118.866900,1.017028,90.139999,104.665470
2021-06-11,37.412487,38.715005,-118.532600,1.009029,90.559998,106.484688
2021-06-18,29.480215,43.363886,-118.423800,1.008041,92.230003,107.454001
2021-06-25,30.158561,33.338404,-118.745300,1.019269,91.809998,109.567267
2021-07-02,24.635812,30.656648,-118.725600,1.021351,92.230003,111.132334
2021-07-09,27.238036,28.287125,-119.353900,1.030212,92.129997,110.360292
2021-07-16,27.792003,29.641195,-119.798700,1.029835,92.690002,108.032658
2021-07-23,30.129928,29.850730,-120.125600,1.038097,92.910004,109.257507
2021-07-30,32.789402,24.581777,-120.540100,1.041908,92.169998,110.539453
2021-08-06,29.650003,30.288583,-120.798800,1.039116,92.800003,105.323102
2021-08-13,28.966841,24.055608,-120.306800,1.027728,92.519997,106.112982
2021-08-20,23.688971,15.684935,-120.571200,1.032091,93.500000,99.290238
2021-08-27,27.031269,16.348916,-120.422600,1.031378,92.690002,108.721391
2021-09-03,27.727944,,-120.669300,1.035955,92.040001,108.825890
2021-09-10,29.870422,14.002471,-120.431200,1.031848,92.580002,108.823229
2021-09-17,27.269450,13.359167,-120.345100,1.026461,93.199997,111.116779
2021-09-24,29.402621,7.210733,-120.466300,1.029442,93.330002,113.028672
2021-10-01,24.446758,6.499309,-120.444800,1.034839,94.040001,116.473620
2021-10-08,26.052731,,-120.271300,1.027250,94.070000,120.942529
2021-10-15,32.550745,,-119.709400,1.019917,93.940002,124.007956
2021-10-22,28.789193,10.179215,-119.609500,1.014799,93.610001,123.375987
2021-10-29,25.198641,15.598704,-119.767000,1.013243,94.120003,121.974422
2021-11-05,23.010409,20.647149,-120.416700,1.025299,94.320000,119.227330
2021-11-12,24.182843,23.818769,-120.204300,1.021403,95.129997,119.714485
2021-11-19,19.138063,28.816538,-120.305400,1.022912,96.070000,115.565821
2021-11-26,17.098473,33.108680,-120.711600,1.032694,96.089996,106.891953
2021-12-03,16.436252,31.268145,-120.387800,1.025258,96.120003,104.884568
2021-12-10,14.982346,27.076469,-120.572400,1.031030,96.050003,110.847661
2021-12-17,16.475227,28.707996,-120.581600,1.042167,96.570000,107.052055
2021-12-24,15.076489,26.874277,-120.748600,1.047482,96.019997,110.226612
2021-12-31,16.490606,24.087682,-121.116600,1.058259,95.669998,113.123690
2022-01-07,15.057532,25.940522,-120.884100,1.045599,95.739998,118.674393
2022-01-14,14.968268,20.259509,-121.166600,1.047563,95.169998,124.686641
2022-01-21,18.307652,11.554042,-121.869000,1.063157,95.639999,126.787068
2022-01-28,11.962311,11.878741,-121.902000,1.058654,97.269997,128.259786
2022-02-04,12.621804,,-121.975800,1.061660,95.480003,133.660512
2022-02-11,4.095009,,-121.353700,1.041233,96.080002,137.663988
2022-02-18,4.626033,6.422680,-121.318800,1.044410,96.040001,134.451038
2022-02-25,9.118678,2.117179,-121.152200,1.033063,96.620003,135.512384
2022-03-04,13.619697,5.142238,-120.859000,1.022444,98.650002,165.655326
2022-03-11,10.607243,3.638137,-121.005800,1.045338,99.120003,158.050633
2022-03-18,15.001702,7.919238,-120.951700,1.048577,98.230003,147.362191
2022-03-25,12.606192,8.097589,-120.876400,1.047708,98.809998,164.259991
2022-04-01,11.465548,7.520686,-121.057600,1.052136,98.629997,148.385136
2022-04-08,10.196460,17.920239,-121.318100,1.053309,99.800003,145.650340
2022-04-15,6.465872,9.762843,-121.330700,1.049545,100.320000,156.670159
2022-04-22,2.728991,13.411336,-121.160100,1.040087,101.220001,150.198762
2022-04-29,-4.327660,11.652584,-121.136100,1.032925,102.959999,150.406209
2022-05-06,-7.860249,8.739311,-121.144900,1.029658,103.660004,159.926945
2022-05-13,-5.180760,6.799766,-121.299700,1.029218,104.559998,158.567291
2022-05-20,-4.974480,13.544822,-121.406900,1.025401,103.150002,161.108595
2022-05-27,-1.429699,10.599690,-121.898700,1.029092,101.669998,164.443355
2022-06-03,-1.024828,15.087196,-121.504400,1.016190,102.139999,174.182657
2022-06-10,5.460164,14.335039,-121.496500,1.016890,104.150002,173.332918
2022-06-17,-0.571178,21.088274,-121.460100,1.012720,104.699997,163.105911
2022-06-24,-7.021932,21.124080,-121.317600,1.004900,104.190002,156.936922
2022-07-01,-9.623341,23.332718,-121.165400,1.003155,105.139999,160.251016
2022-07-08,-10.435216,22.908395,-120.964800,0.993821,107.010002,155.249834
2022-07-15,-21.734085,29.198552,-121.404400,0.999326,108.059998,147.200054
2022-07-22,-18.093792,24.811134,-121.558600,0.996245,106.730003,144.132072
2022-07-29,-11.600750,25.790687,-121.819800,0.997376,105.900002,151.471852
2022-08-05,-11.500971,21.184204,-122.108800,1.004577,106.620003,138.948000
2022-08-12,-7.582299,15.922991,-122.003300,0.990390,105.629997,143.006018
2022-08-19,-10.362372,13.281809,-122.983200,1.006558,108.169998,139.949697
2022-08-26,-11.003832,8.807642,-122.675600,0.998017,108.800003,144.014743
2022-09-02,-15.702464,10.551164,-123.056300,1.011634,109.529999,136.215337
2022-09-09,-8.154768,4.143392,-123.038800,1.009065,109.000000,135.330013
2022-09-16,-12.527331,1.936971,-122.822700,0.999494,109.760002,132.801169
2022-09-23,-15.282677,13.583465,-122.853800,1.008596,113.190002,126.417600
2022-09-30,-16.892026,12.550973,-122.168400,0.999725,112.120003,125.936460
2022-10-07,-23.292104,10.484296,,,112.800003,141.079383
2022-10-14,-20.270257,8.944877,-122.633600,1.010202,113.309998,131.802840
2022-10-21,-15.201303,14.295773,-122.550100,1.007336,112.010002,134.527622
2022-10-28,-16.085049,13.441677,-122.842700,1.015170,110.669998,136.879214
2022-11-04,-11.544089,11.609028,-122.690300,1.008874,110.879997,142.922671
2022-11-11,-7.257809,8.345258,-122.371600,1.003523,106.290001,139.388777
2022-11-18,-12.226161,0.730386,-121.554300,1.034547,106.930000,128.563728
2022-11-25,-12.347190,-3.744813,-121.666100,1.047538,105.959999,123.719608
2022-12-02,-5.056089,-9.120326,-121.241100,1.056457,104.550003,125.509483
2022-12-09,-5.956607,-6.571639,-121.008100,1.095149,104.809998,114.453661
2022-12-16,-9.804613,-11.056518,-121.051400,1.122053,104.699997,117.000295
2022-12-23,-9.904639,-13.159789,-121.461100,1.147483,104.309998,124.130024
2022-12-30,-8.868128,-18.511597,-121.526700,1.149436,103.519997,126.668079
2023-01-06,-7.484253,-15.444039,-121.560000,1.133489,103.879997,117.070540
2023-01-13,-2.875399,-17.779416,-121.295100,1.122175,102.199997,125.780837
2023-01-20,1.992178,-19.723577,-121.116500,1.120695,102.010002,128.855638
2023-01-27,-0.779585,,,,101.930000,126.966861
2023-02-03,-4.230958,,-121.157000,1.120654,102.919998,119.030098
2023-02-10,-6.065037,-18.625257,-121.153900,1.110886,103.629997,128.641265
2023-02-17,-5.277832,-8.315605,-121.175100,1.096161,103.860001,124.562584
2023-02-24,-13.369438,-10.128493,-121.027900,1.077998,105.209999,124.482215
2023-03-03,-8.211359,-3.451974,-120.978200,1.061437,104.519997,128.294868
2023-03-10,-11.719155,-2.243004,-121.261700,1.059859,104.580002,123.695102
2023-03-17,-12.511130,-4.083426,-121.439800,1.046029,103.709999,110.531501
2023-03-24,-9.764989,-3.186858,-121.397500,1.037860,103.120003,113.655247
2023-03-31,-10.549982,-9.110491,-121.449000,1.036493,102.510002,120.920944
2023-04-07,-11.975016,-7.441935,-121.430300,1.027421,101.820000,127.729573
2023-04-14,-6.849881,-10.823147,-121.657300,1.024188,101.550003,130.378939
2023-04-21,-5.850586,-23.652874,-121.746800,1.014356,101.820000,124.476935
2023-04-28,-2.735413,-14.610130,-122.052200,1.020170,101.669998,122.303810
2023-05-05,-2.840484,-15.904550,-122.341400,1.021253,101.209999,115.303877
2023-05-12,-8.896388,-17.085235,-122.540300,1.023365,102.680000,113.763946
2023-05-19,-10.682082,-17.369583,-122.429700,1.016980,103.199997,115.488153
2023-05-26,-12.248177,-16.796003,-122.508500,1.020993,104.209999,117.635609
2023-06-02,-9.757448,-23.580463,-122.635700,1.028872,104.019997,117.054976
2023-06-09,-3.853448,-18.863924,-122.832400,1.035476,103.559998,116.325165
2023-06-16,3.963944,-26.367146,-122.793200,1.032987,102.300003,119.615392
2023-06-23,6.551083,-22.680690,-122.784100,1.037599,102.900002,116.607859
2023-06-30,8.542202,-27.955956,-123.020300,1.047381,102.910004,118.136710
2023-07-07,10.599291,-31.579460,-123.110200,1.048067,102.269997,122.445414
2023-07-14,11.980816,-36.731855,-123.175100,1.040214,99.910004,124.258670
2023-07-21,8.809268,-38.244425,-123.503900,1.041319,101.070000,125.942080
2023-07-28,8.236002,-44.437578,-123.357000,1.037360,101.620003,130.317360
2023-08-04,6.105146,-36.622152,-123.444500,1.040523,102.019997,133.515399
2023-08-11,3.369414,-33.187511,-123.475600,1.032638,102.839996,134.295005
2023-08-18,3.323886,-31.692851,-123.945300,1.036146,103.379997,131.368265
2023-08-25,7.387735,-28.342565,-124.108100,1.025703,104.080002,130.264208
2023-09-01,4.153424,-24.489480,-123.808500,1.020357,104.239998,136.861344
2023-09-08,4.968158,-22.094823,-123.173900,1.025825,105.089996,139.277383
2023-09-15,11.526689,-23.121653,-123.219900,1.032248,105.320000,143.713912
2023-09-22,8.618957,-23.916835,-123.001100,1.023432,105.580002,141.287753
2023-09-29,8.801226,-17.372323,-122.907500,1.023818,106.169998,140.991526
2023-10-06,6.938282,,,,106.040001,131.247099
2023-10-13,5.282455,,-122.815600,1.012809,106.650002,140.099221
2023-10-20,5.894284,-19.891430,-122.614900,1.001893,106.160004,142.206414
2023-10-27,2.486340,-20.663058,-122.662900,1.014561,106.559998,138.007793
2023-11-03,-0.915145,-15.015528,-122.936300,1.013338,105.019997,132.683918
2023-11-10,2.783870,-13.046732,-123.048600,0.999666,105.860001,128.061783
2023-11-17,4.794253,-16.104156,-123.165100,0.990564,103.820000,126.759813
2023-11-24,1.863213,-15.523263,-122.856500,0.975051,103.400002,126.652495
2023-12-01,4.917872,-19.201224,-122.933000,0.972344,103.269997,126.106748
2023-12-08,3.612354,-22.928057,-122.935300,0.971479,104.010002,121.564340
2023-12-15,3.795991,-19.442952,-123.369000,0.980178,102.550003,123.539875
2023-12-22,5.349142,-18.193585,-123.738200,0.972957,101.699997,126.189722
2023-12-29,0.502962,-14.692709,-123.999700,0.971272,101.330002,122.596503
2024-01-05,-2.502148,-20.128830,-124.150600,0.958982,102.410004,124.464671
2024-01-12,-6.993392,-18.179461,-124.194100,0.943700,102.400002,124.425736
2024-01-19,-4.531220,-13.969600,-124.415100,0.941933,103.290001,126.365155
2024-01-26,0.795528,-6.981072,-124.726900,0.942148,103.470001,132.316954
2024-02-02,0.150043,-7.959859,-125.363700,0.937044,103.919998,124.846581
2024-02-09,-3.634891,0.578653,-125.257300,0.931407,104.080002,129.965786
2024-02-16,2.216360,,,,104.279999,131.820318
2024-02-23,1.696365,,-125.678100,0.934720,103.940002,128.553091
2024-03-01,3.516475,1.579160,-125.962800,0.923282,103.860001,133.281472
2024-03-08,5.273484,3.089612,-126.378700,0.927272,102.739998,130.401497
2024-03-15,7.388776,0.869428,-125.826800,0.916501,103.430000,135.006747
2024-03-22,6.356916,1.664122,-126.017700,0.919945,104.430000,135.094409
2024-03-29,6.180791,-0.064108,-126.178100,0.918933,104.550003,138.074408
2024-04-05,10.398101,1.866933,-126.243300,0.915241,104.300003,142.805939
2024-04-12,12.468039,-0.817266,-126.381700,0.916203,106.040001,142.140360
2024-04-19,17.937054,1.115410,-126.811800,0.908815,106.150002,138.101253
2024-04-26,18.343078,0.825501,-126.383100,0.900498,105.940002,139.167071
2024-05-03,22.506956,-0.713413,-126.279400,0.900565,105.029999,132.322491
2024-05-10,23.912426,,-126.193100,0.893323,105.309998,132.623989
2024-05-17,28.753146,3.331028,-126.235700,0.893464,104.449997,133.862262
2024-05-24,24.090375,6.819221,-126.451800,0.888938,104.720001,131.188926
2024-05-31,19.589935,3.094065,-126.523900,0.885271,104.669998,132.152747
2024-06-07,14.706773,1.856986,-126.781900,0.885827,104.889999,130.886137
2024-06-14,15.483169,-0.057030,-127.027900,0.881826,105.550003,134.758067
2024-06-21,14.338471,-2.669218,-127.198700,0.885408,105.800003,137.822159
2024-06-28,15.168580,-1.442192,-127.693500,0.896701,105.870003,140.880069
2024-07-05,17.565688,-5.018265,-127.337900,0.892566,104.879997,145.915963
2024-07-12,14.554450,-1.190849,-127.449000,0.888884,104.089996,144.894024
2024-07-19,10.925822,3.344114,-127.507800,0.887374,104.400002,139.122623
2024-07-26,11.402205,5.189820,-128.127500,0.893690,104.320000,135.891185
2024-08-02,12.675954,6.341843,-128.767900,0.895234,103.209999,133.117722
2024-08-09,8.892309,8.849457,-128.408700,0.888400,103.139999,136.100757
2024-08-16,11.873570,11.743856,-128.247200,0.885960,102.459999,138.177636
2024-08-23,13.878121,11.095830,-128.560900,0.900303,100.720001,134.512839
2024-08-30,13.794848,8.997605,-128.405700,0.913866,101.699997,133.132738
2024-09-06,11.306398,4.755525,-129.019700,0.923062,101.180000,124.750523
2024-09-13,16.369000,3.838389,-129.713000,0.939116,101.110001,125.277412
2024-09-20,19.323964,0.947761,-130.018900,0.942099,100.720001,128.636456
2024-09-27,23.540854,0.563417,-128.624300,0.947289,100.419998,126.173600
2024-10-04,23.125921,-5.134180,-128.389400,0.969726,102.519997,134.717033
2024-10-11,21.167213,,-128.811000,1.008211,102.889999,137.491020
2024-10-18,18.431275,-7.921921,-128.905500,0.968440,103.489998,128.831539
2024-10-25,15.022911,-9.811070,-128.406600,0.972923,104.260002,131.718976
2024-11-01,11.799950,-8.567553,-128.696800,0.992633,104.279999,127.601633
2024-11-08,8.696164,-9.994059,-129.059000,0.997208,105.000000,130.512336
2024-11-15,4.926476,-10.744647,-129.167700,0.991234,106.690002,127.345767
2024-11-22,5.529566,-13.888876,-129.219600,0.982865,107.489998,132.203413
2024-11-29,4.676992,-15.507483,-129.695900,0.979236,105.739998,128.447324
2024-12-06,1.646398,-14.065550,-130.218400,0.974846,105.970001,127.249529
2024-12-13,2.848857,-15.769754,-131.686300,1.000991,107.000000,132.649294
2024-12-20,1.294607,-12.939779,-132.175200,1.018354,107.620003,131.393016
2024-12-27,1.953942,-13.582598,-132.157200,1.023037,108.000000,133.009745
2025-01-03,0.595279,-7.335185,-133.008000,1.017457,108.949997,137.086455
2025-01-10,0.950759,-6.638913,-132.524800,0.994714,109.650002,141.842746
2025-01-17,0.968518,-7.458633,-132.468300,1.006985,109.349998,145.543917
2025-01-24,4.192470,-7.751679,-132.390400,1.009797,107.440002,141.330171
2025-01-31,5.187276,-4.843875,-132.677100,1.013785,108.370003,139.749657
2025-02-07,4.459974,,-133.073600,1.016064,108.040001,136.604931
2025-02-14,6.585436,-2.875452,-132.622800,0.998527,106.570000,134.831094
2025-02-21,4.664711,-1.417161,-131.556700,0.992321,106.610001,135.822129
2025-02-28,2.893104,-3.980898,-131.294400,0.995423,107.610001,134.248328
2025-03-07,1.913362,-6.589565,-130.676100,0.999258,103.839996,131.430445
2025-03-14,4.173134,-8.027967,-130.156500,1.002974,103.720001,131.715966
2025-03-21,3.422733,-8.035108,-129.948300,0.994184,104.089996,133.043074
2025-03-28,-1.242069,-10.057596,-130.343500,0.983668,104.040001,133.859429
2025-04-04,-10.825236,-11.982795,-131.340500,0.991941,103.019997,126.431339
2025-04-11,-7.782351,-13.996124,-131.938600,0.998552,99.779999,125.479172
2025-04-18,-10.217782,-14.619930,-131.781300,0.994575,99.379997,130.334152
2025-04-25,-9.865288,-13.657427,-131.675500,0.995800,99.470001,128.593006
2025-05-02,-11.367744,-11.909542,-132.060300,1.003196,100.000000,122.575005
2025-05-09,-17.008724,,-132.059500,1.007211,100.339996,130.252964
2025-05-16,-12.392696,-20.649193,-131.477600,0.988336,101.089996,131.797796
2025-05-23,-9.994150,-19.803218,-131.471300,0.983484,99.110001,130.882592
2025-05-30,-6.873365,-19.318649,-131.388500,0.979573,99.330002,127.792828
2025-06-06,-3.116429,-22.965565,-131.634300,0.984411,99.190002,133.033087
2025-06-13,-3.580341,-22.959007,-131.815500,0.980527,98.180000,146.461161
2025-06-20,-3.778758,-21.552087,-132.144500,0.981506,98.709999,147.948842
2025-06-27,-4.025898,-23.771866,-131.976400,0.985808,97.400002,138.943904
2025-07-04,-2.632968,-20.721421,-132.153600,0.981474,97.180000,139.874559
2025-07-11,-0.812175,-18.372389,-131.869900,0.975251,97.849998,147.581275
2025-07-18,2.022981,-15.882948,-131.907000,0.975927,98.480003,153.082312
2025-07-25,3.350940,-13.705570,-131.112800,0.973926,97.650002,145.906962
2025-08-01,0.653293,-19.439195,-131.360900,0.980284,98.690002,149.695589
2025-08-08,-1.247729,-20.818184,-131.480100,0.979300,98.180000,142.072323
2025-08-15,-2.138069,-22.916162,-130.795900,0.978861,97.849998,140.555513
2025-08-22,-1.354247,-24.778266,-130.303900,0.982747,97.720001,144.001575
2025-08-29,1.046302,-25.788203,-130.372200,0.984840,97.769997,145.438337
2025-09-05,-2.447042,-26.911778,-130.452800,0.989527,97.769997,142.166268
2025-09-12,-3.192740,-26.844444,-129.856000,0.983753,97.550003,144.981534
2025-09-19,-6.290909,-24.327822,-129.783300,0.993821,97.639999,142.386336
2025-09-26,-6.055867,-22.292554,-129.422300,1.000302,98.150002,146.498887
2025-10-03,0.326317,-24.351033,-129.418100,1.006351,97.720001,140.765769
2025-10-10,1.924816,,-129.399600,1.006297,98.980003,138.219614
2025-10-17,2.624640,-23.018964,-129.811800,1.001757,98.430000,137.785498
2025-10-24,5.047678,-22.535389,-129.587100,0.992455,98.949997,140.903925
2025-10-31,6.475966,-18.966510,-130.230600,0.997731,99.800003,141.710261
2025-11-07,7.556088,-15.433001,-130.033800,0.988556,99.599998,139.879007
2025-11-14,9.594786,-16.748527,-130.047700,0.994607,99.269997,140.457932
2025-11-21,10.018152,-19.259401,-129.928500,0.998327,100.180000,138.039385
2025-11-28,11.958412,-15.929296,-129.556300,1.001733,99.459999,141.370777
2025-12-05,15.312824,-16.276627,-128.987700,1.004060,98.989998,146.700870
2025-12-12,15.729943,-14.667974,-129.067400,1.014217,98.400002,144.087927
2025-12-19,19.986610,-14.037244,-129.118400,1.018934,98.599998,143.862956
2025-12-26,21.144336,-15.172680,-129.199400,1.020233,98.019997,146.178914
2026-01-02,22.538810,-11.963893,-128.796200,1.015416,98.419998,146.864837
2026-01-09,23.261968,-13.195556,-128.469600,1.013420,99.129997,155.529039
2026-01-16,24.055264,-13.122078,-128.698700,1.018387,99.389999,161.530616
2026-01-23,24.271071,-16.470176,-129.078600,1.016511,97.599998,159.366453
2026-01-30,20.045911,-16.532869,-129.061400,1.015297,96.989998,163.811721
2026-02-06,20.289679,-16.949682,-129.238200,1.020749,97.629997,162.789888
2026-02-13,18.708989,-14.998412,-129.367100,1.020733,96.879997,162.092623
2026-02-20,19.600124,,-129.343800,1.018897,97.800003,166.468649
2026-02-27,20.893272,,-129.049800,1.015001,97.610001,172.565031
2026-03-06,15.714873,-17.678653,-129.264400,1.022194,98.989998,198.155928
2026-03-13,14.551707,-17.272106,-128.762200,1.025154,100.360001,214.428458
2026-03-20,11.100299,-18.161925,-128.680000,1.028743,99.650002,216.982165
2026-03-27,20.981661,-17.328604,-128.802500,1.025210,100.150002,220.622947
2026-04-03,18.398629,-11.269792,-128.837600,1.026719,100.029999,223.812364
2026-04-10,21.464980,-6.073112,-129.137300,1.019647,98.650002,207.205078
2026-04-17,23.211362,-2.636152,-129.455300,1.029631,98.099998,208.107431
2026-04-24,23.696193,-2.180820,-129.542400,1.033411,98.510002,227.225772
2026-05-01,21.198367,5.613437,-129.411700,1.034414,98.209999,233.378171
2026-05-08,24.966297,,-129.245500,1.039374,97.839996,224.868702
2026-05-15,23.850247,5.557983,-129.288600,1.046025,99.269997,235.367067
2026-05-22,23.414682,,-129.470000,1.043570,99.320000,228.712603
2026-05-29,22.393800,1.383108,-129.815200,1.052043,98.910004,219.662819
2026-06-05,22.554313,-3.230607,-129.840300,1.046453,100.070000,218.765951
2026-06-12,22.974009,-1.545015,-129.532100,1.046956,99.750000,207.133350
2026-06-19,22.209792,7.000674,-129.751800,1.054918,100.849998,183.039790
2026-06-26,20.391961,3.269211,-129.802300,1.058687,101.360001,179.208692
2026-07-03,22.257481,2.567725,-129.606400,1.062191,100.860001,178.724987
2026-07-10,21.280550,5.501147,-129.811600,1.062783,100.970001,185.045916
2026-07-17,22.945345,2.968136,-129.806600,1.061729,100.750000,201.851687
2026-07-24,24.835052,-1.341444,-130.090900,1.062083,101.470001,204.469700
2026-07-31,26.941397,-2.308686,-130.289200,1.066043,99.800003,201.474310
2026-08-07,26.145179,-4.147754,,,99.788002,193.156154
