date,pork,brent,rebar,hf_wow,hf_nav,hf_yoy_pct
2016-08-08,18.360000,45.180000,2607.000000,,,
2016-08-15,18.690000,48.100000,2571.000000,0.357931,1.003579,
2016-08-22,18.580000,49.100000,2553.000000,-0.118603,1.002389,
2016-08-29,18.510000,49.200000,2477.000000,-0.075841,1.001629,
2016-09-05,18.560000,47.400000,2436.000000,0.054201,1.002172,
2016-09-12,18.500000,48.150000,2277.000000,2.461449,1.026840,
2016-09-19,18.290000,45.920000,2239.000000,0.600725,1.033008,
2016-09-26,17.910000,47.540000,2316.000000,-0.339767,1.029498,
2016-10-03,17.330000,49.950000,2253.000000,-2.165037,1.007209,
2016-10-10,16.950000,52.920000,2270.000000,0.187846,1.009101,
2016-10-17,15.970000,51.680000,2431.000000,-3.109642,0.977722,
2016-10-24,16.050000,51.770000,2491.000000,1.499076,0.992379,
2016-10-31,16.290000,48.510000,2600.000000,2.293164,1.015136,
2016-11-07,16.580000,46.330000,2889.000000,2.134465,1.036803,
2016-11-14,16.710000,44.760000,2945.000000,-1.077577,1.025631,
2016-11-21,16.770000,49.040000,2714.000000,-1.053510,1.014826,
2016-11-28,16.830000,48.050000,3332.000000,-3.212488,0.982225,
2016-12-05,17.030000,54.190000,3204.000000,-4.288199,0.940105,
2016-12-12,17.290000,53.030000,3444.000000,-1.752208,0.923632,
2016-12-19,17.370000,55.070000,3171.000000,5.114624,0.970873,
2016-12-26,17.280000,55.080000,2922.000000,-2.018294,0.951278,
2017-01-02,17.600000,56.750000,2867.000000,5.517366,1.003763,
2017-01-09,18.250000,54.820000,3048.000000,2.566902,1.029529,
2017-01-16,18.080000,55.680000,3375.000000,2.299428,1.053202,
2017-01-23,17.940000,55.370000,3180.000000,1.545631,1.069480,
2017-01-30,17.870000,55.320000,3369.000000,5.296614,1.126127,
2017-02-06,17.810000,55.890000,3082.000000,-0.703821,1.118201,
2017-02-13,17.010000,55.660000,3437.000000,-3.527412,1.078757,
2017-02-20,16.880000,56.150000,3546.000000,7.737521,1.162226,
2017-02-27,16.810000,56.430000,3612.000000,-1.669841,1.142819,
2017-03-06,16.610000,55.940000,3467.000000,3.031037,1.177458,
2017-03-13,16.240000,51.330000,3604.000000,-3.886600,1.131695,
2017-03-20,15.850000,51.720000,3581.000000,-3.370454,1.093552,
2017-03-27,15.970000,50.940000,3057.000000,-0.399619,1.089182,
2017-04-03,15.960000,53.100000,3152.000000,2.057784,1.111595,
2017-04-10,15.850000,56.000000,3000.000000,0.423620,1.116304,
2017-04-17,15.720000,55.480000,2912.000000,-2.214849,1.091579,
2017-04-24,15.220000,51.610000,2927.000000,1.021832,1.102733,
2017-05-01,14.820000,51.460000,3115.000000,-2.382620,1.076460,
2017-05-08,14.730000,49.450000,3004.000000,6.336250,1.144667,
2017-05-15,14.290000,51.800000,2991.000000,0.249614,1.147524,
2017-05-22,13.910000,53.740000,3342.000000,-2.728875,1.116209,
2017-05-29,13.570000,52.560000,3240.000000,-2.235729,1.091254,
2017-06-05,12.950000,49.480000,2939.000000,-1.013600,1.080193,
2017-06-12,13.050000,48.270000,3033.000000,1.774237,1.099358,
2017-06-19,13.510000,46.810000,3140.000000,-4.080330,1.054501,
2017-06-26,13.560000,45.940000,3148.000000,0.389387,1.058607,
2017-07-03,13.730000,49.600000,3413.000000,-4.141316,1.014767,
2017-07-10,13.780000,46.990000,3442.000000,-2.103716,0.993419,
2017-07-17,13.790000,48.370000,3627.000000,-1.021171,0.983274,
2017-07-24,13.720000,48.710000,3516.000000,1.603930,0.999045,
2017-07-31,13.650000,52.680000,3733.000000,1.553982,1.014570,
2017-08-07,13.890000,52.300000,4079.000000,-2.002105,0.994258,
2017-08-14,14.080000,50.620000,3807.000000,5.830961,1.052232,4.734105
2017-08-21,14.180000,51.700000,3962.000000,-0.801613,1.043798,4.047935
2017-08-28,14.410000,51.610000,3932.000000,-0.373705,1.039897,3.749400
2017-09-04,14.440000,52.200000,4060.000000,0.995378,1.050248,4.685669
2017-09-11,14.540000,53.930000,3915.000000,0.193293,1.052278,2.447133
2017-09-18,14.420000,55.190000,3801.000000,0.785819,1.060547,2.630952
2017-09-25,14.430000,58.520000,3603.000000,3.141524,1.093864,6.064485
2017-10-02,14.310000,56.070000,3695.000000,0.625546,1.100707,8.876901
2017-10-09,14.260000,55.770000,3906.000000,3.316388,1.137210,11.951814
2017-10-16,14.270000,57.920000,3824.000000,-0.284009,1.133981,14.826419
2017-10-23,14.210000,57.330000,3700.000000,4.648361,1.186692,17.882028
2017-10-30,14.220000,60.530000,3571.000000,1.795916,1.208004,17.394743
2017-11-06,14.190000,64.110000,3736.000000,-2.989314,1.171893,12.247833
2017-11-13,14.220000,63.130000,3803.000000,3.147399,1.208777,16.430142
2017-11-20,14.270000,62.180000,3696.000000,-0.643252,1.201002,16.843911
2017-11-27,14.300000,63.760000,3833.000000,3.500842,1.243047,23.550088
2017-12-04,14.480000,62.470000,4056.000000,1.130502,1.257100,29.057106
2017-12-11,14.860000,64.750000,3912.000000,-1.270163,1.241132,29.546549
2017-12-18,14.940000,63.390000,3874.000000,-2.620478,1.208609,21.903001
2017-12-25,14.940000,65.040000,3787.000000,2.009882,1.232900,25.931892
2018-01-01,14.930000,66.620000,3794.000000,1.359199,1.249658,21.911401
2018-01-08,15.110000,67.920000,3818.000000,0.847469,1.260248,20.220789
2018-01-15,15.200000,70.220000,3802.000000,-2.041291,1.234523,15.884986
2018-01-22,15.060000,69.230000,3927.000000,-0.553364,1.227692,13.796278
2018-01-29,14.960000,69.160000,3945.000000,2.621619,1.259877,11.223014
2018-02-05,14.570000,66.920000,3967.000000,0.952155,1.271873,12.876974
2018-02-12,13.460000,62.660000,3918.000000,-1.377858,1.254349,15.080664
2018-02-26,12.850000,67.530000,4028.000000,-0.064601,1.253538,7.563270
2018-03-05,11.490000,65.560000,3957.000000,-0.051057,1.252898,9.196140
2018-03-12,11.380000,64.950000,3709.000000,-2.951772,1.215916,3.213919
2018-03-19,10.970000,66.100000,3651.000000,-3.776925,1.169991,3.327964
2018-03-26,10.220000,69.520000,3363.000000,0.697949,1.178157,7.452052
2018-04-02,10.350000,67.690000,3344.000000,-0.867331,1.167939,6.981358
2018-04-09,10.430000,68.550000,3408.000000,0.027088,1.168255,4.971545
2018-04-16,10.340000,72.010000,3357.000000,0.367753,1.172551,4.915898
2018-04-23,10.250000,75.030000,3544.000000,3.139314,1.209361,10.246687
2018-04-30,10.140000,74.670000,3593.000000,-1.112006,1.195913,8.111805
2018-05-07,10.010000,75.530000,3657.000000,0.470084,1.201535,10.992251
2018-05-14,10.000000,78.520000,3667.000000,1.474651,1.219254,6.312530
2018-05-21,10.090000,79.430000,3589.000000,2.932909,1.255013,8.953949
2018-05-28,10.750000,75.320000,3579.000000,0.375415,1.259725,12.095461
2018-06-04,11.280000,75.370000,3719.000000,-1.131922,1.245466,13.218184
2018-06-11,11.320000,76.360000,3803.000000,1.013723,1.258091,15.245575
2018-06-18,11.510000,75.460000,3902.000000,-2.451744,1.227246,11.004595
2018-06-25,11.480000,74.750000,3723.000000,-2.419981,1.197547,12.720764
2018-07-02,11.430000,77.490000,3751.000000,0.689156,1.205800,13.018925
2018-07-09,11.680000,78.180000,3830.000000,0.364607,1.210196,17.612381
2018-07-16,12.500000,71.870000,3958.000000,3.029780,1.246862,22.723329
2018-07-23,12.500000,72.930000,4011.000000,0.161927,1.248881,23.911545
2018-07-30,13.160000,75.350000,4130.000000,3.184671,1.288654,25.455354
2018-08-06,13.540000,73.670000,4224.000000,1.037630,1.302026,24.945607
2018-08-13,13.890000,72.830000,4345.000000,-3.732855,1.253423,23.163715
2018-08-20,13.960000,72.100000,4396.000000,0.581257,1.260709,18.075996
2018-08-27,13.700000,76.250000,4204.000000,2.457362,1.291689,21.308495
2018-09-03,13.720000,78.010000,4087.000000,0.003394,1.291733,21.686294
2018-09-10,14.320000,77.360000,4284.000000,1.414183,1.310000,22.100115
2018-09-17,14.200000,78.000000,4100.000000,-2.433471,1.278122,19.443439
2018-09-24,13.890000,80.730000,4149.000000,2.110617,1.305098,20.749343
2018-10-01,14.110000,84.950000,3944.000000,2.060972,1.331996,19.696176
2018-10-08,13.970000,83.760000,3971.000000,0.762790,1.342156,19.832473
2018-10-15,13.950000,80.760000,4150.000000,0.829883,1.353294,17.396349
2018-10-22,13.530000,79.980000,4154.000000,1.930365,1.379418,19.592733
2018-10-29,14.020000,76.870000,4150.000000,3.660747,1.429915,18.644506
2018-11-05,13.810000,72.710000,4072.000000,0.245121,1.433420,17.109347
2018-11-12,13.670000,68.970000,3848.000000,-1.214438,1.416012,18.922379
2018-11-19,13.560000,67.010000,3838.000000,-2.320813,1.383149,13.475328
2018-11-26,13.340000,60.410000,3553.000000,-3.045402,1.341026,11.027919
2018-12-03,13.480000,61.900000,3333.000000,-0.172117,1.338718,7.414698
2018-12-10,14.130000,59.810000,3312.000000,-2.921071,1.299613,3.325955
2018-12-17,14.190000,58.660000,3435.000000,-0.607848,1.291714,3.994550
2018-12-24,13.730000,50.490000,3451.000000,-6.849929,1.203232,-0.445858
2018-12-31,13.450000,53.060000,3404.000000,0.838899,1.213326,-1.600409
2019-01-07,13.460000,57.570000,3520.000000,0.373777,1.217861,-2.577374
2019-01-14,13.170000,59.320000,3575.000000,-1.182739,1.203457,-4.611061
2019-01-17,12.930000,61.150000,3551.000000,-6.458207,1.125735,-9.224835
2019-01-21,12.310000,62.810000,3645.000000,0.264857,1.128717,-8.405428
2019-01-28,11.790000,59.950000,3681.000000,0.185148,1.130807,-10.808295
2019-02-18,12.820000,66.500000,3659.000000,2.787910,1.162333,-9.006190
2019-02-25,12.620000,64.760000,3682.000000,-2.143073,1.137423,-9.785122
2019-03-04,12.440000,65.550000,3811.000000,-1.737143,1.117664,-11.472909
2019-03-11,14.090000,66.630000,3723.000000,0.372336,1.121826,-11.050194
2019-03-18,15.430000,67.420000,3781.000000,7.451197,1.205415,-0.867323
2019-03-25,15.840000,67.300000,3692.000000,-0.358828,1.201090,2.623302
2019-04-01,15.630000,69.160000,3497.000000,-0.321572,1.197227,1.605688
2019-04-08,15.680000,71.100000,3730.000000,2.049268,1.221762,4.505355
2019-04-15,15.380000,71.300000,3829.000000,0.700789,1.230324,5.176616
2019-04-22,15.140000,74.250000,3738.000000,-0.654388,1.222273,4.152999
2019-04-29,15.340000,71.420000,3777.000000,2.397238,1.251574,3.430910
2019-05-06,15.380000,70.980000,3756.000000,1.557221,1.271063,6.094366
2019-05-13,15.470000,69.950000,3691.000000,-0.006627,1.270979,5.618756
2019-05-20,15.230000,72.060000,3780.000000,1.569284,1.290924,5.711970
2019-05-27,15.310000,68.680000,3842.000000,-0.099936,1.289634,2.721262
2019-06-03,15.550000,60.890000,3707.000000,-0.861108,1.278529,1.481714
2019-06-10,16.230000,62.860000,3717.000000,0.881916,1.289805,3.498140
2019-06-17,16.250000,60.930000,3704.000000,0.281169,1.293431,2.770296
2019-06-24,17.040000,64.740000,3904.000000,-3.131215,1.252931,2.071309
2019-07-01,17.480000,65.190000,4107.000000,-1.792363,1.230474,2.712432
2019-07-08,16.750000,63.880000,3992.000000,1.463843,1.248486,3.478873
2019-07-15,18.180000,66.160000,4030.000000,-0.563658,1.241449,2.549677
2019-07-22,19.060000,63.300000,3948.000000,3.807303,1.288715,3.301502
2019-07-29,19.380000,63.720000,3877.000000,0.393375,1.293784,3.532309
2019-08-05,20.120000,60.050000,3753.000000,-0.756715,1.283994,-0.362296
2019-08-12,21.760000,58.350000,3677.000000,3.931917,1.334480,2.462005
2019-08-19,24.470000,59.710000,3747.000000,1.219307,1.350751,7.478249
2019-08-26,26.170000,58.820000,3372.000000,0.201035,1.353466,7.099508
2019-09-02,27.930000,58.600000,3407.000000,-0.978750,1.340219,3.688282
2019-09-09,28.720000,62.620000,3497.000000,-0.736738,1.330345,2.945422
2019-09-16,29.350000,66.360000,3564.000000,3.446164,1.376191,4.929259
2019-09-23,29.990000,63.260000,3510.000000,1.833227,1.401420,9.209454
2019-09-30,29.450000,59.380000,3470.000000,-1.639940,1.378438,5.467266
2019-10-14,35.100000,59.150000,3352.000000,6.577888,1.469110,9.797833
2019-10-21,37.580000,59.060000,3290.000000,2.898576,1.511693,11.895299
2019-10-28,40.790000,61.130000,3327.000000,-1.001143,1.496559,10.062653
2019-11-04,41.500000,62.110000,3382.000000,-3.492868,1.444286,4.595355
2019-11-11,40.130000,62.250000,3373.000000,-1.640500,1.420592,-0.654084
2019-11-18,35.670000,62.270000,3556.000000,-1.682457,1.396692,-2.595676
2019-11-25,33.090000,62.440000,3697.000000,-4.290988,1.336760,-5.759576
2019-12-02,33.640000,60.870000,3634.000000,1.381384,1.355225,-2.039478
2019-12-09,35.230000,64.040000,3511.000000,2.050355,1.383012,3.082879
2019-12-16,34.530000,65.280000,3480.000000,0.360597,1.388000,3.615092
2019-12-23,34.210000,65.580000,3538.000000,-0.681157,1.378545,5.896189
2019-12-30,34.350000,66.670000,3545.000000,-1.398752,1.359263,5.097265
2020-01-06,35.680000,68.530000,3559.000000,1.442447,1.378869,13.625240
2020-01-13,36.600000,64.230000,3530.000000,0.546499,1.386405,13.334851
2020-01-20,36.770000,65.200000,3605.000000,0.720561,1.396395,13.679748
2020-02-10,37.690000,53.350000,3305.000000,1.810271,1.421673,16.663618
2020-02-17,39.150000,57.530000,3427.000000,1.768258,1.446812,25.092612
2020-02-24,39.160000,55.530000,3476.000000,-0.518649,1.439308,24.308107
2020-03-02,37.580000,53.060000,3422.000000,1.315734,1.458246,25.430284
2020-03-09,36.820000,33.300000,3439.000000,-9.182516,1.324342,13.048692
2020-03-16,36.590000,29.720000,3553.000000,1.554803,1.344933,16.757903
2020-03-23,36.340000,29.790000,3400.000000,-1.916062,1.319163,16.575654
2020-03-30,35.130000,26.450000,3242.000000,-1.861957,1.294601,14.324499
2020-04-06,34.190000,33.270000,3189.000000,-19.260583,1.045253,-14.256487
2020-04-13,34.360000,31.830000,3387.000000,-4.332751,0.999965,-18.326431
2020-04-20,34.300000,26.000000,3362.000000,-0.263928,0.997326,-18.268619
2020-04-27,32.560000,22.950000,3316.000000,-5.011501,0.947345,-25.438608
2020-05-04,32.480000,27.960000,3367.000000,5.767270,1.001981,-20.529860
2020-05-11,31.710000,30.130000,3452.000000,-0.832847,0.993636,-20.709656
2020-05-18,28.010000,35.440000,3528.000000,-10.092806,0.893350,-33.717834
2020-05-25,28.360000,36.130000,3500.000000,-5.403758,0.845076,-40.818298
2020-06-01,29.880000,38.530000,3577.000000,9.210845,0.922914,-32.000652
2020-06-08,31.350000,40.790000,3616.000000,5.270642,0.971558,-28.421312
2020-06-15,32.620000,39.830000,3572.000000,5.604591,1.026010,-22.868159
2020-06-22,34.650000,42.860000,3620.000000,0.108168,1.027119,-21.895213
2020-06-29,35.280000,41.850000,3552.000000,2.304392,1.050788,-20.495020
2020-07-06,36.650000,43.060000,3618.000000,5.448270,1.108038,-15.470763
2020-07-13,38.390000,42.170000,3739.000000,-0.321967,1.104470,-12.611964
2020-07-20,37.930000,43.170000,3701.000000,2.170500,1.128443,-8.656063
2020-07-27,37.560000,43.950000,3723.000000,-0.555107,1.122179,-10.665950
2020-08-03,37.900000,43.850000,3836.000000,2.317351,1.148184,-7.809789
2020-08-10,38.200000,44.920000,3822.000000,0.177503,1.150222,-11.369057
2020-08-17,37.190000,45.270000,3832.000000,0.091822,1.151278,-11.669880
2020-08-24,37.480000,45.010000,3781.000000,1.739473,1.171304,-9.185770
2020-08-31,37.170000,45.570000,3779.000000,0.170280,1.173299,-12.872220
2020-09-07,37.060000,42.050000,3736.000000,0.428630,1.178328,-13.656440
2020-09-14,36.400000,39.680000,3664.000000,0.480199,1.183986,-13.378224
2020-09-21,35.280000,41.730000,3539.000000,-1.610598,1.164917,-14.018361
2020-09-28,33.720000,42.870000,3540.000000,0.318569,1.168628,-12.960833
2020-10-12,31.780000,41.740000,3637.000000,-3.132046,1.132026,-19.531090
2020-10-19,30.050000,42.460000,3611.000000,-3.869143,1.088226,-25.293698
2020-10-26,29.810000,40.790000,3613.000000,2.105514,1.111139,-21.556508
2020-11-02,28.890000,39.250000,3719.000000,1.640457,1.129367,-26.299948
2020-11-09,29.690000,42.020000,3859.000000,-0.673468,1.121761,-29.833056
2020-11-16,29.500000,43.890000,3852.000000,0.664339,1.129213,-28.164726
2020-11-23,29.570000,45.510000,3911.000000,-2.101228,1.105486,-26.733017
2020-11-30,30.640000,47.660000,3906.000000,-0.859300,1.095986,-25.941926
2020-12-07,33.080000,48.610000,3980.000000,3.837819,1.138048,-20.479149
2020-12-14,33.290000,50.310000,3988.000000,1.113706,1.150723,-14.985827
2020-12-21,34.200000,50.800000,4460.000000,0.630694,1.157980,-15.729043
2020-12-28,34.630000,50.890000,4244.000000,2.124417,1.182581,-15.656496
2021-01-04,36.040000,50.630000,4383.000000,2.667648,1.214128,-13.383757
2021-01-11,36.430000,55.580000,4348.000000,1.319127,1.230144,-11.389768
2021-01-18,36.320000,54.740000,4392.000000,0.352159,1.234476,-9.629601
2021-01-25,35.480000,55.720000,4321.000000,0.745358,1.243677,-10.319150
2021-02-01,34.090000,56.210000,4221.000000,0.452455,1.249304,-10.412727
2021-02-08,31.230000,60.650000,4335.000000,1.930608,1.273423,-9.218495
2021-03-01,28.130000,63.300000,4639.000000,-2.113442,1.246510,-13.148671
2021-03-08,29.420000,68.090000,4752.000000,1.566133,1.266032,-13.347482
2021-03-15,28.490000,68.760000,4787.000000,0.450384,1.271734,-12.378111
2021-03-22,27.810000,64.180000,4763.000000,2.661045,1.305576,-11.059010
2021-03-29,26.560000,65.160000,4971.000000,5.226997,1.373818,3.667796
2021-04-05,25.250000,62.270000,5157.000000,-0.037700,1.373300,2.087250
2021-04-12,22.150000,63.160000,4985.000000,-0.961765,1.360092,3.055486
2021-04-19,23.650000,67.080000,5082.000000,-1.781425,1.335863,3.137513
2021-04-26,23.390000,65.170000,5371.000000,0.787610,1.346385,25.316366
2021-05-03,22.330000,67.620000,5391.000000,-3.406818,1.300516,26.279580
2021-05-10,20.850000,68.210000,6012.000000,-1.731801,1.277993,24.796886
2021-05-17,18.780000,69.520000,5596.000000,1.382684,1.295664,31.311534
2021-05-24,18.450000,68.310000,4974.000000,1.160123,1.310695,26.857886
2021-05-31,17.850000,69.440000,5027.000000,1.776742,1.333983,29.455363
2021-06-07,16.150000,71.440000,4959.000000,-1.370109,1.315706,38.715005
2021-06-14,15.010000,73.070000,5322.000000,-0.902267,1.303835,43.363886
2021-06-21,13.460000,74.820000,4889.000000,-1.207118,1.288096,33.338404
2021-06-28,13.710000,74.000000,5070.000000,2.485058,1.320106,30.656648
2021-07-05,16.180000,77.100000,5222.000000,3.131680,1.361447,28.287125
2021-07-12,16.020000,75.170000,5432.000000,1.472922,1.381500,29.641195
2021-07-19,15.530000,68.750000,5568.000000,2.518980,1.416300,29.850730
2021-07-26,15.790000,73.950000,5687.000000,0.036085,1.416811,24.581777
2021-08-02,15.450000,73.230000,5414.000000,5.531911,1.495188,30.288583
2021-08-09,15.340000,69.200000,5330.000000,-4.003356,1.435330,24.055608
2021-08-16,15.130000,69.570000,5328.000000,-8.540439,1.312747,15.684935
2021-08-23,14.860000,68.780000,5102.000000,2.998980,1.352116,16.348916
2021-09-06,13.990000,72.090000,5473.000000,-2.145744,1.323103,14.002471
2021-09-13,13.270000,73.640000,5642.000000,-0.550006,1.315826,13.359167
2021-09-20,12.510000,74.230000,5478.000000,-4.327489,1.258883,7.210733
2021-09-27,11.600000,78.590000,5564.000000,-0.539827,1.252088,6.499309
2021-10-18,12.270000,84.110000,5422.000000,4.193150,1.304590,10.179215
2021-10-25,14.720000,85.120000,4825.000000,6.075974,1.383856,15.598704
2021-11-01,16.410000,84.510000,4509.000000,3.484055,1.432070,20.647149
2021-11-08,16.750000,83.650000,4312.000000,3.551287,1.482927,23.818769
2021-11-15,17.640000,82.130000,4138.000000,1.832209,1.510098,28.816538
2021-11-22,18.070000,79.470000,4300.000000,0.346759,1.515334,33.108680
2021-11-29,18.570000,73.200000,4145.000000,0.243415,1.519023,31.268145
2021-12-06,18.200000,73.550000,4359.000000,-2.531924,1.480562,27.076469
2021-12-13,17.250000,74.210000,4415.000000,0.960363,1.494781,28.707996
2021-12-20,16.380000,72.030000,4475.000000,-1.164741,1.477370,26.874277
2021-12-27,16.130000,78.580000,4307.000000,-4.791611,1.406581,24.087682
2022-01-03,16.280000,78.910000,4315.000000,0.994741,1.420572,25.940522
2022-01-10,15.310000,81.000000,4492.000000,-1.896787,1.393627,20.259509
2022-01-17,14.210000,86.510000,4553.000000,-7.316449,1.291663,11.554042
2022-01-24,14.300000,87.170000,4665.000000,0.957972,1.304037,11.878741
2022-02-14,13.140000,95.760000,4817.000000,-3.298275,1.261026,6.422680
2022-02-21,12.450000,97.380000,4845.000000,-1.658900,1.240107,2.117179
2022-02-28,12.610000,98.130000,4693.000000,4.430919,1.295055,5.142238
2022-03-07,12.610000,124.370000,5094.000000,-1.145945,1.280215,3.638137
2022-03-14,12.220000,106.000000,4695.000000,5.152022,1.346172,7.919238
2022-03-21,11.890000,112.500000,4923.000000,0.631773,1.354676,8.097589
2022-03-28,12.190000,106.540000,5058.000000,1.344261,1.372887,7.520686
2022-04-04,12.540000,107.910000,5160.000000,8.614483,1.491154,17.920239
2022-04-11,12.530000,99.350000,4867.000000,-6.390097,1.395868,9.762843
2022-04-18,12.650000,112.660000,5063.000000,4.182988,1.454257,13.411336
2022-04-25,14.350000,102.190000,4778.000000,0.871276,1.466927,11.652584
2022-05-02,14.880000,107.600000,4910.000000,2.205671,1.499283,8.739311
2022-05-09,14.960000,105.250000,4654.000000,-1.957832,1.469929,6.799766
2022-05-16,15.450000,114.030000,4679.000000,5.948862,1.557373,13.544822
2022-05-23,15.890000,113.370000,4604.000000,-4.631911,1.485237,10.599690
2022-05-30,15.960000,117.700000,4621.000000,5.413477,1.565640,15.087196
2022-06-06,15.950000,119.990000,4750.000000,-4.130625,1.500969,14.335039
2022-06-13,15.970000,122.160000,4691.000000,5.133694,1.578025,21.088274
2022-06-20,16.440000,114.210000,4149.000000,1.418992,1.600417,21.124080
2022-06-27,17.380000,111.210000,4274.000000,3.419240,1.655139,23.332718
2022-07-04,20.060000,113.800000,4168.000000,1.345795,1.677414,22.908395
2022-07-11,23.000000,106.290000,4049.000000,5.033142,1.761840,29.198552
2022-07-18,22.830000,105.690000,3780.000000,-5.156101,1.670998,24.811134
2022-07-25,22.560000,99.930000,3859.000000,-0.234634,1.667077,25.790687
2022-08-01,21.530000,99.950000,4093.000000,-2.128813,1.631588,21.184204
2022-08-08,21.950000,96.470000,4136.000000,-2.154032,1.596443,15.922991
2022-08-15,21.620000,93.470000,4126.000000,-1.172080,1.577732,13.281809
2022-08-22,21.780000,96.680000,4010.000000,-1.966791,1.546701,8.807642
2022-08-29,22.550000,102.950000,3965.000000,1.795529,1.574472,10.551164
2022-09-05,23.590000,95.200000,3691.000000,-1.018232,1.558441,4.143392
2022-09-12,23.630000,94.240000,3791.000000,-6.098250,1.463403,1.936971
2022-09-19,23.890000,91.740000,3696.000000,2.756474,1.503741,13.583465
2022-09-26,24.370000,82.730000,3765.000000,1.940994,1.532929,12.550973
2022-10-03,24.560000,88.630000,3799.000000,-4.147320,1.469353,10.484296
2022-10-10,25.890000,96.010000,3875.000000,-2.069235,1.438949,8.944877
2022-10-17,27.480000,91.870000,3675.000000,0.931288,1.452350,14.295773
2022-10-24,28.110000,91.400000,3622.000000,-1.385695,1.432225,13.441677
2022-10-31,26.890000,92.860000,3397.000000,2.301046,1.465181,11.609028
2022-11-07,26.280000,97.910000,3535.000000,2.669785,1.504298,8.345258
2022-11-14,24.760000,92.500000,3648.000000,-4.103563,1.442568,0.730386
2022-11-21,24.360000,87.400000,3671.000000,-0.980676,1.428421,-3.744813
2022-11-28,22.830000,83.240000,3738.000000,-3.497268,1.378466,-9.120326
2022-12-05,22.540000,82.980000,3804.000000,2.937154,1.418953,-6.571639
2022-12-12,21.600000,78.160000,3935.000000,-4.153056,1.360023,-11.056518
2022-12-19,18.600000,80.170000,3927.000000,-4.560533,1.297999,-13.159789
2022-12-26,16.270000,84.530000,4006.000000,-4.300803,1.242175,-18.511597
2023-01-02,17.320000,85.990000,4105.000000,1.914068,1.265951,-15.444039
2023-01-09,15.310000,79.790000,4093.000000,-6.989324,1.177469,-17.779416
2023-01-16,14.280000,84.130000,4093.000000,-0.949795,1.166286,-19.723577
2023-02-06,13.990000,81.400000,4049.000000,-0.813361,1.156800,-18.625257
2023-02-13,14.330000,85.780000,3993.000000,2.748837,1.188598,-8.315605
2023-02-20,15.000000,83.770000,4184.000000,-0.855793,1.178426,-10.128493
2023-02-27,15.760000,82.040000,4191.000000,3.378440,1.218239,-3.451974
2023-03-06,15.880000,86.250000,4210.000000,-0.462770,1.212601,-2.243004
2023-03-13,15.660000,80.740000,4371.000000,2.526528,1.243238,-4.083426
2023-03-20,15.170000,73.450000,4194.000000,-0.255666,1.240059,-3.186858
2023-03-27,15.190000,77.760000,4105.000000,-0.895900,1.228950,-9.110491
2023-04-03,14.830000,84.800000,4044.000000,2.324957,1.257522,-7.441935
2023-04-10,14.590000,84.330000,3907.000000,-2.025119,1.232056,-10.823147
2023-04-17,14.210000,84.820000,3928.000000,-4.463584,1.177062,-23.652874
2023-04-24,14.330000,82.320000,3714.000000,2.469339,1.206128,-14.610130
2023-05-01,14.170000,79.420000,3660.000000,2.843112,1.240419,-15.904550
2023-05-08,14.500000,76.580000,3732.000000,-0.312692,1.236540,-17.085235
2023-05-15,14.380000,75.530000,3667.000000,1.915464,1.260226,-17.369583
2023-05-22,14.200000,75.970000,3569.000000,-1.393866,1.242660,-16.796003
2023-05-29,14.390000,77.090000,3511.000000,-1.000783,1.230224,-23.580463
2023-06-05,14.360000,76.580000,3638.000000,-0.026074,1.229903,-18.863924
2023-06-12,14.350000,72.100000,3652.000000,-2.206484,1.202765,-26.367146
2023-06-19,14.410000,76.110000,3752.000000,-0.530491,1.196385,-22.680690
2023-06-26,14.220000,74.520000,3667.000000,-0.268641,1.193171,-27.955956
2023-07-03,13.830000,74.890000,3767.000000,-2.190146,1.167039,-31.579460
2023-07-10,14.140000,77.800000,3654.000000,-1.774381,1.146331,-36.731855
2023-07-17,14.040000,78.540000,3687.000000,-0.175596,1.144318,-38.244425
2023-07-24,14.150000,82.490000,3793.000000,-1.274387,1.129735,-44.437578
2023-07-31,15.310000,85.250000,3847.000000,2.553708,1.158585,-36.622152
2023-08-07,17.260000,85.870000,3732.000000,3.251472,1.196256,-33.187511
2023-08-14,17.290000,86.190000,3641.000000,-0.654985,1.188421,-31.692851
2023-08-21,17.160000,84.550000,3666.000000,1.179619,1.202440,-28.342565
2023-08-28,17.140000,83.800000,3667.000000,2.710157,1.235028,-24.489480
2023-09-04,17.110000,88.980000,3770.000000,0.409102,1.240080,-22.094823
2023-09-11,16.720000,90.620000,3759.000000,0.755610,1.249450,-23.121653
2023-09-18,16.620000,93.360000,3842.000000,-1.802196,1.226933,-23.916835
2023-09-25,16.250000,91.920000,3716.000000,0.252715,1.230033,-17.372323
2023-10-16,15.450000,90.150000,3657.000000,0.200260,1.232497,-19.891430
2023-10-23,15.500000,90.490000,3572.000000,1.157416,1.246762,-20.663058
2023-10-30,14.820000,86.570000,3740.000000,1.421767,1.264488,-15.015528
2023-11-06,14.780000,85.200000,3805.000000,-0.122073,1.262944,-13.046732
2023-11-13,14.690000,82.690000,3872.000000,-2.107912,1.236323,-16.104156
2023-11-20,14.700000,82.030000,3983.000000,-0.811184,1.226294,-15.523263
2023-11-27,14.790000,80.010000,3959.000000,-1.393194,1.209209,-19.201224
2023-12-04,14.460000,78.220000,3871.000000,-1.086123,1.196076,-22.928057
2023-12-11,14.040000,76.070000,4025.000000,-0.702552,1.187673,-19.442952
2023-12-18,14.540000,78.170000,3933.000000,0.264199,1.190810,-18.193585
2023-12-25,14.600000,78.890000,3998.000000,-0.058993,1.190108,-14.692709
2024-01-01,14.400000,77.050000,4002.000000,-2.509256,1.160245,-20.128830
2024-01-08,14.040000,76.220000,3950.000000,-2.266315,1.133950,-18.179461
2024-01-15,13.610000,78.740000,3896.000000,-0.456891,1.128769,-13.969600
2024-01-22,13.910000,79.870000,3902.000000,2.626398,1.158415,-6.981072
2024-01-29,14.760000,81.960000,3968.000000,0.921412,1.169089,-7.959859
2024-02-05,15.550000,77.920000,3833.000000,1.301317,1.184303,0.578653
2024-02-26,13.810000,81.730000,3749.000000,0.046183,1.184849,1.579160
2024-03-04,14.060000,82.800000,3762.000000,0.696178,1.193098,3.089612
2024-03-11,14.300000,82.440000,3606.000000,0.492760,1.198977,0.869428
2024-03-18,14.610000,86.880000,3513.000000,-0.064760,1.198201,1.664122
2024-03-25,15.050000,86.050000,3585.000000,1.607172,1.217458,-0.064108
2024-04-01,15.280000,87.820000,3456.000000,1.478013,1.235452,1.866933
2024-04-08,15.240000,90.580000,3560.000000,-0.188882,1.233119,-0.817266
2024-04-15,15.310000,90.390000,3616.000000,1.690818,1.253968,1.115410
2024-04-22,15.120000,87.160000,3670.000000,-1.182796,1.239137,0.825501
2024-04-29,15.030000,87.280000,3675.000000,0.762318,1.248583,-0.713413
2024-05-13,15.110000,83.400000,3686.000000,2.018639,1.273787,3.331028
2024-05-20,15.400000,83.620000,3735.000000,-1.072286,1.260128,6.819221
2024-05-27,16.240000,82.810000,3763.000000,-1.277580,1.244029,3.094065
2024-06-03,17.400000,78.090000,3665.000000,1.578699,1.263669,1.856986
2024-06-10,18.570000,81.940000,3655.000000,-2.202579,1.235835,-0.057030
2024-06-17,18.770000,84.400000,3613.000000,-0.712290,1.227033,-2.669218
2024-06-24,18.230000,85.190000,3532.000000,-0.176490,1.224867,-1.442192
2024-07-01,17.640000,86.630000,3562.000000,-4.478514,1.170011,-5.018265
2024-07-08,18.320000,85.690000,3503.000000,3.874514,1.215344,-1.190849
2024-07-15,18.800000,84.930000,3551.000000,2.330514,1.243667,3.344114
2024-07-22,19.140000,82.260000,3451.000000,1.322470,1.260114,5.189820
2024-07-29,19.290000,79.100000,3363.000000,0.886931,1.271291,6.341843
2024-08-05,19.890000,77.290000,3367.000000,0.293558,1.275023,8.849457
2024-08-12,20.850000,82.010000,3222.000000,1.110205,1.289178,11.743856
2024-08-19,21.030000,77.710000,3156.000000,-0.820392,1.278602,11.095830
2024-08-26,20.310000,80.200000,3264.000000,-3.324292,1.236097,8.997605
2024-09-02,19.650000,77.250000,3178.000000,-1.705720,1.215013,4.755525
2024-09-09,20.020000,71.890000,3078.000000,2.308846,1.243066,3.838389
2024-09-16,19.610000,72.370000,3190.000000,-3.485572,1.199738,0.947761
2024-09-23,18.830000,73.570000,3087.000000,0.791487,1.209234,0.563417
2024-09-30,18.090000,72.000000,3551.000000,-2.978263,1.173219,-5.134180
2024-10-14,18.100000,75.070000,3502.000000,-2.351387,1.145632,-7.921921
2024-10-21,17.860000,74.070000,3358.000000,-1.129947,1.132687,-9.811070
2024-10-28,17.670000,71.560000,3451.000000,-0.573465,1.126192,-8.567553
2024-11-04,17.370000,75.210000,3425.000000,-1.167245,1.113046,-9.994059
2024-11-11,16.950000,71.890000,3331.000000,-0.549016,1.106936,-10.744647
2024-11-18,16.440000,73.120000,3279.000000,-1.973722,1.085088,-13.888876
2024-11-25,16.320000,72.540000,3297.000000,-0.206639,1.082846,-15.507483
2024-12-02,16.630000,71.910000,3333.000000,1.328534,1.097232,-14.065550
2024-12-09,16.080000,71.890000,3330.000000,-3.762059,1.055953,-15.769754
2024-12-16,16.030000,73.890000,3362.000000,2.035932,1.077452,-12.939779
2024-12-23,15.710000,72.640000,3290.000000,-2.025025,1.055633,-13.582598
2024-12-30,15.790000,74.110000,3317.000000,5.290550,1.111482,-7.335185
2025-01-06,16.230000,76.290000,3252.000000,-0.008758,1.111384,-6.638913
2025-01-13,16.230000,80.900000,3249.000000,-0.554327,1.105224,-7.458633
2025-01-20,15.640000,79.770000,3354.000000,-0.351438,1.101339,-7.751679
2025-01-27,15.530000,76.220000,3382.000000,0.367202,1.105384,-4.843875
2025-02-10,15.230000,76.090000,3331.000000,-0.323444,1.101808,-2.875452
2025-02-17,14.680000,75.300000,3290.000000,1.005374,1.112886,-1.417161
2025-02-24,14.960000,74.440000,3340.000000,0.028767,1.113206,-3.980898
2025-03-03,14.760000,71.430000,3296.000000,-1.677249,1.094535,-6.589565
2025-03-10,14.730000,69.140000,3220.000000,-0.145374,1.092943,-8.027967
2025-03-17,14.790000,70.920000,3217.000000,0.039039,1.093370,-8.035108
2025-03-24,14.790000,72.430000,3204.000000,-1.319933,1.078938,-10.057596
2025-03-31,14.730000,74.670000,3159.000000,-1.423421,1.063580,-11.982795
2025-04-07,14.760000,64.260000,3146.000000,-2.056666,1.041706,-13.996124
2025-04-14,14.750000,64.820000,3126.000000,0.975314,1.051866,-14.619930
2025-04-21,15.010000,66.490000,3113.000000,2.459457,1.077736,-13.657427
2025-04-28,15.020000,64.530000,3129.000000,1.571037,1.094668,-11.909542
2025-05-12,14.900000,64.950000,3082.000000,-6.819310,1.020019,-20.649193
2025-05-19,14.750000,65.480000,3069.000000,-0.343282,1.016518,-19.803218
2025-05-26,14.480000,64.170000,3004.000000,1.251767,1.029242,-19.318649
2025-06-03,14.550000,65.600000,2928.000000,-1.634870,1.012415,-22.965565
2025-06-09,14.260000,67.130000,2981.000000,-1.065797,1.001625,-22.959007
2025-06-16,14.140000,72.530000,2990.000000,0.121182,1.002839,-21.552087
2025-06-23,14.370000,69.760000,2995.000000,-0.651282,0.996307,-23.771866
2025-06-30,14.730000,66.630000,2997.000000,0.826645,1.004543,-20.721421
2025-07-07,15.390000,69.590000,3061.000000,1.647620,1.021094,-18.372389
2025-07-14,14.990000,69.100000,3138.000000,2.339747,1.044985,-15.882948
2025-07-21,14.520000,69.080000,3224.000000,-2.375841,1.020158,-13.705570
2025-07-28,14.330000,69.570000,3248.000000,-1.913737,1.000635,-19.439195
2025-08-04,14.170000,68.620000,3204.000000,0.929072,1.009932,-20.818184
2025-08-11,13.940000,66.670000,3250.000000,-0.781109,1.002043,-22.916162
2025-08-18,13.860000,66.450000,3155.000000,-0.974306,0.992280,-24.778266
2025-08-25,13.870000,68.180000,3138.000000,-0.714246,0.985193,-25.788203
2025-09-01,13.750000,68.160000,3115.000000,-0.019486,0.985001,-26.911778
2025-09-08,13.950000,66.210000,3132.000000,-0.753587,0.977578,-26.844444
2025-09-15,13.410000,67.450000,3136.000000,-0.860458,0.969166,-24.327822
2025-09-22,12.920000,65.970000,3185.000000,0.315330,0.972222,-22.292554
2025-09-29,12.540000,66.740000,3097.000000,0.224367,0.974404,-24.351033
2025-10-13,11.350000,63.390000,3083.000000,-2.191332,0.953051,-23.018964
2025-10-20,11.050000,60.910000,3045.000000,1.280070,0.965251,-22.535389
2025-10-27,11.700000,65.020000,3100.000000,0.546854,0.970529,-18.966510
2025-11-03,12.440000,64.840000,3079.000000,1.160720,0.981795,-15.433001
2025-11-10,11.890000,63.940000,3044.000000,-2.422090,0.958015,-16.748527
2025-11-17,11.740000,64.030000,3097.000000,-3.038860,0.928902,-19.259401
2025-11-24,11.600000,62.730000,3089.000000,2.179405,0.949146,-15.929296
2025-12-01,11.320000,63.300000,3134.000000,-0.893841,0.940663,-16.276627
2025-12-08,11.300000,62.500000,3123.000000,-0.384067,0.937050,-14.667974
2025-12-15,11.480000,60.370000,3074.000000,0.424777,0.941030,-14.037244
2025-12-22,11.710000,61.460000,3126.000000,0.184519,0.942767,-15.172680
2025-12-29,11.780000,61.220000,3130.000000,-0.623908,0.936885,-11.963893
2026-01-05,12.680000,61.770000,3104.000000,0.786900,0.944257,-13.195556
2026-01-12,12.640000,64.210000,3165.000000,-1.953008,0.925816,-13.122078
2026-01-19,12.890000,64.140000,3140.000000,1.823681,0.942699,-16.470176
2026-01-26,13.120000,64.860000,3143.000000,-0.071427,0.942026,-16.532869
2026-02-02,12.560000,66.120000,3098.000000,-0.967967,0.932908,-16.949682
2026-02-09,12.170000,69.120000,3064.000000,1.612069,0.947947,-14.998412
2026-03-02,10.940000,77.950000,3067.000000,-2.287150,0.926266,-17.678653
2026-03-09,10.440000,89.800000,3119.000000,0.082613,0.927031,-17.272106
2026-03-16,10.170000,100.810000,3140.000000,0.110596,0.928056,-18.161925
2026-03-23,10.020000,96.150000,3154.000000,0.865810,0.936091,-17.328604
2026-03-30,9.510000,108.800000,3139.000000,4.464110,0.977880,-11.269792
2026-04-07,9.240000,103.680000,3115.000000,5.180949,1.028543,-6.073112
2026-04-13,8.880000,97.950000,3100.000000,3.537110,1.064924,-2.636152
2026-04-20,9.000000,93.950000,3172.000000,-0.869587,1.055663,-2.180820
2026-04-27,9.890000,101.960000,3190.000000,6.567252,1.124991,5.613437
2026-05-11,9.790000,104.510000,3286.000000,-2.110965,1.101243,5.557983
2026-05-25,9.650000,93.600000,3218.000000,-3.153493,1.066516,1.383108
2026-06-01,9.630000,95.250000,3177.000000,-2.160339,1.043475,-3.230607
2026-06-08,9.610000,94.080000,3157.000000,3.297621,1.077885,-1.545015
2026-06-15,9.530000,83.360000,3187.000000,1.493769,1.093986,7.000674
2026-06-23,9.620000,76.780000,3112.000000,-3.993410,1.050299,3.269211
2026-06-29,9.460000,73.550000,3095.000000,0.543985,1.056012,2.567725
2026-07-06,10.440000,71.980000,3072.000000,1.293332,1.069670,5.501147
2026-07-13,11.330000,83.160000,3054.000000,-3.540338,1.031800,2.968136
2026-07-20,11.000000,88.810000,3096.000000,-4.101968,0.989476,-1.341444
2026-07-27,10.580000,85.340000,3078.000000,-1.607592,0.973569,-2.308686
2026-08-03,10.390000,83.570000,3004.000000,-1.010679,0.963730,-4.147754
