date,hf_yoy_pct,hf_yoy_plot,inflation_factor,diff_plot
2017-08-14,4.7341,0.4734,2.0499,-1.5765
2017-08-21,4.0479,0.4048,2.0499,-1.6451
2017-08-28,3.7494,0.3749,2.0499,-1.6750
2017-09-04,4.6857,0.4686,2.6252,-2.1566
2017-09-11,2.4471,0.2447,2.6252,-2.3805
2017-09-18,2.6310,0.2631,2.6252,-2.3621
2017-09-25,6.0645,0.6064,2.6252,-2.0188
2017-10-02,8.8769,0.8877,2.7886,-1.9009
2017-10-09,11.9518,1.1952,2.7886,-1.5934
2017-10-16,14.8264,1.4826,2.7886,-1.3060
2017-10-23,17.8820,1.7882,2.7886,-1.0004
2017-10-30,17.3947,1.7395,2.7886,-1.0491
2017-11-06,12.2478,1.2248,3.4017,-2.1769
2017-11-13,16.4301,1.6430,3.4017,-1.7587
2017-11-20,16.8439,1.6844,3.4017,-1.7173
2017-11-27,23.5501,2.3550,3.4017,-1.0467
2017-12-04,29.0571,2.9057,3.1927,-0.2870
2017-12-11,29.5465,2.9547,3.1927,-0.2380
2017-12-18,21.9030,2.1903,3.1927,-1.0024
2017-12-25,25.9319,2.5932,3.1927,-0.5995
2018-01-01,21.9114,2.1911,2.8368,-0.6457
2018-01-08,20.2208,2.0221,2.8368,-0.8147
2018-01-15,15.8850,1.5885,2.8368,-1.2483
2018-01-22,13.7963,1.3796,2.8368,-1.4572
2018-01-29,11.2230,1.1223,2.8368,-1.7145
2018-02-05,12.8770,1.2877,2.1902,-0.9025
2018-02-12,15.0807,1.5081,2.1902,-0.6821
2018-02-26,7.5633,0.7563,2.1902,-1.4339
2018-03-05,9.1961,0.9196,3.1399,-2.2203
2018-03-12,3.2139,0.3214,3.1399,-2.8185
2018-03-19,3.3280,0.3328,3.1399,-2.8071
2018-03-26,7.4521,0.7452,3.1399,-2.3947
2018-04-02,6.9814,0.6981,2.3655,-1.6674
2018-04-09,4.9715,0.4972,2.3655,-1.8683
2018-04-16,4.9159,0.4916,2.3655,-1.8739
2018-04-23,10.2467,1.0247,2.3655,-1.3408
2018-04-30,8.1118,0.8112,2.1804,-1.3692
2018-05-07,10.9923,1.0992,2.1804,-1.0812
2018-05-14,6.3125,0.6313,2.1804,-1.5491
2018-05-21,8.9539,0.8954,2.1804,-1.2850
2018-05-28,12.0955,1.2095,2.1804,-0.9709
2018-06-04,13.2182,1.3218,2.3270,-1.0052
2018-06-11,15.2456,1.5246,2.3270,-0.8024
2018-06-18,11.0046,1.1005,2.3270,-1.2265
2018-06-25,12.7208,1.2721,2.3270,-1.0549
2018-07-02,13.0189,1.3019,2.5277,-1.2258
2018-07-09,17.6124,1.7612,2.5277,-0.7665
2018-07-16,22.7233,2.2723,2.5277,-0.2554
2018-07-23,23.9115,2.3912,2.5277,-0.1365
2018-07-30,25.4554,2.5455,2.5277,0.0178
2018-08-06,24.9456,2.4946,2.6370,-0.1424
2018-08-13,23.1637,2.3164,2.6370,-0.3206
2018-08-20,18.0760,1.8076,2.6370,-0.8294
2018-08-27,21.3085,2.1308,2.6370,-0.5062
2018-09-03,21.6863,2.1686,2.7147,-0.5461
2018-09-10,22.1001,2.2100,2.7147,-0.5047
2018-09-17,19.4434,1.9443,2.7147,-0.7704
2018-09-24,20.7493,2.0749,2.7147,-0.6398
2018-10-01,19.6962,1.9696,2.7919,-0.8223
2018-10-08,19.8325,1.9832,2.7919,-0.8087
2018-10-15,17.3963,1.7396,2.7919,-1.0523
2018-10-22,19.5927,1.9593,2.7919,-0.8326
2018-10-29,18.6445,1.8645,2.7919,-0.9274
2018-11-05,17.1093,1.7109,2.7741,-1.0632
2018-11-12,18.9224,1.8922,2.7741,-0.8819
2018-11-19,13.4753,1.3475,2.7741,-1.4266
2018-11-26,11.0279,1.1028,2.7741,-1.6713
2018-12-03,7.4147,0.7415,2.3813,-1.6398
2018-12-10,3.3260,0.3326,2.3813,-2.0487
2018-12-17,3.9946,0.3995,2.3813,-1.9818
2018-12-24,-0.4459,-0.0446,2.3813,-2.4259
2018-12-31,-1.6004,-0.1600,1.6282,-1.7882
2019-01-07,-2.5774,-0.2577,1.6282,-1.8859
2019-01-14,-4.6111,-0.4611,1.6282,-2.0893
2019-01-17,-9.2248,-0.9225,1.6282,-2.5507
2019-01-21,-8.4054,-0.8405,1.6282,-2.4687
2019-01-28,-10.8083,-1.0808,1.6282,-2.7090
2019-02-18,-9.0062,-0.9006,1.3736,-2.2742
2019-02-25,-9.7851,-0.9785,1.3736,-2.3521
2019-03-04,-11.4729,-1.1473,1.2755,-2.4228
2019-03-11,-11.0502,-1.1050,1.2755,-2.3805
2019-03-18,-0.8673,-0.0867,1.2755,-1.3622
2019-03-25,2.6233,0.2623,1.2755,-1.0132
2019-04-01,1.6057,0.1606,2.0093,-1.8487
2019-04-08,4.5054,0.4505,2.0093,-1.5588
2019-04-15,5.1766,0.5177,2.0093,-1.4916
2019-04-22,4.1530,0.4153,2.0093,-1.5940
2019-04-29,3.4309,0.3431,2.0093,-1.6662
2019-05-06,6.0944,0.6094,2.2516,-1.6422
2019-05-13,5.6188,0.5619,2.2516,-1.6897
2019-05-20,5.7120,0.5712,2.2516,-1.6804
2019-05-27,2.7213,0.2721,2.2516,-1.9795
2019-06-03,1.4817,0.1482,2.3518,-2.2036
2019-06-10,3.4981,0.3498,2.3518,-2.0020
2019-06-17,2.7703,0.2770,2.3518,-2.0748
2019-06-24,2.0713,0.2071,2.3518,-2.1447
2019-07-01,2.7124,0.2712,2.2144,-1.9432
2019-07-08,3.4789,0.3479,2.2144,-1.8665
2019-07-15,2.5497,0.2550,2.2144,-1.9594
2019-07-22,3.3015,0.3302,2.2144,-1.8842
2019-07-29,3.5323,0.3532,2.2144,-1.8612
2019-08-05,-0.3623,-0.0362,2.1628,-2.1990
2019-08-12,2.4620,0.2462,2.1628,-1.9166
2019-08-19,7.4782,0.7478,2.1628,-1.4150
2019-08-26,7.0995,0.7100,2.1628,-1.4528
2019-09-02,3.6883,0.3688,1.9664,-1.5976
2019-09-09,2.9454,0.2945,1.9664,-1.6719
2019-09-16,4.9293,0.4929,1.9664,-1.4735
2019-09-23,9.2095,0.9209,1.9664,-1.0455
2019-09-30,5.4673,0.5467,1.8809,-1.3342
2019-10-14,9.7978,0.9798,1.8809,-0.9011
2019-10-21,11.8953,1.1895,1.8809,-0.6914
2019-10-28,10.0627,1.0063,1.8809,-0.8746
2019-11-04,4.5954,0.4595,1.8663,-1.4068
2019-11-11,-0.6541,-0.0654,1.8663,-1.9317
2019-11-18,-2.5957,-0.2596,1.8663,-2.1259
2019-11-25,-5.7596,-0.5760,1.8663,-2.4423
2019-12-02,-2.0395,-0.2039,1.6020,-1.8059
2019-12-09,3.0829,0.3083,1.6020,-1.2937
2019-12-16,3.6151,0.3615,1.6020,-1.2405
2019-12-23,5.8962,0.5896,1.6020,-1.0124
2019-12-30,5.0973,0.5097,1.6020,-1.0923
2020-01-06,13.6252,1.3625,1.7932,-0.4307
2020-01-13,13.3349,1.3335,1.7932,-0.4597
2020-01-20,13.6797,1.3680,1.7932,-0.4252
2020-02-10,16.6636,1.6664,2.3262,-0.6598
2020-02-17,25.0926,2.5093,2.3262,0.1831
2020-02-24,24.3081,2.4308,2.3262,0.1046
2020-03-02,25.4303,2.5430,1.9396,0.6034
2020-03-09,13.0487,1.3049,1.9396,-0.6347
2020-03-16,16.7579,1.6758,1.9396,-0.2638
2020-03-23,16.5757,1.6576,1.9396,-0.2820
2020-03-30,14.3245,1.4324,1.9396,-0.5072
2020-04-06,-14.2565,-1.4256,1.0343,-2.4599
2020-04-13,-18.3264,-1.8326,1.0343,-2.8669
2020-04-20,-18.2686,-1.8269,1.0343,-2.8612
2020-04-27,-25.4386,-2.5439,1.0343,-3.5782
2020-05-04,-20.5299,-2.0530,0.0853,-2.1383
2020-05-11,-20.7097,-2.0710,0.0853,-2.1563
2020-05-18,-33.7178,-3.3718,0.0853,-3.4571
2020-05-25,-40.8183,-4.0818,0.0853,-4.1671
2020-06-01,-32.0007,-3.2001,-0.4445,-2.7556
2020-06-08,-28.4213,-2.8421,-0.4445,-2.3976
2020-06-15,-22.8682,-2.2868,-0.4445,-1.8423
2020-06-22,-21.8952,-2.1895,-0.4445,-1.7450
2020-06-29,-20.4950,-2.0495,-0.4445,-1.6050
2020-07-06,-15.4708,-1.5471,-0.0451,-1.5020
2020-07-13,-12.6120,-1.2612,-0.0451,-1.2161
2020-07-20,-8.6561,-0.8656,-0.0451,-0.8205
2020-07-27,-10.6659,-1.0666,-0.0451,-1.0215
2020-08-03,-7.8098,-0.7810,0.2989,-1.0799
2020-08-10,-11.3691,-1.1369,0.2989,-1.4358
2020-08-17,-11.6699,-1.1670,0.2989,-1.4659
2020-08-24,-9.1858,-0.9186,0.2989,-1.2175
2020-08-31,-12.8722,-1.2872,0.2677,-1.5549
2020-09-07,-13.6564,-1.3656,0.2677,-1.6333
2020-09-14,-13.3782,-1.3378,0.2677,-1.6055
2020-09-21,-14.0184,-1.4018,0.2677,-1.6695
2020-09-28,-12.9608,-1.2961,0.2677,-1.5638
2020-10-12,-19.5311,-1.9531,-0.2531,-1.7000
2020-10-19,-25.2937,-2.5294,-0.2531,-2.2763
2020-10-26,-21.5565,-2.1557,-0.2531,-1.9026
2020-11-02,-26.2999,-2.6300,-0.9681,-1.6619
2020-11-09,-29.8331,-2.9833,-0.9681,-2.0152
2020-11-16,-28.1647,-2.8165,-0.9681,-1.8484
2020-11-23,-26.7330,-2.6733,-0.9681,-1.7052
2020-11-30,-25.9419,-2.5942,-1.1088,-1.4854
2020-12-07,-20.4791,-2.0479,-1.1088,-0.9391
2020-12-14,-14.9858,-1.4986,-1.1088,-0.3898
2020-12-21,-15.7290,-1.5729,-1.1088,-0.4641
2020-12-28,-15.6565,-1.5656,-1.1088,-0.4568
2021-01-04,-13.3838,-1.3384,-0.1695,-1.1689
2021-01-11,-11.3898,-1.1390,-0.1695,-0.9695
2021-01-18,-9.6296,-0.9630,-0.1695,-0.7935
2021-01-25,-10.3192,-1.0319,-0.1695,-0.8624
2021-02-01,-10.4127,-1.0413,0.0596,-1.1009
2021-02-08,-9.2185,-0.9218,0.0596,-0.9814
2021-03-01,-13.1487,-1.3149,0.7683,-2.0832
2021-03-08,-13.3475,-1.3347,0.7683,-2.1030
2021-03-15,-12.3781,-1.2378,0.7683,-2.0061
2021-03-22,-11.0590,-1.1059,0.7683,-1.8742
2021-03-29,3.6678,0.3668,0.7683,-0.4015
2021-04-05,2.0872,0.2087,1.8831,-1.6744
2021-04-12,3.0555,0.3055,1.8831,-1.5776
2021-04-19,3.1375,0.3138,1.8831,-1.5693
2021-04-26,25.3164,2.5316,1.8831,0.6485
2021-05-03,26.2796,2.6280,2.5294,0.0986
2021-05-10,24.7969,2.4797,2.5294,-0.0497
2021-05-17,31.3115,3.1312,2.5294,0.6018
2021-05-24,26.8579,2.6858,2.5294,0.1564
2021-05-31,29.4554,2.9455,3.0187,-0.0732
2021-06-07,38.7150,3.8715,3.0187,0.8528
2021-06-14,43.3639,4.3364,3.0187,1.3177
2021-06-21,33.3384,3.3338,3.0187,0.3151
2021-06-28,30.6566,3.0657,3.0187,0.0470
2021-07-05,28.2871,2.8287,2.5676,0.2611
2021-07-12,29.6412,2.9641,2.5676,0.3965
2021-07-19,29.8507,2.9851,2.5676,0.4175
2021-07-26,24.5818,2.4582,2.5676,-0.1094
2021-08-02,30.2886,3.0289,2.2495,0.7794
2021-08-09,24.0556,2.4056,2.2495,0.1561
2021-08-16,15.6849,1.5685,2.2495,-0.6810
2021-08-23,16.3489,1.6349,2.2495,-0.6146
2021-09-06,14.0025,1.4002,1.8827,-0.4825
2021-09-13,13.3592,1.3359,1.8827,-0.5468
2021-09-20,7.2107,0.7211,1.8827,-1.1616
2021-09-27,6.4993,0.6499,1.8827,-1.2328
2021-10-18,10.1792,1.0179,1.7814,-0.7635
2021-10-25,15.5987,1.5599,1.7814,-0.2215
2021-11-01,20.6471,2.0647,2.9041,-0.8394
2021-11-08,23.8188,2.3819,2.9041,-0.5222
2021-11-15,28.8165,2.8817,2.9041,-0.0224
2021-11-22,33.1087,3.3109,2.9041,0.4068
2021-11-29,31.2681,3.1268,2.9041,0.2227
2021-12-06,27.0765,2.7076,3.7274,-1.0198
2021-12-13,28.7080,2.8708,3.7274,-0.8566
2021-12-20,26.8743,2.6874,3.7274,-1.0400
2021-12-27,24.0877,2.4088,3.7274,-1.3186
2022-01-03,25.9405,2.5941,2.8272,-0.2331
2022-01-10,20.2595,2.0260,2.8272,-0.8012
2022-01-17,11.5540,1.1554,2.8272,-1.6718
2022-01-24,11.8787,1.1879,2.8272,-1.6393
2022-02-14,6.4227,0.6423,2.2008,-1.5585
2022-02-21,2.1172,0.2117,2.2008,-1.9891
2022-02-28,5.1422,0.5142,2.2358,-1.7216
2022-03-07,3.6381,0.3638,2.2358,-1.8720
2022-03-14,7.9192,0.7919,2.2358,-1.4439
2022-03-21,8.0976,0.8098,2.2358,-1.4260
2022-03-28,7.5207,0.7521,2.2358,-1.4837
2022-04-04,17.9202,1.7920,2.8044,-1.0124
2022-04-11,9.7628,0.9763,2.8044,-1.8281
2022-04-18,13.4113,1.3411,2.8044,-1.4633
2022-04-25,11.6526,1.1653,2.8044,-1.6391
2022-05-02,8.7393,0.8739,3.4237,-2.5498
2022-05-09,6.7998,0.6800,3.4237,-2.7437
2022-05-16,13.5448,1.3545,3.4237,-2.0692
2022-05-23,10.5997,1.0600,3.4237,-2.3637
2022-05-30,15.0872,1.5087,3.4237,-1.9150
2022-06-06,14.3350,1.4335,3.0345,-1.6010
2022-06-13,21.0883,2.1088,3.0345,-0.9257
2022-06-20,21.1241,2.1124,3.0345,-0.9221
2022-06-27,23.3327,2.3333,3.0345,-0.7012
2022-07-04,22.9084,2.2908,3.2964,-1.0056
2022-07-11,29.1986,2.9199,3.2964,-0.3765
2022-07-18,24.8111,2.4811,3.2964,-0.8153
2022-07-25,25.7907,2.5791,3.2964,-0.7173
2022-08-01,21.1842,2.1184,3.0107,-0.8923
2022-08-08,15.9230,1.5923,3.0107,-1.4184
2022-08-15,13.2818,1.3282,3.0107,-1.6825
2022-08-22,8.8076,0.8808,3.0107,-2.1299
2022-08-29,10.5512,1.0551,3.0107,-1.9556
2022-09-05,4.1434,0.4143,2.4653,-2.0510
2022-09-12,1.9370,0.1937,2.4653,-2.2716
2022-09-19,13.5835,1.3583,2.4653,-1.1070
2022-09-26,12.5510,1.2551,2.4653,-1.2102
2022-10-03,10.4843,1.0484,2.5198,-1.4714
2022-10-10,8.9449,0.8945,2.5198,-1.6253
2022-10-17,14.2958,1.4296,2.5198,-1.0902
2022-10-24,13.4417,1.3442,2.5198,-1.1756
2022-10-31,11.6090,1.1609,1.6370,-0.4761
2022-11-07,8.3453,0.8345,1.6370,-0.8025
2022-11-14,0.7304,0.0730,1.6370,-1.5640
2022-11-21,-3.7448,-0.3745,1.6370,-2.0115
2022-11-28,-9.1203,-0.9120,1.6370,-2.5490
2022-12-05,-6.5716,-0.6572,1.2030,-1.8602
2022-12-12,-11.0565,-1.1057,1.2030,-2.3087
2022-12-19,-13.1598,-1.3160,1.2030,-2.5190
2022-12-26,-18.5116,-1.8512,1.2030,-3.0542
2023-01-02,-15.4440,-1.5444,1.4615,-3.0059
2023-01-09,-17.7794,-1.7779,1.4615,-3.2394
2023-01-16,-19.7236,-1.9724,1.4615,-3.4339
2023-02-06,-18.6253,-1.8625,1.7524,-3.6149
2023-02-13,-8.3156,-0.8316,1.7524,-2.5840
2023-02-20,-10.1285,-1.0128,1.7524,-2.7652
2023-02-27,-3.4520,-0.3452,1.7524,-2.0976
2023-03-06,-2.2430,-0.2243,0.7103,-0.9346
2023-03-13,-4.0834,-0.4083,0.7103,-1.1186
2023-03-20,-3.1869,-0.3187,0.7103,-1.0290
2023-03-27,-9.1105,-0.9110,0.7103,-1.6213
2023-04-03,-7.4419,-0.7442,0.2189,-0.9631
2023-04-10,-10.8231,-1.0823,0.2189,-1.3012
2023-04-17,-23.6529,-2.3653,0.2189,-2.5842
2023-04-24,-14.6101,-1.4610,0.2189,-1.6799
2023-05-01,-15.9045,-1.5905,-0.6481,-0.9424
2023-05-08,-17.0852,-1.7085,-0.6481,-1.0604
2023-05-15,-17.3696,-1.7370,-0.6481,-1.0889
2023-05-22,-16.7960,-1.6796,-0.6481,-1.0315
2023-05-29,-23.5805,-2.3580,-0.6481,-1.7099
2023-06-05,-18.8639,-1.8864,-0.9283,-0.9581
2023-06-12,-26.3671,-2.6367,-0.9283,-1.7084
2023-06-19,-22.6807,-2.2681,-0.9283,-1.3398
2023-06-26,-27.9560,-2.7956,-0.9283,-1.8673
2023-07-03,-31.5795,-3.1579,-1.4756,-1.6823
2023-07-10,-36.7319,-3.6732,-1.4756,-2.1976
2023-07-17,-38.2444,-3.8244,-1.4756,-2.3488
2023-07-24,-44.4376,-4.4438,-1.4756,-2.9682
2023-07-31,-36.6222,-3.6622,-1.6016,-2.0606
2023-08-07,-33.1875,-3.3188,-1.6016,-1.7172
2023-08-14,-31.6929,-3.1693,-1.6016,-1.5677
2023-08-21,-28.3426,-2.8343,-1.6016,-1.2327
2023-08-28,-24.4895,-2.4489,-1.6016,-0.8473
2023-09-04,-22.0948,-2.2095,-0.9936,-1.2159
2023-09-11,-23.1217,-2.3122,-0.9936,-1.3186
2023-09-18,-23.9168,-2.3917,-0.9936,-1.3981
2023-09-25,-17.3723,-1.7372,-0.9936,-0.7436
2023-10-16,-19.8914,-1.9891,-0.9020,-1.0871
2023-10-23,-20.6631,-2.0663,-0.9020,-1.1643
2023-10-30,-15.0155,-1.5016,-0.9020,-0.5996
2023-11-06,-13.0467,-1.3047,-1.0451,-0.2596
2023-11-13,-16.1042,-1.6104,-1.0451,-0.5653
2023-11-20,-15.5233,-1.5523,-1.0451,-0.5072
2023-11-27,-19.2012,-1.9201,-1.0451,-0.8750
2023-12-04,-22.9281,-2.2928,-1.3987,-0.8941
2023-12-11,-19.4430,-1.9443,-1.3987,-0.5456
2023-12-18,-18.1936,-1.8194,-1.3987,-0.4207
2023-12-25,-14.6927,-1.4693,-1.3987,-0.0706
2024-01-01,-20.1288,-2.0129,-1.1541,-0.8588
2024-01-08,-18.1795,-1.8179,-1.1541,-0.6638
2024-01-15,-13.9696,-1.3970,-1.1541,-0.2429
2024-01-22,-6.9811,-0.6981,-1.1541,0.4560
2024-01-29,-7.9599,-0.7960,-1.1541,0.3581
2024-02-05,0.5787,0.0579,-1.3187,1.3766
2024-02-26,1.5792,0.1579,-1.3187,1.4766
2024-03-04,3.0896,0.3090,-0.3508,0.6598
2024-03-11,0.8694,0.0869,-0.3508,0.4377
2024-03-18,1.6641,0.1664,-0.3508,0.5172
2024-03-25,-0.0641,-0.0064,-0.3508,0.3444
2024-04-01,1.8669,0.1867,-0.7198,0.9065
2024-04-08,-0.8173,-0.0817,-0.7198,0.6381
2024-04-15,1.1154,0.1115,-0.7198,0.8313
2024-04-22,0.8255,0.0826,-0.7198,0.8024
2024-04-29,-0.7134,-0.0713,-0.7198,0.6485
2024-05-13,3.3310,0.3331,-0.4968,0.8299
2024-05-20,6.8192,0.6819,-0.4968,1.1787
2024-05-27,3.0941,0.3094,-0.4968,0.8062
2024-06-03,1.8570,0.1857,-0.1807,0.3664
2024-06-10,-0.0570,-0.0057,-0.1807,0.1750
2024-06-17,-2.6692,-0.2669,-0.1807,-0.0862
2024-06-24,-1.4422,-0.1442,-0.1807,0.0365
2024-07-01,-5.0183,-0.5018,-0.1190,-0.3828
2024-07-08,-1.1908,-0.1191,-0.1190,-0.0001
2024-07-15,3.3441,0.3344,-0.1190,0.4534
2024-07-22,5.1898,0.5190,-0.1190,0.6380
2024-07-29,6.3418,0.6342,-0.1190,0.7532
2024-08-05,8.8495,0.8849,0.0495,0.8354
2024-08-12,11.7439,1.1744,0.0495,1.1249
2024-08-19,11.0958,1.1096,0.0495,1.0601
2024-08-26,8.9976,0.8998,0.0495,0.8503
2024-09-02,4.7555,0.4756,-0.2869,0.7625
2024-09-09,3.8384,0.3838,-0.2869,0.6707
2024-09-16,0.9478,0.0948,-0.2869,0.3817
2024-09-23,0.5634,0.0563,-0.2869,0.3432
2024-09-30,-5.1342,-0.5134,-0.7812,0.2678
2024-10-14,-7.9219,-0.7922,-0.7812,-0.0110
2024-10-21,-9.8111,-0.9811,-0.7812,-0.1999
2024-10-28,-8.5676,-0.8568,-0.7812,-0.0756
2024-11-04,-9.9941,-0.9994,-0.8517,-0.1477
2024-11-11,-10.7446,-1.0745,-0.8517,-0.2228
2024-11-18,-13.8889,-1.3889,-0.8517,-0.5372
2024-11-25,-15.5075,-1.5507,-0.8517,-0.6990
2024-12-02,-14.0655,-1.4066,-0.7268,-0.6798
2024-12-09,-15.7698,-1.5770,-0.7268,-0.8502
2024-12-16,-12.9398,-1.2940,-0.7268,-0.5672
2024-12-23,-13.5826,-1.3583,-0.7268,-0.6315
2024-12-30,-7.3352,-0.7335,-0.7268,-0.0067
2025-01-06,-6.6389,-0.6639,-0.6936,0.0297
2025-01-13,-7.4586,-0.7459,-0.6936,-0.0523
2025-01-20,-7.7517,-0.7752,-0.6936,-0.0816
2025-01-27,-4.8439,-0.4844,-0.6936,0.2092
2025-02-10,-2.8755,-0.2875,-0.0682,-0.2193
2025-02-17,-1.4172,-0.1417,-0.0682,-0.0735
2025-02-24,-3.9809,-0.3981,-0.0682,-0.3299
2025-03-03,-6.5896,-0.6590,-1.1673,0.5083
2025-03-10,-8.0280,-0.8028,-1.1673,0.3645
2025-03-17,-8.0351,-0.8035,-1.1673,0.3638
2025-03-24,-10.0576,-1.0058,-1.1673,0.1615
2025-03-31,-11.9828,-1.1983,-0.8815,-0.3168
2025-04-07,-13.9961,-1.3996,-0.8815,-0.5181
2025-04-14,-14.6199,-1.4620,-0.8815,-0.5805
2025-04-21,-13.6574,-1.3657,-0.8815,-0.4842
2025-04-28,-11.9095,-1.1910,-0.8815,-0.3095
2025-05-12,-20.6492,-2.0649,-0.9531,-1.1118
2025-05-19,-19.8032,-1.9803,-0.9531,-1.0272
2025-05-26,-19.3186,-1.9319,-0.9531,-0.9788
2025-06-03,-22.9656,-2.2966,-1.1229,-1.1737
2025-06-09,-22.9590,-2.2959,-1.1229,-1.1730
2025-06-16,-21.5521,-2.1552,-1.1229,-1.0323
2025-06-23,-23.7719,-2.3772,-1.1229,-1.2543
2025-06-30,-20.7214,-2.0721,-1.1415,-0.9306
2025-07-07,-18.3724,-1.8372,-1.1415,-0.6957
2025-07-14,-15.8829,-1.5883,-1.1415,-0.4468
2025-07-21,-13.7056,-1.3706,-1.1415,-0.2291
2025-07-28,-19.4392,-1.9439,-1.1415,-0.8024
2025-08-04,-20.8182,-2.0818,-1.3710,-0.7108
2025-08-11,-22.9162,-2.2916,-1.3710,-0.9206
2025-08-18,-24.7783,-2.4778,-1.3710,-1.1068
2025-08-25,-25.7882,-2.5788,-1.3710,-1.2078
2025-09-01,-26.9118,-2.6912,-1.4204,-1.2708
2025-09-08,-26.8444,-2.6844,-1.4204,-1.2640
2025-09-15,-24.3278,-2.4328,-1.4204,-1.0124
2025-09-22,-22.2926,-2.2293,-1.4204,-0.8089
2025-09-29,-24.3510,-2.4351,-1.4204,-1.0147
2025-10-13,-23.0190,-2.3019,-1.0785,-1.2234
2025-10-20,-22.5354,-2.2535,-1.0785,-1.1750
2025-10-27,-18.9665,-1.8967,-1.0785,-0.8182
2025-11-03,-15.4330,-1.5433,-0.6485,-0.8948
2025-11-10,-16.7485,-1.6749,-0.6485,-1.0264
2025-11-17,-19.2594,-1.9259,-0.6485,-1.2774
2025-11-24,-15.9293,-1.5929,-0.6485,-0.9444
2025-12-01,-16.2766,-1.6277,-0.4745,-1.1532
2025-12-08,-14.6680,-1.4668,-0.4745,-0.9923
2025-12-15,-14.0372,-1.4037,-0.4745,-0.9292
2025-12-22,-15.1727,-1.5173,-0.4745,-1.0428
2025-12-29,-11.9639,-1.1964,-0.4745,-0.7219
2026-01-05,-13.1956,-1.3196,-0.3598,-0.9598
2026-01-12,-13.1221,-1.3122,-0.3598,-0.9524
2026-01-19,-16.4702,-1.6470,-0.3598,-1.2872
2026-01-26,-16.5329,-1.6533,-0.3598,-1.2935
2026-02-02,-16.9497,-1.6950,-0.4119,-1.2831
2026-02-09,-14.9984,-1.4998,-0.4119,-1.0879
2026-03-02,-17.6787,-1.7679,0.4755,-2.2434
2026-03-09,-17.2721,-1.7272,0.4755,-2.2027
2026-03-16,-18.1619,-1.8162,0.4755,-2.2917
2026-03-23,-17.3286,-1.7329,0.4755,-2.2084
2026-03-30,-11.2698,-1.1270,0.4755,-1.6025
2026-04-07,-6.0731,-0.6073,0.8439,-1.4512
2026-04-13,-2.6362,-0.2636,0.8439,-1.1075
2026-04-20,-2.1808,-0.2181,0.8439,-1.0620
2026-04-27,5.6134,0.5613,0.8439,-0.2826
2026-05-11,5.5580,0.5558,1.5839,-1.0281
2026-05-25,1.3831,0.1383,1.5839,-1.4456
2026-06-01,-3.2306,-0.3231,1.7459,-2.0690
2026-06-08,-1.5450,-0.1545,1.7459,-1.9004
2026-06-15,7.0007,0.7001,1.7459,-1.0458
2026-06-23,3.2692,0.3269,1.7459,-1.4190
2026-06-29,2.5677,0.2568,1.7459,-1.4891
2026-07-06,5.5011,0.5501,1.5719,-1.0218
2026-07-13,2.9681,0.2968,1.5719,-1.2751
2026-07-20,-1.3414,-0.1341,1.5719,-1.7060
2026-07-27,-2.3087,-0.2309,1.5719,-1.8028
2026-08-03,-4.1478,-0.4148,1.5719,-1.9867
