date,cpi_index,ppi_index,cpi_yoy,ppi_yoy,cpi_vol,ppi_vol,w_cpi,w_ppi,inflation_factor,cpi_yoy_official,ppi_yoy_official
2008-01-31,107.0781,106.1000,7.0781,6.1000,,,,,,7.0781,6.0700
2008-02-29,108.7443,106.6000,8.7443,6.6000,,,,,,8.7443,6.6200
2008-03-31,108.3097,108.0000,8.3097,8.0000,,,,,,8.3097,7.9500
2008-04-30,108.4829,108.1000,8.4829,8.1000,,,,,,8.4829,8.1200
2008-05-31,107.7163,108.2000,7.7163,8.2000,,,,,,7.7163,8.2200
2008-06-30,107.0844,108.8000,7.0844,8.8000,,,,,,7.0844,8.8400
2008-07-31,106.3020,110.0000,6.3020,10.0000,,,,,,6.3020,10.0300
2008-08-31,104.9001,110.1000,4.9001,10.1000,,,,,,4.9001,10.0600
2008-09-30,104.6425,109.1000,4.6425,9.1000,,,,,,4.6425,9.1300
2008-10-31,103.9744,106.6000,3.9744,6.6000,,,,,,3.9744,6.5900
2008-11-30,102.4340,102.0000,2.4340,2.0000,,,,,,2.4340,1.9900
2008-12-31,101.1999,98.9000,1.1999,-1.1000,2.4719,3.3230,0.5734,0.4266,0.2188,1.1999,-1.1400
2009-01-31,100.9500,96.7000,0.9500,-3.3000,2.8166,4.4418,0.6120,0.3880,-0.6992,0.9500,-3.3500
2009-02-28,98.4418,95.5000,-1.5582,-4.5000,3.2411,5.3825,0.6242,0.3758,-2.6638,-1.5582,-4.4700
2009-03-31,98.8286,94.0000,-1.1714,-6.0000,3.3899,6.1719,0.6455,0.3545,-2.8832,-1.1714,-5.9900
2009-04-30,98.5000,93.4000,-1.5000,-6.6000,3.3465,6.7188,0.6675,0.3325,-3.1956,-1.5000,-6.6000
2009-05-31,98.6287,92.8000,-1.3713,-7.2000,3.1855,7.0509,0.6888,0.3112,-3.1851,-1.3713,-7.2000
2009-06-30,98.3000,92.2000,-1.7000,-7.8000,2.9509,7.1148,0.7068,0.2932,-3.4883,-1.7000,-7.8000
2009-07-31,98.1943,91.8000,-1.8057,-8.2000,2.6452,6.7448,0.7183,0.2817,-3.6070,-1.8057,-8.2200
2009-08-31,98.7957,92.1000,-1.2043,-7.9000,2.3443,5.9015,0.7157,0.2843,-3.1079,-1.2043,-7.8600
2009-09-30,99.2117,93.0000,-0.7883,-7.0000,1.8992,4.6127,0.7083,0.2917,-2.6000,-0.7883,-6.9900
2009-10-31,99.4700,94.2000,-0.5300,-5.8000,1.3673,3.1030,0.6941,0.3059,-2.1419,-0.5300,-5.8500
2009-11-30,100.5600,97.9000,0.5600,-2.1000,1.0643,2.3665,0.6898,0.3102,-0.2652,0.5600,-2.0800
2009-12-31,101.8559,101.7000,1.8559,1.7000,1.1834,2.9253,0.7120,0.2880,1.8110,1.8559,1.7000
2010-01-31,101.5300,104.3000,1.5300,4.3000,1.2654,4.0325,0.7612,0.2388,2.1916,1.5300,4.3200
2010-02-28,102.6953,105.4000,2.6953,5.4000,1.5489,4.9893,0.7631,0.2369,3.3360,2.6953,5.3900
2010-03-31,102.3707,105.9000,2.3707,5.9000,1.6954,5.6765,0.7700,0.2300,3.1824,2.3707,5.9100
2010-04-30,102.8136,106.8000,2.8136,6.8000,1.8003,6.1865,0.7746,0.2254,3.7122,2.8136,6.8100
2010-05-31,103.0613,107.1000,3.0613,7.1000,1.8644,6.4295,0.7752,0.2248,3.9692,3.0613,7.1300
2010-06-30,102.9499,106.4000,2.9499,6.4000,1.7934,6.2960,0.7783,0.2217,3.7148,2.9499,6.4100
2010-07-31,103.3042,104.8000,3.3042,4.8000,1.6337,5.7481,0.7787,0.2213,3.6352,3.3042,4.8400
2010-08-31,103.4794,104.3000,3.4794,4.3000,1.4663,4.9292,0.7707,0.2293,3.6675,3.4794,4.3200
2010-09-30,103.6056,104.3000,3.6056,4.3000,1.2561,3.8874,0.7558,0.2442,3.7752,3.6056,4.3300
2010-10-31,104.3655,105.0000,4.3655,5.0000,1.0242,2.5278,0.7117,0.2883,4.5485,4.3655,5.0400
2010-11-30,105.1192,106.1000,5.1192,6.1000,0.9970,1.4716,0.5961,0.4039,5.5153,5.1192,6.0600
2010-12-31,104.5859,105.9000,4.5859,5.9000,0.9998,0.9910,0.4978,0.5022,5.2459,4.5859,5.9300
2011-01-31,104.9121,106.6000,4.9121,6.6000,0.9220,0.9543,0.5086,0.4914,5.7415,4.9121,6.6436
2011-02-28,104.9443,107.2000,4.9443,7.2000,0.9484,1.0378,0.5225,0.4775,6.0214,4.9443,7.2322
2011-03-31,105.3830,107.3000,5.3830,7.3000,0.9364,1.1175,0.5441,0.4559,6.2570,5.3830,7.3081
2011-04-30,105.3442,106.8000,5.3442,6.8000,0.9190,1.1175,0.5487,0.4513,6.0011,5.3442,6.8210
2011-05-31,105.5146,106.8000,5.5146,6.8000,0.9021,1.0933,0.5479,0.4521,6.0957,5.5146,6.7851
2011-06-30,106.3553,107.1000,6.3553,7.1000,0.9197,1.1368,0.5528,0.4472,6.6883,6.3553,7.1209
2011-07-31,106.4508,107.5000,6.4508,7.5000,0.9208,1.1413,0.5535,0.4465,6.9193,6.4508,7.5417
2011-08-31,106.1514,107.3000,6.1514,7.3000,0.8377,0.9968,0.5434,0.4566,6.6759,6.1514,7.2528
2011-09-30,106.0671,106.5000,6.0671,6.5000,0.6933,0.7213,0.5099,0.4901,6.2793,6.0671,6.5227
2011-10-31,105.4954,105.0000,5.4954,5.0000,0.6065,0.7213,0.5432,0.4568,5.2691,5.4954,5.0038
2011-11-30,104.2246,102.7000,4.2246,2.7000,0.7077,1.3561,0.6571,0.3429,3.7018,4.2246,2.7179
2011-12-31,104.0704,101.7000,4.0704,1.7000,0.7773,1.9195,0.7118,0.2882,3.3872,4.0704,1.6854
2012-01-31,104.5485,100.7000,4.5485,0.7000,0.8050,2.4467,0.7524,0.2476,3.5957,4.5485,0.7347
2012-02-29,103.1613,100.0000,3.1613,0.0000,1.0266,2.8542,0.7355,0.2645,2.3250,3.1613,0.0284
2012-03-31,103.5856,99.7000,3.5856,-0.3000,1.1284,3.1165,0.7342,0.2658,2.5527,3.5856,-0.3171
2012-04-30,103.3653,99.3000,3.3653,-0.7000,1.2268,3.3187,0.7301,0.2699,2.2681,3.3653,-0.6984
2012-05-31,103.0008,98.6000,3.0008,-1.4000,1.3258,3.4616,0.7231,0.2769,1.7820,3.0008,-1.3981
2012-06-30,102.1504,97.9000,2.1504,-2.1000,1.4038,3.4917,0.7132,0.2868,0.9316,2.1504,-2.0843
2012-07-31,101.8000,97.1000,1.8000,-2.9000,1.4148,3.3559,0.7034,0.2966,0.4061,1.8000,-2.8651
2012-08-31,102.0000,96.5000,2.0000,-3.5000,1.3380,3.0574,0.6956,0.3044,0.3258,2.0000,-3.4784
2012-09-30,101.9000,96.4000,1.9000,-3.6000,1.1769,2.6047,0.6888,0.3112,0.1883,1.9000,-3.5545
2012-10-31,101.7000,97.2000,1.7000,-2.8000,1.0263,2.0599,0.6674,0.3326,0.2035,1.7000,-2.7558
2012-11-30,102.0000,97.8000,2.0000,-2.2000,0.9767,1.7126,0.6368,0.3632,0.4747,2.0000,-2.1995
2012-12-31,102.5000,98.0603,2.5000,-1.9397,0.8883,1.4032,0.6123,0.3877,0.7789,2.5000,-1.9397
2013-01-31,102.0000,98.3628,2.0000,-1.6372,0.6687,1.1799,0.6383,0.3617,0.6843,2.0000,-1.6372
2013-02-28,103.2000,98.3746,3.2000,-1.6254,0.6727,1.0218,0.6030,0.3970,1.2844,3.2000,-1.6254
2013-03-31,102.1000,98.0810,2.1000,-1.9190,0.5703,0.8630,0.6021,0.3979,0.5010,2.1000,-1.9190
2013-04-30,102.4000,97.3825,2.4000,-2.6175,0.4665,0.7284,0.6096,0.3904,0.4412,2.4000,-2.6175
2013-05-31,102.0981,97.1342,2.0981,-2.8658,0.3986,0.6750,0.6287,0.3713,0.2551,2.0981,-2.8658
2013-06-30,102.7000,97.3035,2.7000,-2.6965,0.4286,0.6667,0.6087,0.3913,0.5884,2.7000,-2.6965
2013-07-31,102.7000,97.7288,2.7000,-2.2712,0.4310,0.6592,0.6047,0.3953,0.7348,2.7000,-2.2712
2013-08-31,102.6000,98.3750,2.6000,-1.6250,0.4310,0.6143,0.5877,0.4123,0.8579,2.6000,-1.6250
2013-09-30,103.1000,98.6561,3.1000,-1.3439,0.4616,0.5244,0.5318,0.4682,1.0196,3.1000,-1.3439
2013-10-31,103.2000,98.4929,3.2000,-1.5071,0.4504,0.5064,0.5292,0.4708,0.9841,3.2000,-1.5071
2013-11-30,103.0000,98.5758,3.0000,-1.4242,0.4316,0.5304,0.5514,0.4486,1.0151,3.0000,-1.4242
2013-12-31,102.4987,98.6443,2.4987,-1.3557,0.4316,0.5581,0.5639,0.4361,0.8178,2.4987,-1.3557
2014-01-31,102.5000,98.4000,2.5000,-1.6000,0.3867,0.5598,0.5914,0.4086,0.8249,2.5000,-1.6394
2014-02-28,102.0000,98.0000,2.0000,-2.0000,0.3936,0.5532,0.5843,0.4157,0.3371,2.0000,-2.0182
2014-03-31,102.4000,97.7000,2.4000,-2.3000,0.3695,0.5631,0.6038,0.3962,0.5376,2.4000,-2.3022
2014-04-30,101.8014,98.0000,1.8014,-2.0000,0.4338,0.5252,0.5477,0.4523,0.0818,1.8014,-2.0042
2014-05-31,102.5000,98.6000,2.5000,-1.4000,0.4106,0.4491,0.5224,0.4776,0.6372,2.5000,-1.4464
2014-06-30,102.3000,98.9000,2.3000,-1.1000,0.4165,0.3899,0.4835,0.5165,0.5439,2.3000,-1.1086
2014-07-31,102.3000,99.1000,2.3000,-0.9000,0.4194,0.3955,0.4854,0.5146,0.6532,2.3000,-0.8688
2014-08-31,102.0000,98.8000,2.0000,-1.2000,0.4436,0.4067,0.4783,0.5217,0.3306,2.0000,-1.2038
2014-09-30,101.6000,98.2000,1.6000,-1.8000,0.4600,0.4110,0.4719,0.5281,-0.1956,1.6000,-1.7996
2014-10-31,101.6011,97.8000,1.6011,-2.2000,0.4184,0.4513,0.5189,0.4811,-0.2277,1.6011,-2.2428
2014-11-30,101.4000,97.3000,1.4000,-2.7000,0.3977,0.5449,0.5781,0.4219,-0.3297,1.4000,-2.6928
2014-12-31,101.5000,96.7000,1.5000,-3.3000,0.4054,0.6969,0.6322,0.3678,-0.2653,1.5000,-3.3152
2015-01-31,100.8000,95.7000,0.8000,-4.3000,0.4981,0.9789,0.6627,0.3373,-0.9200,0.8000,-4.3202
2015-02-28,101.4000,95.2000,1.4000,-4.8000,0.5116,1.2492,0.7094,0.2906,-0.4015,1.4000,-4.7976
2015-03-31,101.4000,95.4000,1.4000,-4.6000,0.4859,1.4098,0.7437,0.2563,-0.1378,1.4000,-4.5603
2015-04-30,101.5000,95.4000,1.5000,-4.6000,0.4889,1.5174,0.7563,0.2437,0.0136,1.5000,-4.5725
2015-05-31,101.2000,95.4000,1.2000,-4.6000,0.4345,1.5412,0.7801,0.2199,-0.0755,1.2000,-4.6070
2015-06-30,101.4000,95.2000,1.4000,-4.8000,0.3729,1.4941,0.8003,0.1997,0.1618,1.4000,-4.8135
2015-07-31,101.6000,94.6000,1.6000,-5.4000,0.2813,1.3938,0.8321,0.1679,0.4245,1.6000,-5.3692
2015-08-31,102.0000,94.1000,2.0000,-5.9000,0.2813,1.2862,0.8205,0.1795,0.5823,2.0000,-5.9227
2015-09-30,101.5956,94.1000,1.5956,-5.9000,0.2811,1.1632,0.8054,0.1946,0.1368,1.5956,-5.9450
2015-10-31,101.3000,94.1000,1.3000,-5.9000,0.2798,0.9985,0.7811,0.2189,-0.2759,1.3000,-5.9000
2015-11-30,101.5000,94.1000,1.5000,-5.9000,0.2805,0.8169,0.7444,0.2556,-0.3913,1.5000,-5.9000
2015-12-31,101.6000,94.1000,1.6000,-5.9000,0.2841,0.6534,0.6970,0.3030,-0.6727,1.6000,-5.9000
2016-01-31,101.8000,94.7000,1.8000,-5.3000,0.2178,0.5862,0.7291,0.2709,-0.1234,1.8000,-5.3000
2016-02-29,102.3000,95.1000,2.3000,-4.9000,0.3075,0.5791,0.6532,0.3468,-0.1970,2.3000,-4.9000
2016-03-31,102.3000,95.7000,2.3000,-4.3000,0.3597,0.6177,0.6320,0.3680,-0.1290,2.3000,-4.3000
2016-04-30,102.3000,96.6000,2.3000,-3.4000,0.3966,0.8066,0.6704,0.3296,0.4211,2.3000,-3.4000
2016-05-31,102.0000,97.2000,2.0000,-2.8000,0.3632,1.0543,0.7438,0.2562,0.7701,2.0000,-2.8000
2016-06-30,101.9000,97.4000,1.9000,-2.6000,0.3401,1.2681,0.7885,0.2115,0.9484,1.9000,-2.6000
2016-07-31,101.8000,98.3000,1.8000,-1.7000,0.3315,1.5424,0.8231,0.1769,1.1808,1.8000,-1.7000
2016-08-31,101.3000,99.2000,1.3000,-0.8000,0.3657,1.8130,0.8322,0.1678,0.9475,1.3000,-0.8000
2016-09-30,101.9000,100.1000,1.9000,0.1000,0.3601,2.0836,0.8526,0.1474,1.6347,1.9000,0.1000
2016-10-31,102.1000,101.2000,2.1000,1.2000,0.3247,2.3653,0.8793,0.1207,1.9914,2.1000,1.2000
2016-11-30,102.3000,103.3000,2.3000,3.3000,0.3172,2.7998,0.8982,0.1018,2.4018,2.3000,3.3000
2016-12-31,102.1000,105.5000,2.1000,5.5000,0.2968,3.3348,0.9183,0.0817,2.3779,2.1000,5.5000
2017-01-31,102.5000,106.9000,2.5000,6.9000,0.3200,3.8301,0.9229,0.0771,2.8393,2.5000,6.9000
2017-02-28,100.8000,107.8000,0.8000,7.8000,0.4757,4.1797,0.8978,0.1022,1.5153,0.8000,7.8000
2017-03-31,100.9000,107.6000,0.9000,7.6000,0.5463,4.2788,0.8868,0.1132,1.6585,0.9000,7.6000
2017-04-30,101.2000,106.4000,1.2000,6.4000,0.5516,4.1377,0.8824,0.1176,1.8117,1.2000,6.4000
2017-05-31,101.5000,105.5000,1.5000,5.5000,0.5485,3.8405,0.8750,0.1250,1.9999,1.5000,5.5000
2017-06-30,101.5000,105.5000,1.5000,5.5000,0.5468,3.4025,0.8615,0.1385,2.0538,1.5000,5.5000
2017-07-31,101.4000,105.5000,1.4000,5.5000,0.5496,2.9175,0.8415,0.1585,2.0499,1.4000,5.5000
2017-08-31,101.8000,106.3000,1.8000,6.3000,0.5416,2.4118,0.8166,0.1834,2.6252,1.8000,6.3000
2017-09-30,101.6000,106.9000,1.6000,6.9000,0.5368,1.8567,0.7757,0.2243,2.7886,1.6000,6.9000
2017-10-31,101.9000,106.9000,1.9000,6.9000,0.5242,1.2211,0.6997,0.3003,3.4017,1.9000,6.9000
2017-11-30,101.7000,105.8000,1.7000,5.8000,0.4808,0.8397,0.6359,0.3641,3.1927,1.7000,5.8000
2017-12-31,101.8000,104.9000,1.8000,4.9000,0.4583,0.9119,0.6655,0.3345,2.8368,1.8000,4.9000
2018-01-31,101.5000,104.3000,1.5000,4.3000,0.3473,1.0616,0.7535,0.2465,2.1902,1.5000,4.3000
2018-02-28,102.9000,103.7000,2.9000,3.7000,0.4833,1.1283,0.7001,0.2999,3.1399,2.9000,3.7000
2018-03-31,102.1000,103.1000,2.1000,3.1000,0.4379,1.2113,0.7345,0.2655,2.3655,2.1000,3.1000
2018-04-30,101.8000,103.4000,1.8000,3.4000,0.4033,1.2930,0.7622,0.2378,2.1804,1.8000,3.4000
2018-05-31,101.8000,104.1000,1.8000,4.1000,0.3927,1.3214,0.7709,0.2291,2.3270,1.8000,4.1000
2018-06-30,101.9000,104.7000,1.9000,4.7000,0.3802,1.3159,0.7758,0.2242,2.5277,1.9000,4.7000
2018-07-31,102.1000,104.6000,2.1000,4.6000,0.3579,1.3083,0.7852,0.2148,2.6370,2.1000,4.6000
2018-08-31,102.3000,104.1000,2.3000,4.1000,0.3729,1.2457,0.7696,0.2304,2.7147,2.3000,4.1000
2018-09-30,102.5000,103.6000,2.5000,3.6000,0.3864,1.0697,0.7346,0.2654,2.7919,2.5000,3.6000
2018-10-31,102.5000,103.3000,2.5000,3.3000,0.4070,0.7808,0.6573,0.3427,2.7741,2.5000,3.3000
2018-11-30,102.2000,102.7000,2.2000,2.7000,0.3904,0.6864,0.6374,0.3626,2.3813,2.2000,2.7000
2018-12-31,101.9000,100.9000,1.9000,0.9000,0.3841,1.0291,0.7282,0.2718,1.6282,1.9000,0.9000
2019-01-31,101.7000,100.1000,1.7000,0.1000,0.3579,1.3964,0.7960,0.2040,1.3736,1.7000,0.1000
2019-02-28,101.5000,100.1000,1.5000,0.1000,0.3137,1.6423,0.8396,0.1604,1.2755,1.5000,0.1000
2019-03-31,102.3000,100.4000,2.3000,0.4000,0.3232,1.7895,0.8470,0.1530,2.0093,2.3000,0.4000
2019-04-30,102.5000,100.9000,2.5000,0.9000,0.3384,1.8412,0.8447,0.1553,2.2516,2.5000,0.9000
2019-05-31,102.7000,100.6000,2.7000,0.6000,0.3646,1.8347,0.8342,0.1658,2.3518,2.7000,0.6000
2019-06-30,102.7000,100.0000,2.7000,0.0000,0.3825,1.7441,0.8201,0.1799,2.2144,2.7000,0.0000
2019-07-31,102.8000,99.7000,2.8000,-0.3000,0.4112,1.5894,0.7945,0.2055,2.1628,2.8000,-0.3000
2019-08-31,102.8000,99.2000,2.8000,-0.8000,0.4358,1.4463,0.7684,0.2316,1.9664,2.8000,-0.8000
2019-09-30,103.0000,98.8000,3.0000,-1.2000,0.4745,1.3062,0.7335,0.2665,1.8809,3.0000,-1.2000
2019-10-31,103.8000,98.4000,3.8000,-1.6000,0.6273,1.1245,0.6419,0.3581,1.8663,3.8000,-1.6000
2019-11-30,104.5000,98.6000,4.5000,-1.4000,0.8441,0.8743,0.5088,0.4912,1.6020,4.5000,-1.4000
2019-12-31,104.5000,99.5000,4.5000,-0.5000,0.9516,0.8062,0.4586,0.5414,1.7932,4.5000,-0.5000
2020-01-31,105.4000,100.1000,5.4000,0.1000,1.1131,0.8062,0.4200,0.5800,2.3262,5.4000,0.1000
2020-02-29,105.2000,99.6000,5.2000,-0.4000,1.1093,0.7960,0.4178,0.5822,1.9396,5.2000,-0.4000
2020-03-31,104.3000,98.5000,4.3000,-1.5000,1.0590,0.8218,0.4369,0.5631,1.0343,4.3000,-1.5000
2020-04-30,103.3000,96.9000,3.3000,-3.1000,1.0014,0.9922,0.4977,0.5023,0.0853,3.3000,-3.1000
2020-05-31,102.4000,96.3000,2.4000,-3.7000,1.0332,1.1824,0.5337,0.4663,-0.4445,2.4000,-3.7000
2020-06-30,102.5000,97.0000,2.5000,-3.0000,1.0527,1.2221,0.5373,0.4627,-0.0451,2.5000,-3.0000
2020-07-31,102.7000,97.6000,2.7000,-2.4000,1.0609,1.1925,0.5292,0.4708,0.2989,2.7000,-2.4000
2020-08-31,102.4000,98.0000,2.4000,-2.0000,1.0974,1.1671,0.5154,0.4846,0.2677,2.4000,-2.0000
2020-09-30,101.7000,97.9000,1.7000,-2.1000,1.2258,1.1592,0.4860,0.5140,-0.2531,1.7000,-2.1000
2020-10-31,100.5000,97.9000,0.5000,-2.1000,1.5050,1.1603,0.4353,0.5647,-0.9681,0.5000,-2.1000
2020-11-30,99.5000,98.5000,-0.5000,-1.5000,1.8007,1.1572,0.3912,0.6088,-1.1088,-0.5000,-1.5000
2020-12-31,100.2000,99.6000,0.2000,-0.4000,1.8725,1.1681,0.3842,0.6158,-0.1695,0.2000,-0.4000
2021-01-31,99.7000,100.3000,-0.3000,0.3000,1.7936,1.1993,0.4007,0.5993,0.0596,-0.3000,0.3000
2021-02-28,99.8000,101.7000,-0.2000,1.7000,1.5931,1.5330,0.4904,0.5096,0.7683,-0.2000,1.7000
2021-03-31,100.4000,104.4000,0.4000,4.4000,1.3708,2.3263,0.6292,0.3708,1.8831,0.4000,4.4000
2021-04-30,100.9000,106.8000,0.9000,6.8000,1.2117,3.1756,0.7238,0.2762,2.5294,0.9000,6.8000
2021-05-31,101.3000,109.0000,1.3000,9.0000,1.1404,3.9688,0.7768,0.2232,3.0187,1.3000,9.0000
2021-06-30,101.1000,108.8000,1.1000,8.8000,1.0362,4.4003,0.8094,0.1906,2.5676,1.1000,8.8000
2021-07-31,101.0000,109.0000,1.0000,9.0000,0.8618,4.6559,0.8438,0.1562,2.2495,1.0000,9.0000
2021-08-31,100.8000,109.5000,0.8000,9.5000,0.6811,4.7914,0.8755,0.1245,1.8827,0.8000,9.5000
2021-09-30,100.7000,110.7000,0.7000,10.7000,0.5854,4.8277,0.8919,0.1081,1.7814,0.7000,10.7000
2021-10-31,101.5000,113.5000,1.5000,13.5000,0.6538,4.9343,0.8830,0.1170,2.9041,1.5000,13.5000
2021-11-30,102.3000,112.9000,2.3000,12.9000,0.7305,4.6941,0.8653,0.1347,3.7274,2.3000,12.9000
2021-12-31,101.5000,110.3000,1.5000,10.3000,0.7284,4.1015,0.8492,0.1508,2.8272,1.5000,10.3000
2022-01-31,100.9000,109.1000,0.9000,9.1000,0.6206,3.2917,0.8414,0.1586,2.2008,0.9000,9.1000
2022-02-28,100.9000,108.8000,0.9000,8.8000,0.4926,2.4207,0.8309,0.1691,2.2358,0.9000,8.8000
2022-03-31,101.5000,108.3000,1.5000,8.3000,0.4492,1.8926,0.8082,0.1918,2.8044,1.5000,8.3000
2022-04-30,102.1000,108.0000,2.1000,8.0000,0.5063,1.7504,0.7756,0.2244,3.4237,2.1000,8.0000
2022-05-31,102.1000,106.4000,2.1000,6.4000,0.5565,2.0043,0.7827,0.2173,3.0345,2.1000,6.4000
2022-06-30,102.5000,106.1000,2.5000,6.1000,0.6365,2.2409,0.7788,0.2212,3.2964,2.5000,6.1000
2022-07-31,102.7000,104.2000,2.7000,4.2000,0.7047,2.6974,0.7929,0.2071,3.0107,2.7000,4.2000
2022-08-31,102.5000,102.3000,2.5000,2.3000,0.6946,3.3045,0.8263,0.1737,2.4653,2.5000,2.3000
2022-09-30,102.8000,100.9000,2.8000,0.9000,0.6653,3.8464,0.8525,0.1475,2.5198,2.8000,0.9000
2022-10-31,102.1000,98.7000,2.1000,-1.3000,0.6515,4.1331,0.8638,0.1362,1.6370,2.1000,-1.3000
2022-11-30,101.6000,98.7000,1.6000,-1.3000,0.6527,4.1148,0.8631,0.1369,1.2030,1.6000,-1.3000
2022-12-31,101.8000,99.3000,1.8000,-0.7000,0.6403,4.0884,0.8646,0.1354,1.4615,1.8000,-0.7000
2023-01-31,102.1000,99.2000,2.1000,-0.8000,0.5468,4.0153,0.8801,0.1199,1.7524,2.1000,-0.8000
2023-02-28,101.0000,98.6000,1.0000,-1.4000,0.5280,3.8462,0.8793,0.1207,0.7103,1.0000,-1.4000
2023-03-31,100.7000,97.5000,0.7000,-2.5000,0.6439,3.6385,0.8497,0.1503,0.2189,0.7000,-2.5000
2023-04-30,100.1000,96.4000,0.1000,-3.6000,0.8435,3.3282,0.7978,0.2022,-0.6481,0.1000,-3.6000
2023-05-31,100.2000,95.4000,0.2000,-4.6000,0.9593,3.1215,0.7649,0.2351,-0.9283,0.2000,-4.6000
2023-06-30,100.0000,94.6000,0.0000,-5.4000,1.0325,2.7459,0.7267,0.2733,-1.4756,0.0000,-5.4000
2023-07-31,99.7000,95.6000,-0.3000,-4.4000,1.0693,2.2990,0.6825,0.3175,-1.6016,-0.3000,-4.4000
2023-08-31,100.1000,97.0000,0.1000,-3.0000,1.0312,1.8918,0.6472,0.3528,-0.9936,0.1000,-3.0000
2023-09-30,100.0000,97.5000,0.0000,-2.5000,0.8993,1.5932,0.6392,0.3608,-0.9020,0.0000,-2.5000
2023-10-31,99.8000,97.4000,-0.2000,-2.6000,0.8361,1.5382,0.6479,0.3521,-1.0451,-0.2000,-2.6000
2023-11-30,99.5000,97.0000,-0.5000,-3.0000,0.8255,1.4710,0.6405,0.3595,-1.3987,-0.5000,-3.0000
2023-12-31,99.7000,97.3000,-0.3000,-2.7000,0.7217,1.3062,0.6441,0.3559,-1.1541,-0.3000,-2.7000
2024-01-31,99.2000,97.5000,-0.8000,-2.5000,0.4918,1.1199,0.6949,0.3051,-1.3187,-0.8000,-2.5000
2024-02-29,100.7000,97.3000,0.7000,-2.7000,0.4413,0.9867,0.6909,0.3091,-0.3508,0.7000,-2.7000
2024-03-31,100.1000,97.2000,0.1000,-2.8000,0.3817,0.9684,0.7173,0.2827,-0.7198,0.1000,-2.8000
2024-04-30,100.3000,97.5000,0.3000,-2.5000,0.3942,0.9910,0.7154,0.2846,-0.4968,0.3000,-2.5000
2024-05-31,100.3000,98.6000,0.3000,-1.4000,0.4011,1.0175,0.7172,0.2828,-0.1807,0.3000,-1.4000
2024-06-30,100.2000,99.2000,0.2000,-0.8000,0.4075,0.8698,0.6810,0.3190,-0.1190,0.2000,-0.8000
2024-07-31,100.5000,99.2000,0.5000,-0.8000,0.4250,0.8013,0.6534,0.3466,0.0495,0.5000,-0.8000
2024-08-31,100.6000,98.2000,0.6000,-1.8000,0.4555,0.7771,0.6304,0.3696,-0.2869,0.6000,-1.8000
2024-09-30,100.4000,97.2000,0.4000,-2.8000,0.4641,0.7932,0.6309,0.3691,-0.7812,0.4000,-2.8000
2024-10-31,100.3000,97.1000,0.3000,-2.9000,0.4563,0.8114,0.6401,0.3599,-0.8517,0.3000,-2.9000
2024-11-30,100.2000,97.5000,0.2000,-2.5000,0.4078,0.7802,0.6568,0.3432,-0.7268,0.2000,-2.5000
2024-12-31,100.1000,97.7000,0.1000,-2.3000,0.3777,0.7646,0.6693,0.3307,-0.6936,0.1000,-2.3000
2025-01-31,100.5000,97.7000,0.5000,-2.3000,0.1931,0.7584,0.7971,0.2029,-0.0682,0.5000,-2.3000
2025-02-28,99.3000,97.8000,-0.7000,-2.2000,0.3339,0.7379,0.6884,0.3116,-1.1673,-0.7000,-2.2000
2025-03-31,99.9000,97.5000,-0.1000,-2.5000,0.3460,0.7165,0.6744,0.3256,-0.8815,-0.1000,-2.5000
2025-04-30,99.9000,97.3000,-0.1000,-2.7000,0.3563,0.7297,0.6719,0.3281,-0.9531,-0.1000,-2.7000
2025-05-31,99.9000,96.7000,-0.1000,-3.3000,0.3631,0.7728,0.6804,0.3196,-1.1229,-0.1000,-3.3000
2025-06-30,100.1000,96.4000,0.1000,-3.6000,0.3630,0.7187,0.6645,0.3355,-1.1415,0.1000,-3.6000
2025-07-31,100.0000,96.4000,0.0000,-3.6000,0.3464,0.5632,0.6192,0.3808,-1.3710,0.0000,-3.6000
2025-08-31,99.6000,97.1000,-0.4000,-2.9000,0.3353,0.4862,0.5918,0.4082,-1.4204,-0.4000,-2.9000
2025-09-30,99.7000,97.7000,-0.3000,-2.3000,0.3232,0.5071,0.6108,0.3892,-1.0785,-0.3000,-2.3000
2025-10-31,100.2000,97.9000,0.2000,-2.1000,0.3148,0.5384,0.6311,0.3689,-0.6485,0.2000,-2.1000
2025-11-30,100.7000,97.8000,0.7000,-2.2000,0.3777,0.5549,0.5950,0.4050,-0.4745,0.7000,-2.2000
2025-12-31,100.8000,98.1000,0.8000,-1.9000,0.4442,0.5898,0.5704,0.4296,-0.3598,0.8000,-1.9000
2026-01-31,100.2000,98.6000,0.2000,-1.4000,0.4245,0.6855,0.6176,0.3824,-0.4119,0.2000,-1.4000
2026-02-28,101.3000,99.1000,1.3000,-0.9000,0.4999,0.8339,0.6252,0.3748,0.4755,1.3000,-0.9000
2026-03-31,101.0000,100.5000,1.0000,0.5000,0.5408,1.1909,0.6877,0.3123,0.8439,1.0000,0.5000
2026-04-30,101.2000,102.8000,1.2000,2.8000,0.5854,1.8545,0.7601,0.2399,1.5839,1.2000,2.8000
2026-05-31,101.2000,103.9000,1.2000,3.9000,0.6060,2.3914,0.7978,0.2022,1.7459,1.2000,3.9000
2026-06-30,101.0000,104.1000,1.0000,4.1000,0.6077,2.6867,0.8155,0.1845,1.5719,1.0000,4.1000
