日期,index_net
2015-01-04,115.3005
2015-01-05,115.3054
2015-01-06,115.2657
2015-01-07,115.3059
2015-01-08,115.3184
2015-01-09,115.3027
2015-01-12,115.3287
2015-01-13,115.6525
2015-01-14,115.9273
2015-01-15,115.9037
2015-01-16,116.1997
2015-01-19,116.3295
2015-01-20,116.3821
2015-01-21,116.4336
2015-01-22,116.5419
2015-01-23,116.5735
2015-01-26,116.7258
2015-01-27,116.7189
2015-01-28,116.53
2015-01-29,116.3887
2015-01-30,116.339
2015-02-02,116.4919
2015-02-03,116.6076
2015-02-04,116.6205
2015-02-05,116.9296
2015-02-06,116.7766
2015-02-09,116.8565
2015-02-10,116.8714
2015-02-11,117.1081
2015-02-12,117.1989
2015-02-13,117.3137
2015-02-15,117.3766
2015-02-16,117.5128
2015-02-17,117.5035
2015-02-25,117.5257
2015-02-26,117.4406
2015-02-27,117.3196
2015-02-28,117.3777
2015-03-02,117.1794
2015-03-03,117.0768
2015-03-04,117.0742
2015-03-05,116.7448
2015-03-06,116.5447
2015-03-09,116.3504
2015-03-10,116.2796
2015-03-11,116.7082
2015-03-12,116.7738
2015-03-13,116.5103
2015-03-16,116.2453
2015-03-17,116.1712
2015-03-18,116.1108
2015-03-19,116.0677
2015-03-20,116.2099
2015-03-23,116.1804
2015-03-24,116.1148
2015-03-25,116.0625
2015-03-26,115.6906
2015-03-27,115.567
2015-03-30,115.3667
2015-03-31,115.0489
2015-04-01,115.3284
2015-04-02,115.6529
2015-04-03,115.5046
2015-04-07,115.3614
2015-04-08,114.8035
2015-04-09,114.7651
2015-04-10,114.8309
2015-04-13,114.9158
2015-04-14,115.1468
2015-04-15,115.3245
2015-04-16,115.4704
2015-04-17,115.4721
2015-04-20,116.2161
2015-04-21,116.4602
2015-04-22,116.4104
2015-04-23,116.313
2015-04-24,116.047
2015-04-27,116.1867
2015-04-28,116.3126
2015-04-29,116.2917
2015-04-30,116.5018
2015-05-04,116.4099
2015-05-05,116.3154
2015-05-06,116.0389
2015-05-07,116.0648
2015-05-08,116.4085
2015-05-11,116.4107
2015-05-12,116.4665
2015-05-13,116.6476
2015-05-14,116.8925
2015-05-15,116.9368
2015-05-18,116.8762
2015-05-19,116.7598
2015-05-20,116.7418
2015-05-21,116.7704
2015-05-22,116.8654
2015-05-25,116.9535
2015-05-26,116.7028
2015-05-27,116.7284
2015-05-28,116.4241
2015-05-29,116.3858
2015-06-01,116.1372
2015-06-02,116.3079
2015-06-03,116.3725
2015-06-04,116.4892
2015-06-05,116.5595
2015-06-08,116.6088
2015-06-09,116.6834
2015-06-10,116.5446
2015-06-11,116.3671
2015-06-12,116.3739
2015-06-15,116.1305
2015-06-16,116.3613
2015-06-17,116.3984
2015-06-18,116.6238
2015-06-19,116.6411
2015-06-23,116.5316
2015-06-24,116.4861
2015-06-25,116.4978
2015-06-26,116.4822
2015-06-29,116.4892
2015-06-30,116.5092
2015-07-01,116.4554
2015-07-02,116.4206
2015-07-03,116.569
2015-07-06,117.0685
2015-07-07,117.3058
2015-07-08,117.2131
2015-07-09,117.2594
2015-07-10,116.9547
2015-07-13,116.9531
2015-07-14,116.8345
2015-07-15,116.8143
2015-07-16,116.8947
2015-07-17,116.997
2015-07-20,116.9916
2015-07-21,116.9081
2015-07-22,116.9134
2015-07-23,117.0361
2015-07-24,117.1994
2015-07-27,117.2079
2015-07-28,117.2798
2015-07-29,117.3554
2015-07-30,117.3064
2015-07-31,117.0602
2015-08-03,117.005
2015-08-04,117.0042
2015-08-05,116.9572
2015-08-06,117.0337
2015-08-07,117.1159
2015-08-10,117.0438
2015-08-11,116.7852
2015-08-12,116.6637
2015-08-13,116.7681
2015-08-14,116.8263
2015-08-17,116.7822
2015-08-18,116.7747
2015-08-19,116.7352
2015-08-20,116.7054
2015-08-21,116.7814
2015-08-24,116.8833
2015-08-25,116.983
2015-08-26,117.0881
2015-08-27,117.3878
2015-08-28,117.4902
2015-08-31,117.7956
2015-09-01,117.8687
2015-09-02,117.8543
2015-09-06,117.783
2015-09-07,117.6075
2015-09-08,117.5911
2015-09-09,117.607
2015-09-10,117.6025
2015-09-11,117.6435
2015-09-14,117.6711
2015-09-15,117.7869
2015-09-16,117.7367
2015-09-17,117.7326
2015-09-18,117.7896
2015-09-21,117.6807
2015-09-22,117.5869
2015-09-23,117.5261
2015-09-24,117.5541
2015-09-25,117.56
2015-09-28,117.6951
2015-09-29,117.7585
2015-09-30,117.8516
2015-10-08,117.8756
2015-10-09,118.3064
2015-10-10,118.3549
2015-10-12,118.2275
2015-10-13,118.3503
2015-10-14,118.7918
2015-10-15,118.6661
2015-10-16,118.3669
2015-10-19,118.494
2015-10-20,118.8042
2015-10-21,118.8113
2015-10-22,118.838
2015-10-23,118.8236
2015-10-26,119.0309
2015-10-27,119.321
2015-10-28,119.2754
2015-10-29,119.0288
2015-10-30,118.9288
2015-11-02,118.9657
2015-11-03,118.7758
2015-11-04,118.4646
2015-11-05,118.4724
2015-11-06,118.5275
2015-11-09,117.8963
2015-11-10,117.9839
2015-11-11,118.2748
2015-11-12,118.2607
2015-11-13,118.3338
2015-11-16,118.2955
2015-11-17,118.3151
2015-11-18,118.203
2015-11-19,118.151
2015-11-20,118.2174
2015-11-23,118.2197
2015-11-24,118.3732
2015-11-25,118.4851
2015-11-26,118.5557
2015-11-27,118.5565
2015-11-30,118.6975
2015-12-01,118.6877
2015-12-02,118.6804
2015-12-03,118.8116
2015-12-04,118.8807
2015-12-07,118.851
2015-12-08,118.9722
2015-12-09,119.0181
2015-12-10,119.0137
2015-12-11,119.0985
2015-12-14,118.8573
2015-12-15,118.9232
2015-12-16,119.0463
2015-12-17,119.1572
2015-12-18,119.4239
2015-12-21,119.7967
2015-12-22,119.9658
2015-12-23,120.0178
2015-12-24,120.296
2015-12-25,120.2628
2015-12-28,120.3462
2015-12-29,120.2904
2015-12-30,120.2732
2015-12-31,120.2874
2016-01-04,120.0715
2016-01-05,119.8666
2016-01-06,119.975
2016-01-07,120.164
2016-01-08,120.3022
2016-01-11,120.42
2016-01-12,120.6713
2016-01-13,121.1325
2016-01-14,120.966
2016-01-15,121.0006
2016-01-18,120.8087
2016-01-19,120.6188
2016-01-20,120.4777
2016-01-21,120.59
2016-01-22,120.7054
2016-01-25,120.2266
2016-01-26,120.1911
2016-01-27,119.9465
2016-01-28,119.9921
2016-01-29,120.2434
2016-02-01,120.3165
2016-02-02,120.0779
2016-02-03,119.9999
2016-02-04,120.2269
2016-02-05,120.231
2016-02-06,120.2212
2016-02-14,120.4827
2016-02-15,120.3545
2016-02-16,120.3172
2016-02-17,120.3505
2016-02-18,120.3743
2016-02-19,120.4351
2016-02-22,120.4119
2016-02-23,120.4232
2016-02-24,120.3465
2016-02-25,120.229
2016-02-26,120.2976
2016-02-29,120.3439
2016-03-01,120.4847
2016-03-02,120.5114
2016-03-03,120.4927
2016-03-04,120.538
2016-03-07,120.3215
2016-03-08,120.3014
2016-03-09,120.5051
2016-03-10,120.671
2016-03-11,120.6928
2016-03-14,120.7309
2016-03-15,120.8123
2016-03-16,121.0314
2016-03-17,121.0815
2016-03-18,121.1136
2016-03-21,121.1406
2016-03-22,121.1354
2016-03-23,121.188
2016-03-24,121.2228
2016-03-25,121.3384
2016-03-28,121.3052
2016-03-29,121.3337
2016-03-30,121.4178
2016-03-31,121.469
2016-04-01,121.4471
2016-04-05,121.3537
2016-04-06,121.3077
2016-04-07,121.1533
2016-04-08,121.12
2016-04-11,121.0778
2016-04-12,121.0781
2016-04-13,120.8769
2016-04-14,120.7954
2016-04-15,120.8425
2016-04-18,120.9065
2016-04-19,120.8803
2016-04-20,120.647
2016-04-21,120.5758
2016-04-22,120.2569
2016-04-25,119.8327
2016-04-26,119.9226
2016-04-27,120.0208
2016-04-28,120.1177
2016-04-29,120.1078
2016-05-03,120.1267
2016-05-04,120.0387
2016-05-05,120.0104
2016-05-06,120.0051
2016-05-09,120.131
2016-05-10,120.1186
2016-05-11,120.1258
2016-05-12,120.1886
2016-05-13,120.1861
2016-05-16,120.0583
2016-05-17,120.0199
2016-05-18,119.8978
2016-05-19,119.8392
2016-05-20,119.8177
2016-05-23,119.7597
2016-05-24,119.8293
2016-05-25,119.8094
2016-05-26,119.7836
2016-05-27,119.7474
2016-05-30,119.6756
2016-05-31,119.6422
2016-06-01,119.595
2016-06-02,119.5247
2016-06-03,119.491
2016-06-06,119.5671
2016-06-07,119.5595
2016-06-08,119.5312
2016-06-12,119.5211
2016-06-13,119.5571
2016-06-14,119.7214
2016-06-15,119.78
2016-06-16,119.8837
2016-06-17,119.9074
2016-06-20,119.8903
2016-06-21,119.8745
2016-06-22,119.9599
2016-06-23,119.9362
2016-06-24,119.8851
2016-06-27,120.0139
2016-06-28,120.0167
2016-06-29,119.9859
2016-06-30,120.033
2016-07-01,120.1891
2016-07-04,120.1776
2016-07-05,120.1242
2016-07-06,120.1688
2016-07-07,120.2874
2016-07-08,120.3274
2016-07-11,120.3802
2016-07-12,120.3314
2016-07-13,120.237
2016-07-14,120.2512
2016-07-15,120.267
2016-07-18,120.2988
2016-07-19,120.3339
2016-07-20,120.5827
2016-07-21,120.8802
2016-07-22,120.8048
2016-07-25,120.7095
2016-07-26,120.7567
2016-07-27,120.8446
2016-07-28,120.8962
2016-07-29,120.9857
2016-08-01,120.9993
2016-08-02,121.0196
2016-08-03,121.0487
2016-08-04,121.0713
2016-08-05,121.1863
2016-08-08,121.2753
2016-08-09,121.5101
2016-08-10,121.6468
2016-08-11,121.7075
2016-08-12,121.8849
2016-08-15,122.0824
2016-08-16,122.0479
2016-08-17,121.9213
2016-08-18,121.9007
2016-08-19,121.744
2016-08-22,121.7741
2016-08-23,121.5385
2016-08-24,121.4041
2016-08-25,121.4274
2016-08-26,121.5012
2016-08-29,121.4379
2016-08-30,121.2155
2016-08-31,121.2811
2016-09-01,121.2403
2016-09-02,121.2744
2016-09-05,121.2192
2016-09-06,121.2019
2016-09-07,121.1512
2016-09-08,121.199
2016-09-09,121.2698
2016-09-12,121.1637
2016-09-13,121.2395
2016-09-14,121.2861
2016-09-18,121.3003
2016-09-19,121.3216
2016-09-20,121.375
2016-09-21,121.384
2016-09-22,121.4438
2016-09-23,121.6
2016-09-26,121.6621
2016-09-27,121.6517
2016-09-28,121.6385
2016-09-29,121.6517
2016-09-30,121.6895
2016-10-08,121.7377
2016-10-09,121.8699
2016-10-10,121.9294
2016-10-11,121.9222
2016-10-12,121.8576
2016-10-13,121.8721
2016-10-14,121.9794
2016-10-17,122.0618
2016-10-18,122.0893
2016-10-19,122.2482
2016-10-20,122.41
2016-10-21,122.5801
2016-10-24,122.5194
2016-10-25,122.455
2016-10-26,122.2189
2016-10-27,122.2004
2016-10-28,122.1991
2016-10-31,122.0867
2016-11-01,122.0268
2016-11-02,122.0065
2016-11-03,122.0449
2016-11-04,122.0263
2016-11-07,121.8213
2016-11-08,121.6954
2016-11-09,121.699
2016-11-10,121.5524
2016-11-11,121.4391
2016-11-14,121.0415
2016-11-15,120.847
2016-11-16,120.7577
2016-11-17,120.4859
2016-11-18,120.5439
2016-11-21,120.5119
2016-11-22,120.5739
2016-11-23,120.7206
2016-11-24,120.7698
2016-11-25,120.7151
2016-11-28,120.8374
2016-11-29,120.4911
2016-11-30,120.2207
2016-12-01,119.7662
2016-12-02,119.6924
2016-12-05,119.5475
2016-12-06,118.8982
2016-12-07,119.0379
2016-12-08,119.1299
2016-12-09,119.1192
2016-12-12,118.7285
2016-12-13,118.3516
2016-12-14,118.0997
2016-12-15,116.9588
2016-12-16,116.9812
2016-12-19,116.5488
2016-12-20,116.3854
2016-12-21,116.7118
2016-12-22,117.244
2016-12-23,117.5473
2016-12-26,117.8172
2016-12-27,117.7969
2016-12-28,117.9249
2016-12-29,118.3817
2016-12-30,118.7128
2016-12-31,118.718
2017-01-03,118.3601
2017-01-04,118.1229
2017-01-05,117.9196
2017-01-06,117.9859
2017-01-09,118.0897
2017-01-10,118.1657
2017-01-11,117.9422
2017-01-12,118.034
2017-01-13,118.0288
2017-01-16,117.9538
2017-01-17,117.7509
2017-01-18,117.7505
2017-01-19,117.7193
2017-01-20,117.8004
2017-01-22,117.7923
2017-01-23,117.8209
2017-01-24,117.6161
2017-01-25,117.3175
2017-01-26,117.2723
2017-02-03,116.9108
2017-02-04,116.9101
2017-02-06,116.5328
2017-02-07,116.4426
2017-02-08,116.4581
2017-02-09,116.647
2017-02-10,116.5778
2017-02-13,116.5753
2017-02-14,116.5889
2017-02-15,116.5536
2017-02-16,116.6741
2017-02-17,116.8695
2017-02-20,117.0983
2017-02-21,116.9718
2017-02-22,117.0992
2017-02-23,117.2094
2017-02-24,117.1255
2017-02-27,117.1613
2017-02-28,117.1162
2017-03-01,117.0371
2017-03-02,117.0263
2017-03-03,117.0205
2017-03-06,116.9157
2017-03-07,116.8782
2017-03-08,116.7242
2017-03-09,116.684
2017-03-10,116.6609
2017-03-13,116.7443
2017-03-14,116.789
2017-03-15,116.772
2017-03-16,116.9575
2017-03-17,116.9004
2017-03-20,116.8021
2017-03-21,116.6687
2017-03-22,116.6856
2017-03-23,116.6385
2017-03-24,116.8689
2017-03-27,116.9803
2017-03-28,116.9852
2017-03-29,116.9566
2017-03-30,116.9507
2017-03-31,116.9574
2017-04-01,117.0048
2017-04-05,116.939
2017-04-06,116.9089
2017-04-07,116.9203
2017-04-10,116.8754
2017-04-11,116.8825
2017-04-12,116.8001
2017-04-13,116.8554
2017-04-14,116.6547
2017-04-17,116.3216
2017-04-18,116.1865
2017-04-19,116.1648
2017-04-20,116.0488
2017-04-21,115.8036
2017-04-24,115.5653
2017-04-25,115.677
2017-04-26,115.6299
2017-04-27,115.6645
2017-04-28,115.6484
2017-05-02,115.4837
2017-05-03,115.2659
2017-05-04,115.0966
2017-05-05,115.0574
2017-05-08,114.8135
2017-05-09,114.6171
2017-05-10,114.2875
2017-05-11,114.4685
2017-05-12,114.3198
2017-05-15,114.3838
2017-05-16,114.3393
2017-05-17,114.0901
2017-05-18,114.122
2017-05-19,114.0604
2017-05-22,113.8693
2017-05-23,113.9094
2017-05-24,114.0263
2017-05-25,114.1676
2017-05-26,114.1256
2017-05-27,114.176
2017-05-31,114.4122
2017-06-01,114.3987
2017-06-02,114.3775
2017-06-05,114.4505
2017-06-06,114.3675
2017-06-07,114.3119
2017-06-08,114.2577
2017-06-09,114.3552
2017-06-12,114.716
2017-06-13,114.7899
2017-06-14,114.9216
2017-06-15,114.9419
2017-06-16,114.6819
2017-06-19,115.0293
2017-06-20,115.0952
2017-06-21,114.8703
2017-06-22,114.6953
2017-06-23,114.7406
2017-06-26,114.8926
2017-06-27,115.0216
2017-06-28,114.9779
2017-06-29,114.9442
2017-06-30,114.8083
2017-07-03,114.6601
2017-07-04,114.6302
2017-07-05,114.7676
2017-07-06,114.8704
2017-07-07,114.8393
2017-07-10,114.8047
2017-07-11,114.8169
2017-07-12,114.8213
2017-07-13,114.8639
2017-07-14,114.8985
2017-07-17,114.8953
2017-07-18,114.773
2017-07-19,114.8081
2017-07-20,114.8238
2017-07-21,114.6964
2017-07-24,114.5637
2017-07-25,114.4833
2017-07-26,114.3049
2017-07-27,114.3569
2017-07-28,114.3447
2017-07-31,114.2537
2017-08-01,114.181
2017-08-02,114.2193
2017-08-03,114.2406
2017-08-04,114.278
2017-08-07,114.0878
2017-08-08,114.0787
2017-08-09,114.0584
2017-08-10,114.1098
2017-08-11,114.2506
2017-08-14,114.2985
2017-08-15,114.3276
2017-08-16,114.2551
2017-08-17,114.1621
2017-08-18,114.01
2017-08-21,113.8831
2017-08-22,113.8613
2017-08-23,113.8807
2017-08-24,113.7865
2017-08-25,113.7204
2017-08-28,113.5841
2017-08-29,113.6568
2017-08-30,113.6655
2017-08-31,113.7047
2017-09-01,113.6978
2017-09-04,113.636
2017-09-05,113.5509
2017-09-06,113.5779
2017-09-07,113.7386
2017-09-08,113.8252
2017-09-11,113.7755
2017-09-12,113.7673
2017-09-13,113.682
2017-09-14,113.7938
2017-09-15,113.708
2017-09-18,113.6176
2017-09-19,113.6318
2017-09-20,113.5929
2017-09-21,113.5284
2017-09-22,113.6704
2017-09-25,113.827
2017-09-26,113.8079
2017-09-27,113.7624
2017-09-28,113.8057
2017-09-29,113.8281
2017-09-30,113.8141
2017-10-09,113.6864
2017-10-10,113.6591
2017-10-11,113.6598
2017-10-12,113.5282
2017-10-13,113.5627
2017-10-16,113.3507
2017-10-17,113.1731
2017-10-18,113.1908
2017-10-19,113.2923
2017-10-20,113.3113
2017-10-23,113.3034
2017-10-24,113.2955
2017-10-25,113.0914
2017-10-26,113.0822
2017-10-27,112.9215
2017-10-30,112.4473
2017-10-31,112.4941
2017-11-01,112.708
2017-11-02,112.6565
2017-11-03,112.6205
2017-11-06,112.6415
2017-11-07,112.5469
2017-11-08,112.5437
2017-11-09,112.5529
2017-11-10,112.4792
2017-11-13,112.2766
2017-11-14,112.2255
2017-11-15,112.2924
2017-11-16,112.4326
2017-11-17,112.4969
2017-11-20,112.4939
2017-11-21,112.4414
2017-11-22,112.261
2017-11-23,112.2757
2017-11-24,112.4178
2017-11-27,112.4186
2017-11-28,112.373
2017-11-29,112.4958
2017-11-30,112.5879
2017-12-01,112.634
2017-12-04,112.6643
2017-12-05,112.6906
2017-12-06,112.7194
2017-12-07,112.6642
2017-12-08,112.5865
2017-12-11,112.4135
2017-12-12,112.3495
2017-12-13,112.3364
2017-12-14,112.3805
2017-12-15,112.4798
2017-12-18,112.5285
2017-12-19,112.5098
2017-12-20,112.4861
2017-12-21,112.48
2017-12-22,112.527
2017-12-25,112.5217
2017-12-26,112.4571
2017-12-27,112.4128
2017-12-28,112.4409
2017-12-29,112.489
2017-12-30,112.4944
2017-12-31,112.4957
2018-01-02,112.4936
2018-01-03,112.4738
2018-01-04,112.4199
2018-01-05,112.525
2018-01-08,112.6243
2018-01-09,112.6772
2018-01-10,112.5985
2018-01-11,112.5261
2018-01-12,112.579
2018-01-15,112.4673
2018-01-16,112.4892
2018-01-17,112.4595
2018-01-18,112.4019
2018-01-19,112.423
2018-01-22,112.4665
2018-01-23,112.5118
2018-01-24,112.5162
2018-01-25,112.5168
2018-01-26,112.5488
2018-01-29,112.5563
2018-01-30,112.5476
2018-01-31,112.6102
2018-02-01,112.6457
2018-02-02,112.6534
2018-02-05,112.6172
2018-02-06,112.7658
2018-02-07,112.8541
2018-02-08,112.8098
2018-02-09,112.8548
2018-02-11,112.866
2018-02-12,112.8676
2018-02-13,112.896
2018-02-14,112.9101
2018-02-22,112.897
2018-02-23,112.9421
2018-02-24,112.9706
2018-02-26,113.1793
2018-02-27,113.2963
2018-02-28,113.3765
2018-03-01,113.3589
2018-03-02,113.3131
2018-03-05,113.2388
2018-03-06,113.2482
2018-03-07,113.302
2018-03-08,113.3278
2018-03-09,113.3629
2018-03-12,113.3899
2018-03-13,113.3497
2018-03-14,113.3411
2018-03-15,113.366
2018-03-16,113.4468
2018-03-19,113.427
2018-03-20,113.5151
2018-03-21,113.6001
2018-03-22,113.7318
2018-03-23,114.0256
2018-03-26,113.9653
2018-03-27,113.8804
2018-03-28,113.8727
2018-03-29,113.8365
2018-03-30,113.8353
2018-04-02,113.8652
2018-04-03,113.8802
2018-04-04,113.9419
2018-04-08,114.0238
2018-04-09,114.2462
2018-04-10,114.2404
2018-04-11,114.291
2018-04-12,114.3498
2018-04-13,114.4434
2018-04-16,114.6162
2018-04-17,114.7038
2018-04-18,115.7527
2018-04-19,115.6105
2018-04-20,115.64
2018-04-23,115.3188
2018-04-24,115.4026
2018-04-25,115.2858
2018-04-26,115.2127
2018-04-27,115.1268
2018-04-28,115.1671
2018-05-02,115.0023
2018-05-03,115.0339
2018-05-04,115.1078
2018-05-07,115.0422
2018-05-08,114.8733
2018-05-09,114.7858
2018-05-10,114.8308
2018-05-11,114.8892
2018-05-14,114.8384
2018-05-15,114.7312
2018-05-16,114.7237
2018-05-17,114.6505
2018-05-18,114.7222
2018-05-21,114.7836
2018-05-22,114.9087
2018-05-23,115.0084
2018-05-24,115.0102
2018-05-25,115.1877
2018-05-28,115.1915
2018-05-29,115.1727
2018-05-30,115.2004
2018-05-31,115.1079
2018-06-01,115.0165
2018-06-04,114.8206
2018-06-05,114.7576
2018-06-06,114.6809
2018-06-07,114.6556
2018-06-08,114.7361
2018-06-11,114.7135
2018-06-12,114.5668
2018-06-13,114.6534
2018-06-14,114.7627
2018-06-15,114.8857
2018-06-19,115.0975
2018-06-20,114.9689
2018-06-21,115.0396
2018-06-22,115.0835
2018-06-25,115.0444
2018-06-26,115.0758
2018-06-27,115.1278
2018-06-28,115.3503
2018-06-29,115.78
2018-07-02,115.8351
2018-07-03,115.839
2018-07-04,115.8011
2018-07-05,115.8776
2018-07-06,115.7549
2018-07-09,115.6703
2018-07-10,115.6388
2018-07-11,115.711
2018-07-12,115.7203
2018-07-13,115.8983
2018-07-16,115.9583
2018-07-17,115.9461
2018-07-18,116.019
2018-07-19,116.1598
2018-07-20,115.9693
2018-07-23,115.8937
2018-07-24,115.7034
2018-07-25,115.6829
2018-07-26,115.7327
2018-07-27,115.8805
2018-07-30,115.9414
2018-07-31,116.1433
2018-08-01,116.2503
2018-08-02,116.2656
2018-08-03,116.3669
2018-08-06,116.3998
2018-08-07,116.3756
2018-08-08,116.1662
2018-08-09,115.8415
2018-08-10,115.7861
2018-08-13,115.5099
2018-08-14,115.5894
2018-08-15,115.535
2018-08-16,115.3937
2018-08-17,114.8415
2018-08-20,114.8567
2018-08-21,114.7195
2018-08-22,114.8458
2018-08-23,114.9683
2018-08-24,114.9499
2018-08-27,114.9213
2018-08-28,114.9496
2018-08-29,114.9205
2018-08-30,115.0548
2018-08-31,115.1133
2018-09-03,114.9857
2018-09-04,114.8786
2018-09-05,114.8745
2018-09-06,114.8459
2018-09-07,114.7822
2018-09-10,114.533
2018-09-11,114.4194
2018-09-12,114.4639
2018-09-13,114.5167
2018-09-14,114.6141
2018-09-17,114.6695
2018-09-18,114.6615
2018-09-19,114.5458
2018-09-20,114.4744
2018-09-21,114.5669
2018-09-25,114.6151
2018-09-26,114.7195
2018-09-27,114.8501
2018-09-28,114.9041
2018-09-29,114.94
2018-09-30,114.9529
2018-10-08,114.9365
2018-10-09,114.9418
2018-10-10,114.982
2018-10-11,115.197
2018-10-12,115.2136
2018-10-15,115.1786
2018-10-16,115.212
2018-10-17,115.2184
2018-10-18,115.365
2018-10-19,115.4346
2018-10-22,115.3418
2018-10-23,115.3756
2018-10-24,115.5186
2018-10-25,115.6083
2018-10-26,115.6366
2018-10-29,115.7706
2018-10-30,115.8515
2018-10-31,115.868
2018-11-01,115.9173
2018-11-02,115.7149
2018-11-05,115.7444
2018-11-06,115.8347
2018-11-07,116.0363
2018-11-08,116.0742
2018-11-09,116.1012
2018-11-12,116.1294
2018-11-13,116.2185
2018-11-14,116.5978
2018-11-15,116.8145
2018-11-16,117.1618
2018-11-19,117.1458
2018-11-20,116.978
2018-11-21,117.0572
2018-11-22,116.9821
2018-11-23,116.8841
2018-11-26,116.8127
2018-11-27,116.8441
2018-11-28,116.9412
2018-11-29,117.0903
2018-11-30,117.1234
2018-12-03,117.129
2018-12-04,117.4299
2018-12-05,117.5698
2018-12-06,117.7343
2018-12-07,117.8403
2018-12-10,117.9589
2018-12-11,118.0439
2018-12-12,118.046
2018-12-13,117.6526
2018-12-14,117.5941
2018-12-17,117.441
2018-12-18,117.4638
2018-12-19,117.527
2018-12-20,117.7287
2018-12-21,117.757
2018-12-24,117.6856
2018-12-25,117.7183
2018-12-26,117.8068
2018-12-27,117.9863
2018-12-28,118.2848
2018-12-29,118.3313
2018-12-30,118.3231
2018-12-31,118.3228
2019-01-02,118.6641
2019-01-03,118.7261
2019-01-04,118.659
2019-01-07,118.601
2019-01-08,118.8465
2019-01-09,118.7567
2019-01-10,118.6933
2019-01-11,118.6844
2019-01-14,118.573
2019-01-15,118.5162
2019-01-16,118.8925
2019-01-17,118.9377
2019-01-18,118.8098
2019-01-21,118.7522
2019-01-22,118.746
2019-01-23,118.7326
2019-01-24,118.6377
2019-01-25,118.5791
2019-01-28,118.4794
2019-01-29,118.6373
2019-01-30,118.728
2019-01-31,118.7857
2019-02-01,118.7946
2019-02-02,118.8445
2019-02-03,118.8785
2019-02-11,118.9165
2019-02-12,118.9386
2019-02-13,118.972
2019-02-14,118.9292
2019-02-15,118.9025
2019-02-18,118.7413
2019-02-19,118.7323
2019-02-20,118.7381
2019-02-21,118.7031
2019-02-22,118.745
2019-02-25,118.4132
2019-02-26,118.2438
2019-02-27,118.366
2019-02-28,118.3048
2019-03-01,118.2246
2019-03-04,118.1552
2019-03-05,118.0697
2019-03-06,118.0677
2019-03-07,118.2421
2019-03-08,118.3603
2019-03-11,118.3854
2019-03-12,118.3532
2019-03-13,118.3497
2019-03-14,118.2911
2019-03-15,118.324
2019-03-18,118.319
2019-03-19,118.3324
2019-03-20,118.2893
2019-03-21,118.3613
2019-03-22,118.5079
2019-03-25,118.6414
2019-03-26,118.7094
2019-03-27,118.6702
2019-03-28,118.7307
2019-03-29,118.8044
2019-04-01,118.4474
2019-04-02,118.3174
2019-04-03,117.8793
2019-04-04,117.7296
2019-04-08,117.7345
2019-04-09,117.4585
2019-04-10,117.4169
2019-04-11,117.4284
2019-04-12,117.2504
2019-04-15,116.8467
2019-04-16,116.6563
2019-04-17,116.6304
2019-04-18,116.8301
2019-04-19,116.7262
2019-04-22,116.5438
2019-04-23,116.5313
2019-04-24,116.3408
2019-04-25,116.4397
2019-04-26,116.536
2019-04-28,116.5503
2019-04-29,116.4937
2019-04-30,116.6133
2019-05-05,116.6426
2019-05-06,116.8457
2019-05-07,116.7862
2019-05-08,116.8681
2019-05-09,117.0362
2019-05-10,117.0502
2019-05-13,117.1959
2019-05-14,117.1013
2019-05-15,117.1028
2019-05-16,117.2019
2019-05-17,117.1127
2019-05-20,117.0994
2019-05-21,117.0049
2019-05-22,116.9142
2019-05-23,117.0096
2019-05-24,117.0367
2019-05-27,116.8027
2019-05-28,116.9435
2019-05-29,117.1263
2019-05-30,117.1899
2019-05-31,117.1651
2019-06-03,117.3376
2019-06-04,117.5592
2019-06-05,117.6285
2019-06-06,117.6799
2019-06-10,117.5875
2019-06-11,117.349
2019-06-12,117.3568
2019-06-13,117.4604
2019-06-14,117.6276
2019-06-17,117.6782
2019-06-18,117.6378
2019-06-19,117.5564
2019-06-20,117.6314
2019-06-21,117.6058
2019-06-24,117.4871
2019-06-25,117.5297
2019-06-26,117.4766
2019-06-27,117.431
2019-06-28,117.5452
2019-07-01,117.558
2019-07-02,117.9307
2019-07-03,118.0501
2019-07-04,118.1088
2019-07-05,118.0277
2019-07-08,117.9382
2019-07-09,117.9606
2019-07-10,117.9405
2019-07-11,117.9933
2019-07-12,118.0569
2019-07-15,117.9397
2019-07-16,117.9158
2019-07-17,117.8795
2019-07-18,117.9453
2019-07-19,117.8906
2019-07-22,117.9769
2019-07-23,118.017
2019-07-24,117.9045
2019-07-25,117.9478
2019-07-26,117.9307
2019-07-29,117.8367
2019-07-30,117.8523
2019-07-31,117.9925
2019-08-01,118.0369
2019-08-02,118.3772
2019-08-05,118.6621
2019-08-06,118.6054
2019-08-07,118.705
2019-08-08,118.7337
2019-08-09,118.9016
2019-08-12,118.809
2019-08-13,119.0121
2019-08-14,119.1291
2019-08-15,119.167
2019-08-16,119.1059
2019-08-19,119.1614
2019-08-20,119.0855
2019-08-21,118.9136
2019-08-22,118.8885
2019-08-23,118.849
2019-08-26,118.9536
2019-08-27,118.8866
2019-08-28,118.8766
2019-08-29,119.0036
2019-08-30,118.8043
2019-09-02,118.6998
2019-09-03,118.7006
2019-09-04,118.8081
2019-09-05,119.1004
2019-09-06,119.1425
2019-09-09,119.0754
2019-09-10,118.9814
2019-09-11,118.9494
2019-09-12,118.7473
2019-09-16,118.7157
2019-09-17,118.6509
2019-09-18,118.4622
2019-09-19,118.5323
2019-09-20,118.5424
2019-09-23,118.5325
2019-09-24,118.4396
2019-09-25,118.4309
2019-09-26,118.3151
2019-09-27,118.2395
2019-09-29,118.2799
2019-09-30,118.2426
2019-10-08,118.3982
2019-10-09,118.4159
2019-10-10,118.3181
2019-10-11,118.1932
2019-10-12,118.0598
2019-10-14,118.0991
2019-10-15,118.04
2019-10-16,118.075
2019-10-17,118.1285
2019-10-18,117.971
2019-10-21,117.7507
2019-10-22,117.7284
2019-10-23,117.7608
2019-10-24,117.7662
2019-10-25,117.6797
2019-10-28,117.3666
2019-10-29,117.3298
2019-10-30,117.1727
2019-10-31,117.3182
2019-11-01,117.4334
2019-11-04,117.3084
2019-11-05,117.5722
2019-11-06,117.5848
2019-11-07,117.5038
2019-11-08,117.4779
2019-11-11,117.5733
2019-11-12,117.5927
2019-11-13,117.6597
2019-11-14,117.5675
2019-11-15,117.679
2019-11-18,117.9426
2019-11-19,118.1427
2019-11-20,118.147
2019-11-21,118.2403
2019-11-22,118.2558
2019-11-25,118.1015
2019-11-26,118.1668
2019-11-27,118.1598
2019-11-28,118.1801
2019-11-29,118.2306
2019-12-02,118.0455
2019-12-03,118.123
2019-12-04,118.1909
2019-12-05,118.1833
2019-12-06,118.1641
2019-12-09,118.1125
2019-12-10,118.1529
2019-12-11,118.1992
2019-12-12,118.2378
2019-12-13,118.1775
2019-12-16,118.1568
2019-12-17,118.02
2019-12-18,118.0014
2019-12-19,118.0287
2019-12-20,118.2655
2019-12-23,118.4078
2019-12-24,118.5437
2019-12-25,118.6414
2019-12-26,118.8439
2019-12-27,118.814
2019-12-30,118.7963
2019-12-31,118.8597
2020-01-02,118.7466
2020-01-03,118.71
2020-01-06,118.7921
2020-01-07,118.7706
2020-01-08,118.8435
2020-01-09,118.9162
2020-01-10,119.0877
2020-01-13,119.0884
2020-01-14,119.0028
2020-01-15,119.0191
2020-01-16,119.0137
2020-01-17,119.0721
2020-01-19,119.1061
2020-01-20,119.2278
2020-01-21,119.5255
2020-01-22,119.5435
2020-01-23,119.8238
2020-02-03,120.9874
2020-02-04,120.857
2020-02-05,120.8553
2020-02-06,120.9105
2020-02-07,121.127
2020-02-10,121.2668
2020-02-11,121.088
2020-02-12,121.0509
2020-02-13,121.0756
2020-02-14,120.8951
2020-02-17,120.685
2020-02-18,120.7815
2020-02-19,120.7434
2020-02-20,120.6069
2020-02-21,120.8425
2020-02-24,121.0217
2020-02-25,120.9762
2020-02-26,121.0505
2020-02-27,121.2047
2020-02-28,121.4257
2020-03-02,121.3922
2020-03-03,121.3389
2020-03-04,121.63
2020-03-05,121.6334
2020-03-06,121.986
2020-03-09,122.935
2020-03-10,122.4135
2020-03-11,122.4241
2020-03-12,122.3261
2020-03-13,121.9472
2020-03-16,122.0014
2020-03-17,121.7118
2020-03-18,121.6237
2020-03-19,121.5154
2020-03-20,121.7172
2020-03-23,121.974
2020-03-24,122.0536
2020-03-25,122.1217
2020-03-26,122.3774
2020-03-27,122.3027
2020-03-30,122.3174
2020-03-31,122.5126
2020-04-01,122.7341
2020-04-02,122.5995
2020-04-03,122.4964
2020-04-07,123.2886
2020-04-08,123.6375
2020-04-09,123.4309
2020-04-10,123.2301
2020-04-13,123.18
2020-04-14,123.251
2020-04-15,123.3198
2020-04-16,123.4274
2020-04-17,123.3241
2020-04-20,123.0525
2020-04-21,123.1392
2020-04-22,123.3598
2020-04-23,123.6817
2020-04-24,123.8048
2020-04-26,123.7675
2020-04-27,123.6563
2020-04-28,123.7229
2020-04-29,123.8889
2020-04-30,123.7321
2020-05-06,123.3834
2020-05-07,123.0352
2020-05-08,123.0224
2020-05-09,122.9022
2020-05-11,122.5572
2020-05-12,122.5624
2020-05-13,122.4034
2020-05-14,122.404
2020-05-15,122.4662
2020-05-18,122.113
2020-05-19,122.0357
2020-05-20,122.133
2020-05-21,122.1192
2020-05-22,122.4735
2020-05-25,122.0291
2020-05-26,121.6434
2020-05-27,121.4187
2020-05-28,121.5082
2020-05-29,121.5786
2020-06-01,121.4636
2020-06-02,120.8813
2020-06-03,120.5906
2020-06-04,120.3052
2020-06-05,120.0936
2020-06-08,120.2604
2020-06-09,120.2672
2020-06-10,120.2298
2020-06-11,120.5219
2020-06-12,120.6782
2020-06-15,120.5973
2020-06-16,120.1347
2020-06-17,119.8916
2020-06-18,120.028
2020-06-19,119.886
2020-06-22,119.6562
2020-06-23,119.6096
2020-06-24,119.9196
2020-06-28,120.0438
2020-06-29,119.9981
2020-06-30,120.18
2020-07-01,120.0782
2020-07-02,120.0992
2020-07-03,119.8645
2020-07-06,119.0833
2020-07-07,118.8929
2020-07-08,118.614
2020-07-09,118.3725
2020-07-10,118.5786
2020-07-13,118.3629
2020-07-14,118.6086
2020-07-15,118.8412
2020-07-16,119.0291
2020-07-17,119.0342
2020-07-20,119.1082
2020-07-21,119.3871
2020-07-22,119.5435
2020-07-23,119.4596
2020-07-24,119.7733
2020-07-27,119.7281
2020-07-28,119.4338
2020-07-29,119.3124
2020-07-30,119.2776
2020-07-31,119.062
2020-08-03,119.0583
2020-08-04,119.0526
2020-08-05,118.8653
2020-08-06,118.6608
2020-08-07,118.5318
2020-08-10,118.7438
2020-08-11,118.7797
2020-08-12,118.6884
2020-08-13,118.7538
2020-08-14,118.8999
2020-08-17,118.9562
2020-08-18,118.8115
2020-08-19,118.6243
2020-08-20,118.4642
2020-08-21,118.6275
2020-08-24,118.5228
2020-08-25,118.2328
2020-08-26,118.1811
2020-08-27,118.1059
2020-08-28,117.9922
2020-08-31,118.2656
2020-09-01,118.1061
2020-09-02,117.8242
2020-09-03,117.7643
2020-09-04,117.6506
2020-09-07,117.4537
2020-09-08,117.5485
2020-09-09,117.8178
2020-09-10,117.8341
2020-09-11,117.6657
2020-09-14,117.557
2020-09-15,117.78
2020-09-16,117.7198
2020-09-17,117.6768
2020-09-18,117.6847
2020-09-21,117.8084
2020-09-22,117.9087
2020-09-23,117.8947
2020-09-24,117.9159
2020-09-25,117.7024
2020-09-27,117.6894
2020-09-28,117.7576
2020-09-29,117.6474
2020-09-30,117.492
2020-10-09,117.1506
2020-10-10,117.1395
2020-10-12,117.19
2020-10-13,117.1587
2020-10-14,117.0465
2020-10-15,116.9858
2020-10-16,116.9738
2020-10-19,117.0767
2020-10-20,117.1124
2020-10-21,117.1956
2020-10-22,117.3882
2020-10-23,117.2794
2020-10-26,117.2594
2020-10-27,117.4398
2020-10-28,117.3508
2020-10-29,117.3554
2020-10-30,117.3991
2020-11-02,117.4608
2020-11-03,117.501
2020-11-04,117.5656
2020-11-05,117.4627
2020-11-06,117.3297
2020-11-09,117.1832
2020-11-10,117.2167
2020-11-11,117.1941
2020-11-12,117.0923
2020-11-13,116.9892
2020-11-16,116.9874
2020-11-17,116.9306
2020-11-18,116.7332
2020-11-19,116.5632
2020-11-20,116.6341
2020-11-23,116.8423
2020-11-24,116.7775
2020-11-25,116.8678
2020-11-26,116.8459
2020-11-27,116.7984
2020-11-30,117.1391
2020-12-01,117.0545
2020-12-02,116.9168
2020-12-03,116.9494
2020-12-04,117.067
2020-12-07,117.0513
2020-12-08,117.2025
2020-12-09,117.2008
2020-12-10,117.2606
2020-12-11,117.0821
2020-12-14,117.1023
2020-12-15,117.1788
2020-12-16,117.2395
2020-12-17,117.2018
2020-12-18,117.2321
2020-12-21,117.3613
2020-12-22,117.594
2020-12-23,117.6427
2020-12-24,117.518
2020-12-25,117.7086
2020-12-28,117.8471
2020-12-29,117.9219
2020-12-30,118.1421
2020-12-31,118.0963
2021-01-04,117.832
2021-01-05,118.0754
2021-01-06,118.1721
2021-01-07,118.2536
2021-01-08,118.1472
2021-01-11,118.0471
2021-01-12,118.1454
2021-01-13,118.3644
2021-01-14,118.4396
2021-01-15,118.1436
2021-01-18,117.996
2021-01-19,118.0278
2021-01-20,118.1188
2021-01-21,118.2783
2021-01-22,118.3209
2021-01-25,118.2722
2021-01-26,118.0594
2021-01-27,118.0414
2021-01-28,117.8371
2021-01-29,117.9046
2021-02-01,117.9923
2021-02-02,117.9641
2021-02-03,117.767
2021-02-04,117.6612
2021-02-05,117.6793
2021-02-07,117.7031
2021-02-08,117.6415
2021-02-09,117.722
2021-02-10,117.6597
2021-02-18,117.4013
2021-02-19,117.5671
2021-02-20,117.5623
2021-02-22,117.5077
2021-02-23,117.5193
2021-02-24,117.5521
2021-02-25,117.499
2021-02-26,117.4338
2021-03-01,117.6158
2021-03-02,117.634
2021-03-03,117.6131
2021-03-04,117.5689
2021-03-05,117.6754
2021-03-08,117.722
2021-03-09,117.694
2021-03-10,117.7173
2021-03-11,117.7158
2021-03-12,117.6723
2021-03-15,117.613
2021-03-16,117.6506
2021-03-17,117.7138
2021-03-18,117.7386
2021-03-19,117.8367
2021-03-22,117.8894
2021-03-23,117.9497
2021-03-24,118.0638
2021-03-25,118.0852
2021-03-26,118.0437
2021-03-29,118.0242
2021-03-30,118.0112
2021-03-31,118.1
2021-04-01,118.0681
2021-04-02,118.0661
2021-04-06,118.0181
2021-04-07,117.963
2021-04-08,117.9421
2021-04-09,118.0116
2021-04-12,118.1065
2021-04-13,118.3187
2021-04-14,118.353
2021-04-15,118.3727
2021-04-16,118.4538
2021-04-19,118.5178
2021-04-20,118.5955
2021-04-21,118.6552
2021-04-22,118.6267
2021-04-23,118.5765
2021-04-25,118.5026
2021-04-26,118.3554
2021-04-27,118.3281
2021-04-28,118.3694
2021-04-29,118.4379
2021-04-30,118.5531
2021-05-06,118.6207
2021-05-07,118.6385
2021-05-08,118.6457
2021-05-10,118.6988
2021-05-11,118.7732
2021-05-12,118.8103
2021-05-13,118.7528
2021-05-14,118.7843
2021-05-17,118.7154
2021-05-18,118.7433
2021-05-19,118.8599
2021-05-20,118.9872
2021-05-21,119.1411
2021-05-24,119.1179
2021-05-25,119.1107
2021-05-26,119.1972
2021-05-27,119.1206
2021-05-28,119.0427
2021-05-31,119.1082
2021-06-01,119.1598
2021-06-02,119.0562
2021-06-03,119.0877
2021-06-04,118.8669
2021-06-07,118.6993
2021-06-08,118.6864
2021-06-09,118.6725
2021-06-10,118.7168
2021-06-11,118.5326
2021-06-15,118.5256
2021-06-16,118.4728
2021-06-17,118.3277
2021-06-18,118.4238
2021-06-21,118.6181
2021-06-22,118.6529
2021-06-23,118.705
2021-06-24,118.7325
2021-06-25,118.7453
2021-06-28,118.6555
2021-06-29,118.698
2021-06-30,118.7508
2021-07-01,118.7167
2021-07-02,118.7256
2021-07-05,118.8124
2021-07-06,118.7898
2021-07-07,118.9847
2021-07-08,119.5008
2021-07-09,119.3539
2021-07-12,119.7521
2021-07-13,119.8798
2021-07-14,119.9056
2021-07-15,119.7358
2021-07-16,119.7987
2021-07-19,119.8192
2021-07-20,119.9718
2021-07-21,120.0563
2021-07-22,120.0253
2021-07-23,120.1256
2021-07-26,120.398
2021-07-27,120.2081
2021-07-28,120.0633
2021-07-29,120.232
2021-07-30,120.5401
2021-08-02,120.7856
2021-08-03,120.6898
2021-08-04,120.6464
2021-08-05,120.8596
2021-08-06,120.7988
2021-08-09,120.4715
2021-08-10,120.3811
2021-08-11,120.3092
2021-08-12,120.4348
2021-08-13,120.3068
2021-08-16,120.2288
2021-08-17,120.2846
2021-08-18,120.5119
2021-08-19,120.6069
2021-08-20,120.5712
2021-08-23,120.4725
2021-08-24,120.5163
2021-08-25,120.5614
2021-08-26,120.3567
2021-08-27,120.4226
2021-08-30,120.5223
2021-08-31,120.5577
2021-09-01,120.7147
2021-09-02,120.7019
2021-09-03,120.6693
2021-09-06,120.6574
2021-09-07,120.5143
2021-09-08,120.4424
2021-09-09,120.4128
2021-09-10,120.4312
2021-09-13,120.3454
2021-09-14,120.2813
2021-09-15,120.2573
2021-09-16,120.2773
2021-09-17,120.3451
2021-09-18,120.3842
2021-09-22,120.46
2021-09-23,120.5077
2021-09-24,120.4663
2021-09-26,120.4384
2021-09-27,120.4249
2021-09-28,120.3822
2021-09-29,120.4523
2021-09-30,120.4448
2021-10-08,120.2713
2021-10-09,120.2219
2021-10-11,119.9561
2021-10-12,119.8708
2021-10-13,119.8235
2021-10-14,119.8131
2021-10-15,119.7094
2021-10-18,119.1785
2021-10-19,119.3828
2021-10-20,119.4948
2021-10-21,119.6424
2021-10-22,119.6095
2021-10-25,119.5777
2021-10-26,119.6198
2021-10-27,119.651
2021-10-28,119.7323
2021-10-29,119.767
2021-11-01,119.96
2021-11-02,120.1113
2021-11-03,120.0983
2021-11-04,120.1645
2021-11-05,120.4167
2021-11-08,120.3966
2021-11-09,120.3499
2021-11-10,120.3359
2021-11-11,120.1939
2021-11-12,120.2043
2021-11-15,120.2869
2021-11-16,120.306
2021-11-17,120.2896
2021-11-18,120.3509
2021-11-19,120.3054
2021-11-22,120.389
2021-11-23,120.3666
2021-11-24,120.5155
2021-11-25,120.532
2021-11-26,120.7116
2021-11-29,120.6813
2021-11-30,120.6385
2021-12-01,120.5788
2021-12-02,120.4758
2021-12-03,120.3878
2021-12-06,120.7108
2021-12-07,120.618
2021-12-08,120.5263
2021-12-09,120.5008
2021-12-10,120.5724
2021-12-13,120.5144
2021-12-14,120.5731
2021-12-15,120.5727
2021-12-16,120.5321
2021-12-17,120.5816
2021-12-20,120.5589
2021-12-21,120.5396
2021-12-22,120.6168
2021-12-23,120.7448
2021-12-24,120.7486
2021-12-27,120.825
2021-12-28,120.912
2021-12-29,121.0076
2021-12-30,121.1481
2021-12-31,121.1166
2022-01-04,121.0649
2022-01-05,121.0282
2022-01-06,120.9068
2022-01-07,120.8841
2022-01-10,120.9591
2022-01-11,121.0439
2022-01-12,121.1304
2022-01-13,121.1528
2022-01-14,121.1666
2022-01-17,121.1992
2022-01-18,121.513
2022-01-19,121.7091
2022-01-20,121.7166
2022-01-21,121.869
2022-01-24,122.1107
2022-01-25,122.0215
2022-01-26,121.8496
2022-01-27,121.7499
2022-01-28,121.902
2022-01-29,121.9545
2022-01-30,121.9758
2022-02-07,121.8511
2022-02-08,121.8631
2022-02-09,121.7694
2022-02-10,121.7799
2022-02-11,121.3537
2022-02-14,121.2711
2022-02-15,121.2846
2022-02-16,121.3094
2022-02-17,121.3927
2022-02-18,121.3188
2022-02-21,121.0113
2022-02-22,120.9507
2022-02-23,121.0333
2022-02-24,121.0896
2022-02-25,121.1522
2022-02-28,121.2072
2022-03-01,121.0733
2022-03-02,120.9609
2022-03-03,120.8226
2022-03-04,120.859
2022-03-07,120.8776
2022-03-08,120.9125
2022-03-09,120.7863
2022-03-10,120.7451
2022-03-11,121.0058
2022-03-14,121.2229
2022-03-15,120.8619
2022-03-16,120.8906
2022-03-17,120.8968
2022-03-18,120.9517
2022-03-21,120.8711
2022-03-22,120.7278
2022-03-23,120.7344
2022-03-24,120.8182
2022-03-25,120.8764
2022-03-28,120.9194
2022-03-29,120.9097
2022-03-30,121.0054
2022-03-31,120.9674
2022-04-01,121.0576
2022-04-02,121.1081
2022-04-06,121.1884
2022-04-07,121.3269
2022-04-08,121.3181
2022-04-11,121.2474
2022-04-12,121.2243
2022-04-13,121.2491
2022-04-14,121.3106
2022-04-15,121.3307
2022-04-18,121.1048
2022-04-19,121.141
2022-04-20,121.106
2022-04-21,121.184
2022-04-22,121.1601
2022-04-24,121.1784
2022-04-25,121.2473
2022-04-26,121.2485
2022-04-27,121.1807
2022-04-28,121.0692
2022-04-29,121.1361
2022-05-05,121.1556
2022-05-06,121.1449
2022-05-07,121.1631
2022-05-09,121.2115
2022-05-10,121.2835
2022-05-11,121.228
2022-05-12,121.3061
2022-05-13,121.2997
2022-05-16,121.2742
2022-05-17,121.3355
2022-05-18,121.4237
2022-05-19,121.4637
2022-05-20,121.4069
2022-05-23,121.5044
2022-05-24,121.5302
2022-05-25,121.5942
2022-05-26,121.8794
2022-05-27,121.8987
2022-05-30,121.7736
2022-05-31,121.5859
2022-06-01,121.539
2022-06-02,121.5044
2022-06-06,121.4117
2022-06-07,121.4229
2022-06-08,121.4325
2022-06-09,121.479
2022-06-10,121.4965
2022-06-13,121.4496
2022-06-14,121.4137
2022-06-15,121.3885
2022-06-16,121.427
2022-06-17,121.4601
2022-06-20,121.3856
2022-06-21,121.369
2022-06-22,121.3897
2022-06-23,121.3961
2022-06-24,121.3176
2022-06-27,121.1009
2022-06-28,121.0492
2022-06-29,121.0624
2022-06-30,121.1429
2022-07-01,121.1654
2022-07-04,121.0067
2022-07-05,120.9654
2022-07-06,121.0189
2022-07-07,121.0166
2022-07-08,120.9648
2022-07-11,121.0423
2022-07-12,121.1714
2022-07-13,121.231
2022-07-14,121.3385
2022-07-15,121.4044
2022-07-18,121.4425
2022-07-19,121.4411
2022-07-20,121.5513
2022-07-21,121.6323
2022-07-22,121.5586
2022-07-25,121.5981
2022-07-26,121.6851
2022-07-27,121.7135
2022-07-28,121.6301
2022-07-29,121.8198
2022-08-01,122.0115
2022-08-02,122.068
2022-08-03,122.117
2022-08-04,122.2196
2022-08-05,122.1088
2022-08-08,122.0541
2022-08-09,121.9892
2022-08-10,122.005
2022-08-11,121.9889
2022-08-12,122.0033
2022-08-15,122.5193
2022-08-16,122.6939
2022-08-17,122.6874
2022-08-18,122.8976
2022-08-19,122.9832
2022-08-22,123.0172
2022-08-23,122.9195
2022-08-24,122.9086
2022-08-25,122.7069
2022-08-26,122.6756
2022-08-29,122.8082
2022-08-30,122.9015
2022-08-31,122.9027
2022-09-01,123.0083
2022-09-02,123.0563
2022-09-05,123.1183
2022-09-06,123.1569
2022-09-07,123.1434
2022-09-08,123.1036
2022-09-09,123.0388
2022-09-13,122.9793
2022-09-14,122.8969
2022-09-15,122.9166
2022-09-16,122.8227
2022-09-19,122.8168
2022-09-20,122.8848
2022-09-21,122.9537
2022-09-22,122.9574
2022-09-23,122.8538
2022-09-26,122.6307
2022-09-27,122.6239
2022-09-28,122.4394
2022-09-29,122.3537
2022-09-30,122.1684
2022-10-08,122.1082
2022-10-09,122.2944
2022-10-10,122.3361
2022-10-11,122.3858
2022-10-12,122.3773
2022-10-13,122.461
2022-10-14,122.6336
2022-10-17,122.6481
2022-10-18,122.6498
2022-10-19,122.66
2022-10-20,122.5803
2022-10-21,122.5501
2022-10-24,122.5959
2022-10-25,122.558
2022-10-26,122.6095
2022-10-27,122.7243
2022-10-28,122.8427
2022-10-31,122.9916
2022-11-01,122.8826
2022-11-02,122.7772
2022-11-03,122.7899
2022-11-04,122.6903
2022-11-07,122.6827
2022-11-08,122.6663
2022-11-09,122.6386
2022-11-10,122.5997
2022-11-11,122.3716
2022-11-14,121.5503
2022-11-15,121.574
2022-11-16,121.4113
2022-11-17,121.5559
2022-11-18,121.5543
2022-11-21,121.6335
2022-11-22,121.5939
2022-11-23,121.7743
2022-11-24,121.8991
2022-11-25,121.6661
2022-11-28,121.4791
2022-11-29,121.1848
2022-11-30,121.1401
2022-12-01,121.2251
2022-12-02,121.2411
2022-12-05,121.1658
2022-12-06,120.992
2022-12-07,121.0499
2022-12-08,121.0994
2022-12-09,121.0081
2022-12-12,120.9959
2022-12-13,120.8734
2022-12-14,121.0979
2022-12-15,121.0695
2022-12-16,121.0514
2022-12-19,121.2354
2022-12-20,121.2495
2022-12-21,121.278
2022-12-22,121.356
2022-12-23,121.4611
2022-12-26,121.4186
2022-12-27,121.323
2022-12-28,121.348
2022-12-29,121.4708
2022-12-30,121.5267
2022-12-31,121.5335
2023-01-03,121.579
2023-01-04,121.6754
2023-01-05,121.6439
2023-01-06,121.56
2023-01-09,121.5266
2023-01-10,121.3711
2023-01-11,121.3521
2023-01-12,121.377
2023-01-13,121.2951
2023-01-16,121.1264
2023-01-17,121.1992
2023-01-18,121.1543
2023-01-19,121.1478
2023-01-20,121.1165
2023-01-28,121.0777
2023-01-29,121.1435
2023-01-30,121.1331
2023-01-31,121.1627
2023-02-01,121.1212
2023-02-02,121.1354
2023-02-03,121.157
2023-02-06,121.1211
2023-02-07,121.1333
2023-02-08,121.1398
2023-02-09,121.1511
2023-02-10,121.1539
2023-02-13,121.16
2023-02-14,121.1672
2023-02-15,121.1633
2023-02-16,121.184
2023-02-17,121.1751
2023-02-20,121.0839
2023-02-21,121.0106
2023-02-22,121.0435
2023-02-23,121.0269
2023-02-24,121.0279
2023-02-27,121.0137
2023-02-28,121.0116
2023-03-01,121.0288
2023-03-02,120.9994
2023-03-03,120.9782
2023-03-06,121.1214
2023-03-07,121.1632
2023-03-08,121.161
2023-03-09,121.1928
2023-03-10,121.2617
2023-03-13,121.2586
2023-03-14,121.2883
2023-03-15,121.2781
2023-03-16,121.3789
2023-03-17,121.4398
2023-03-20,121.5295
2023-03-21,121.5115
2023-03-22,121.468
2023-03-23,121.4554
2023-03-24,121.3975
2023-03-27,121.4586
2023-03-28,121.4489
2023-03-29,121.4518
2023-03-30,121.4653
2023-03-31,121.449
2023-04-03,121.4158
2023-04-04,121.399
2023-04-06,121.3884
2023-04-07,121.4303
2023-04-10,121.4684
2023-04-11,121.5922
2023-04-12,121.6972
2023-04-13,121.6635
2023-04-14,121.6573
2023-04-17,121.5882
2023-04-18,121.6162
2023-04-19,121.6829
2023-04-20,121.6994
2023-04-21,121.7468
2023-04-23,121.7717
2023-04-24,121.8295
2023-04-25,121.8459
2023-04-26,121.8857
2023-04-27,122.0311
2023-04-28,122.0522
2023-05-04,122.1815
2023-05-05,122.3414
2023-05-06,122.367
2023-05-08,122.2809
2023-05-09,122.2918
2023-05-10,122.4151
2023-05-11,122.5725
2023-05-12,122.5403
2023-05-15,122.4878
2023-05-16,122.4571
2023-05-17,122.4174
2023-05-18,122.3705
2023-05-19,122.4297
2023-05-22,122.4855
2023-05-23,122.6153
2023-05-24,122.6213
2023-05-25,122.5815
2023-05-26,122.5085
2023-05-29,122.5193
2023-05-30,122.5652
2023-05-31,122.6106
2023-06-01,122.7043
2023-06-02,122.6357
2023-06-05,122.6248
2023-06-06,122.6898
2023-06-07,122.7531
2023-06-08,122.7338
2023-06-09,122.8324
2023-06-12,122.8803
2023-06-13,123.0894
2023-06-14,123.1974
2023-06-15,122.9902
2023-06-16,122.7932
2023-06-19,122.6294
2023-06-20,122.7031
2023-06-21,122.7841
2023-06-25,122.8618
2023-06-26,122.8404
2023-06-27,122.7913
2023-06-28,122.8336
2023-06-29,122.8756
2023-06-30,123.0203
2023-07-03,123.0161
2023-07-04,123.0159
2023-07-05,123.0414
2023-07-06,123.0856
2023-07-07,123.1102
2023-07-10,123.1225
2023-07-11,123.189
2023-07-12,123.1986
2023-07-13,123.213
2023-07-14,123.1751
2023-07-17,123.2354
2023-07-18,123.3389
2023-07-19,123.37
2023-07-20,123.3894
2023-07-21,123.5039
2023-07-24,123.6309
2023-07-25,123.2088
2023-07-26,123.2969
2023-07-27,123.4147
2023-07-28,123.357
2023-07-31,123.2657
2023-08-01,123.3053
2023-08-02,123.3619
2023-08-03,123.4358
2023-08-04,123.4445
2023-08-07,123.4628
2023-08-08,123.4761
2023-08-09,123.4797
2023-08-10,123.4502
2023-08-11,123.4756
2023-08-14,123.5982
2023-08-15,123.8253
2023-08-16,123.9068
2023-08-17,123.8923
2023-08-18,123.9453
2023-08-21,124.1734
2023-08-22,124.1511
2023-08-23,124.1654
2023-08-24,124.1766
2023-08-25,124.1081
2023-08-28,123.9648
2023-08-29,123.9004
2023-08-30,123.9225
2023-08-31,123.9689
2023-09-01,123.8085
2023-09-04,123.5069
2023-09-05,123.465
2023-09-06,123.2879
2023-09-07,123.1867
2023-09-08,123.1739
2023-09-11,123.1308
2023-09-12,123.1902
2023-09-13,123.2455
2023-09-14,123.3624
2023-09-15,123.2199
2023-09-18,123.0926
2023-09-19,123.0618
2023-09-20,123.0267
2023-09-21,123.0871
2023-09-22,123.0011
2023-09-25,122.8675
2023-09-26,122.7944
2023-09-27,122.788
2023-09-28,122.9075
2023-10-07,122.9709
2023-10-08,122.9941
2023-10-09,122.9662
2023-10-10,122.8774
2023-10-11,122.7194
2023-10-12,122.6869
2023-10-13,122.8156
2023-10-16,122.8388
2023-10-17,122.7696
2023-10-18,122.7265
2023-10-19,122.5909
2023-10-20,122.6149
2023-10-23,122.7099
2023-10-24,122.6199
2023-10-25,122.6864
2023-10-26,122.7068
2023-10-27,122.6629
2023-10-30,122.6907
2023-10-31,122.789
2023-11-01,122.8141
2023-11-02,122.9646
2023-11-03,122.9363
2023-11-06,122.9517
2023-11-07,122.9432
2023-11-08,122.9573
2023-11-09,123.0046
2023-11-10,123.0486
2023-11-13,123.1108
2023-11-14,123.0669
2023-11-15,123.0435
2023-11-16,123.1161
2023-11-17,123.1651
2023-11-20,123.1444
2023-11-21,123.1147
2023-11-22,123.0276
2023-11-23,122.8637
2023-11-24,122.8565
2023-11-27,122.7644
2023-11-28,122.8368
2023-11-29,122.8673
2023-11-30,122.9505
2023-12-01,122.933
2023-12-04,122.9002
2023-12-05,122.8899
2023-12-06,122.8697
2023-12-07,122.8908
2023-12-08,122.9353
2023-12-11,123.0409
2023-12-12,123.0427
2023-12-13,123.177
2023-12-14,123.2014
2023-12-15,123.369
2023-12-18,123.4642
2023-12-19,123.453
2023-12-20,123.4683
2023-12-21,123.6394
2023-12-22,123.7382
2023-12-25,123.9147
2023-12-26,123.9386
2023-12-27,124.0102
2023-12-28,124.0156
2023-12-29,123.9997
2023-12-31,124.022
2024-01-02,123.9407
2024-01-03,123.8837
2024-01-04,124.0072
2024-01-05,124.1506
2024-01-08,124.1589
2024-01-09,124.3484
2024-01-10,124.3006
2024-01-11,124.2878
2024-01-12,124.1941
2024-01-15,124.1961
2024-01-16,124.1808
2024-01-17,124.2672
2024-01-18,124.3218
2024-01-19,124.4151
2024-01-22,124.6293
2024-01-23,124.5972
2024-01-24,124.6134
2024-01-25,124.7115
2024-01-26,124.7269
2024-01-29,124.7852
2024-01-30,125.152
2024-01-31,125.3825
2024-02-01,125.368
2024-02-02,125.3637
2024-02-04,125.5426
2024-02-05,125.5473
2024-02-06,125.162
2024-02-07,125.327
2024-02-08,125.2564
2024-02-09,125.2573
2024-02-18,125.2658
2024-02-19,125.3017
2024-02-20,125.441
2024-02-21,125.4563
2024-02-22,125.5369
2024-02-23,125.6781
2024-02-26,125.8141
2024-02-27,125.9258
2024-02-28,126.057
2024-02-29,126.2503
2024-03-01,125.9628
2024-03-04,126.0723
2024-03-05,126.1044
2024-03-06,126.4816
2024-03-07,126.4463
2024-03-08,126.3787
2024-03-11,126.1691
2024-03-12,125.724
2024-03-13,125.7334
2024-03-14,125.7014
2024-03-15,125.8268
2024-03-18,126.012
2024-03-19,126.1739
2024-03-20,126.0712
2024-03-21,126.0833
2024-03-22,126.0177
2024-03-25,125.8889
2024-03-26,125.8648
2024-03-27,126.0304
2024-03-28,126.0551
2024-03-29,126.1781
2024-04-01,126.0224
2024-04-02,126.1116
2024-04-03,126.2433
2024-04-07,126.1857
2024-04-08,126.2952
2024-04-09,126.3743
2024-04-10,126.2786
2024-04-11,126.2491
2024-04-12,126.3817
2024-04-15,126.4168
2024-04-16,126.4474
2024-04-17,126.5406
2024-04-18,126.6933
2024-04-19,126.8118
2024-04-22,126.9419
2024-04-23,127.1059
2024-04-24,126.7353
2024-04-25,126.7087
2024-04-26,126.3831
2024-04-28,126.1978
2024-04-29,125.9458
2024-04-30,126.2794
2024-05-06,126.2323
2024-05-07,126.3962
2024-05-08,126.3871
2024-05-09,126.2528
2024-05-10,126.1931
2024-05-11,125.9913
2024-05-13,126.3663
2024-05-14,126.4568
2024-05-15,126.4107
2024-05-16,126.2947
2024-05-17,126.2357
2024-05-20,126.2955
2024-05-21,126.2597
2024-05-22,126.3186
2024-05-23,126.447
2024-05-24,126.4518
2024-05-27,126.4328
2024-05-28,126.5489
2024-05-29,126.6431
2024-05-30,126.6069
2024-05-31,126.5239
2024-06-03,126.5955
2024-06-04,126.6271
2024-06-05,126.7189
2024-06-06,126.7532
2024-06-07,126.7819
2024-06-11,126.8372
2024-06-12,126.843
2024-06-13,126.8889
2024-06-14,127.0279
2024-06-17,127.0083
2024-06-18,127.129
2024-06-19,127.2076
2024-06-20,127.2999
2024-06-21,127.1987
2024-06-24,127.2969
2024-06-25,127.4187
2024-06-26,127.4732
2024-06-27,127.6278
2024-06-28,127.6935
2024-07-01,127.3647
2024-07-02,127.4713
2024-07-03,127.5597
2024-07-04,127.534
2024-07-05,127.3379
2024-07-08,127.1259
2024-07-09,127.2958
2024-07-10,127.3053
2024-07-11,127.3436
2024-07-12,127.449
2024-07-15,127.5204
2024-07-16,127.5376
2024-07-17,127.5385
2024-07-18,127.4737
2024-07-19,127.5078
2024-07-22,127.7171
2024-07-23,127.8423
2024-07-24,127.869
2024-07-25,128.0307
2024-07-26,128.1275
2024-07-29,128.3
2024-07-30,128.4153
2024-07-31,128.4993
2024-08-01,128.6534
2024-08-02,128.7679
2024-08-05,128.8812
2024-08-06,128.7466
2024-08-07,128.8921
2024-08-08,128.5906
2024-08-09,128.4087
2024-08-12,127.8673
2024-08-13,128.043
2024-08-14,128.3321
2024-08-15,128.2246
2024-08-16,128.2472
2024-08-19,128.3613
2024-08-20,128.4175
2024-08-21,128.3771
2024-08-22,128.5005
2024-08-23,128.5609
2024-08-26,128.5873
2024-08-27,128.3542
2024-08-28,128.4504
2024-08-29,128.4497
2024-08-30,128.4057
2024-09-02,128.6595
2024-09-03,128.7629
2024-09-04,128.8884
2024-09-05,129.021
2024-09-06,129.0197
2024-09-09,129.1575
2024-09-10,129.3186
2024-09-11,129.4676
2024-09-12,129.5442
2024-09-13,129.713
2024-09-14,129.9401
2024-09-18,130.0171
2024-09-19,129.9909
2024-09-20,130.0189
2024-09-23,130.1167
2024-09-24,129.8061
2024-09-25,130.0085
2024-09-26,129.6935
2024-09-27,128.6243
2024-09-29,127.755
2024-09-30,128.3894
2024-10-08,128.1155
2024-10-09,128.2783
2024-10-10,128.7393
2024-10-11,128.811
2024-10-12,128.7782
2024-10-14,128.7706
2024-10-15,128.7842
2024-10-16,128.7348
2024-10-17,128.9473
2024-10-18,128.9055
2024-10-21,128.8389
2024-10-22,128.6416
2024-10-23,128.472
2024-10-24,128.4692
2024-10-25,128.4066
2024-10-28,128.2922
2024-10-29,128.3674
2024-10-30,128.418
2024-10-31,128.5189
2024-11-01,128.6968
2024-11-04,128.7808
2024-11-05,128.8929
2024-11-06,128.9248
2024-11-07,128.9862
2024-11-08,129.059
2024-11-11,129.1077
2024-11-12,129.2784
2024-11-13,129.2132
2024-11-14,129.1919
2024-11-15,129.1677
2024-11-18,128.9176
2024-11-19,129.0141
2024-11-20,128.9727
2024-11-21,129.1357
2024-11-22,129.2196
2024-11-25,129.3763
2024-11-26,129.413
2024-11-27,129.4026
2024-11-28,129.5542
2024-11-29,129.6959
2024-12-02,130.0614
2024-12-03,130.0339
2024-12-04,130.2754
2024-12-05,130.2778
2024-12-06,130.2184
2024-12-09,130.39
2024-12-10,131.0154
2024-12-11,131.1225
2024-12-12,131.2509
2024-12-13,131.6863
2024-12-16,132.0509
2024-12-17,131.9357
2024-12-18,131.738
2024-12-19,131.728
2024-12-20,132.1752
2024-12-23,132.2092
2024-12-24,131.9446
2024-12-25,131.7707
2024-12-26,131.8845
2024-12-27,132.1572
2024-12-30,132.0947
2024-12-31,132.3476
2025-01-02,132.8516
2025-01-03,133.008
2025-01-06,133.1119
2025-01-07,132.8966
2025-01-08,132.8341
2025-01-09,132.5438
2025-01-10,132.5248
2025-01-13,132.3554
2025-01-14,132.5161
2025-01-15,132.6464
2025-01-16,132.5747
2025-01-17,132.4683
2025-01-20,132.3173
2025-01-21,132.4804
2025-01-22,132.5077
2025-01-23,132.4302
2025-01-24,132.3904
2025-01-26,132.3867
2025-01-27,132.6771
2025-02-05,132.8599
2025-02-06,133.0701
2025-02-07,133.0736
2025-02-08,133.0365
2025-02-10,132.8174
2025-02-11,132.855
2025-02-12,132.8837
2025-02-13,132.8324
2025-02-14,132.6228
2025-02-17,132.2669
2025-02-18,132.0446
2025-02-19,132.168
2025-02-20,131.9106
2025-02-21,131.5567
2025-02-24,131.1703
2025-02-25,131.2826
2025-02-26,131.366
2025-02-27,131.1513
2025-02-28,131.2944
2025-03-03,131.5283
2025-03-04,131.5107
2025-03-05,131.5557
2025-03-06,131.2332
2025-03-07,130.6761
2025-03-10,130.5814
2025-03-11,129.9732
2025-03-12,130.2197
2025-03-13,130.1455
2025-03-14,130.1565
2025-03-17,129.53
2025-03-18,129.5478
2025-03-19,129.5997
2025-03-20,130.0141
2025-03-21,129.9483
2025-03-24,129.9928
2025-03-25,130.2126
2025-03-26,130.4023
2025-03-27,130.3996
2025-03-28,130.3435
2025-03-31,130.3365
2025-04-01,130.3355
2025-04-02,130.6033
2025-04-03,131.3405
2025-04-07,132.1068
2025-04-08,131.8238
2025-04-09,131.9373
2025-04-10,131.9024
2025-04-11,131.9386
2025-04-14,131.8856
2025-04-15,131.8904
2025-04-16,131.9471
2025-04-17,131.8106
2025-04-18,131.7813
2025-04-21,131.65
2025-04-22,131.7522
2025-04-23,131.6057
2025-04-24,131.6285
2025-04-25,131.6755
2025-04-27,131.6667
2025-04-28,131.8053
2025-04-29,132.0249
2025-04-30,132.0603
2025-05-06,132.0671
2025-05-07,131.9275
2025-05-08,132.0415
2025-05-09,132.0595
2025-05-12,131.5863
2025-05-13,131.687
2025-05-14,131.6235
2025-05-15,131.5617
2025-05-16,131.4776
2025-05-19,131.6156
2025-05-20,131.6138
2025-05-21,131.5474
2025-05-22,131.5415
2025-05-23,131.4713
2025-05-26,131.5105
2025-05-27,131.425
2025-05-28,131.3666
2025-05-29,131.2002
2025-05-30,131.3885
2025-06-03,131.3823
2025-06-04,131.4392
2025-06-05,131.484
2025-06-06,131.6343
2025-06-09,131.6991
2025-06-10,131.7119
2025-06-11,131.8154
2025-06-12,131.8276
2025-06-13,131.8155
2025-06-16,131.8358
2025-06-17,131.949
2025-06-18,132.0126
2025-06-19,132.0942
2025-06-20,132.1445
2025-06-23,132.1335
2025-06-24,132.0159
2025-06-25,131.9162
2025-06-26,131.9436
2025-06-27,131.9764
2025-06-30,131.8924
2025-07-01,131.9846
2025-07-02,132.114
2025-07-03,132.1308
2025-07-04,132.1536
2025-07-07,132.1591
2025-07-08,132.0788
2025-07-09,132.074
2025-07-10,131.9408
2025-07-11,131.8699
2025-07-14,131.7699
2025-07-15,131.9559
2025-07-16,131.957
2025-07-17,131.9549
2025-07-18,131.907
2025-07-21,131.7261
2025-07-22,131.6061
2025-07-23,131.4424
2025-07-24,131.1474
2025-07-25,131.1128
2025-07-28,131.2888
2025-07-29,130.9607
2025-07-30,131.1715
2025-07-31,131.3458
2025-08-01,131.3609
2025-08-04,131.4286
2025-08-05,131.3966
2025-08-06,131.4265
2025-08-07,131.505
2025-08-08,131.4801
2025-08-11,131.2208
2025-08-12,131.0335
2025-08-13,131.027
2025-08-14,130.9194
2025-08-15,130.7959
2025-08-18,130.2235
2025-08-19,130.2913
2025-08-20,130.2236
2025-08-21,130.349
2025-08-22,130.3039
2025-08-25,130.4758
2025-08-26,130.6196
2025-08-27,130.5833
2025-08-28,130.3551
2025-08-29,130.3722
2025-09-01,130.4565
2025-09-02,130.4821
2025-09-03,130.6912
2025-09-04,130.7014
2025-09-05,130.4528
2025-09-08,130.1807
2025-09-09,130.0247
2025-09-10,129.7319
2025-09-11,129.7388
2025-09-12,129.856
2025-09-15,129.8675
2025-09-16,129.9775
2025-09-17,130.1423
2025-09-18,130.0292
2025-09-19,129.7833
2025-09-22,129.8186
2025-09-23,129.6333
2025-09-24,129.39
2025-09-25,129.3814
2025-09-26,129.4223
2025-09-28,129.4344
2025-09-29,129.2942
2025-09-30,129.4181
2025-10-09,129.4785
2025-10-10,129.3996
2025-10-11,129.7368
2025-10-13,129.5108
2025-10-14,129.5194
2025-10-15,129.512
2025-10-16,129.5979
2025-10-17,129.8118
2025-10-20,129.6775
2025-10-21,129.7536
2025-10-22,129.7653
2025-10-23,129.6906
2025-10-24,129.5871
2025-10-27,129.63
2025-10-28,129.9214
2025-10-29,129.9346
2025-10-30,130.0267
2025-10-31,130.2306
2025-11-03,130.2275
2025-11-04,130.1976
2025-11-05,130.2297
2025-11-06,130.0712
2025-11-07,130.0338
2025-11-10,130.0468
2025-11-11,130.0707
2025-11-12,130.1182
2025-11-13,130.0593
2025-11-14,130.0477
2025-11-17,130.0868
2025-11-18,130.0993
2025-11-19,130.0194
2025-11-20,129.9979
2025-11-21,129.9285
2025-11-24,129.9051
2025-11-25,129.7842
2025-11-26,129.6102
2025-11-27,129.5069
2025-11-28,129.5563
2025-12-01,129.5491
2025-12-02,129.416
2025-12-03,129.2587
2025-12-04,128.9399
2025-12-05,128.9877
2025-12-08,128.9187
2025-12-09,129.0285
2025-12-10,129.0956
2025-12-11,129.2316
2025-12-12,129.0674
2025-12-15,128.8121
2025-12-16,128.7851
2025-12-17,128.9945
2025-12-18,129.0083
2025-12-19,129.1184
2025-12-22,129.0109
2025-12-23,129.1493
2025-12-24,129.2113
2025-12-25,129.1807
2025-12-26,129.1994
2025-12-29,128.878
2025-12-30,128.8251
2025-12-31,128.7962
2026-01-04,128.8762
2026-01-05,128.6871
2026-01-06,128.477
2026-01-07,128.2906
2026-01-08,128.3909
2026-01-09,128.4696
2026-01-12,128.5875
2026-01-13,128.6253
2026-01-14,128.6272
2026-01-15,128.6729
2026-01-16,128.6987
2026-01-19,128.688
2026-01-20,128.8266
2026-01-21,128.9995
2026-01-22,128.997
2026-01-23,129.0786
2026-01-26,129.1419
2026-01-27,129.0374
2026-01-28,129.0893
2026-01-29,129.1008
2026-01-30,129.0614
2026-02-02,129.0855
2026-02-03,129.0385
2026-02-04,129.0186
2026-02-05,129.1008
2026-02-06,129.2382
2026-02-09,129.2832
2026-02-10,129.3018
2026-02-11,129.3468
2026-02-12,129.3702
2026-02-13,129.3671
2026-02-14,129.3438
2026-02-24,129.3674
2026-02-25,129.2551
2026-02-26,129.0238
2026-02-27,129.0498
2026-02-28,129.1664
2026-03-02,129.2197
2026-03-03,129.2415
2026-03-04,129.2731
2026-03-05,129.2993
2026-03-06,129.2644
2026-03-09,128.9177
2026-03-10,128.8927
2026-03-11,128.8048
2026-03-12,128.8464
2026-03-13,128.7622
2026-03-16,128.5896
2026-03-17,128.6302
2026-03-18,128.7588
2026-03-19,128.702
2026-03-20,128.68
2026-03-23,128.6805
2026-03-24,128.776
2026-03-25,128.7769
2026-03-26,128.7968
2026-03-27,128.8025
2026-03-30,128.9472
2026-03-31,128.936
2026-04-01,128.8513
2026-04-02,128.8061
2026-04-03,128.8376
2026-04-07,128.9167
2026-04-08,129.0188
2026-04-09,128.9981
2026-04-10,129.1373
2026-04-13,129.2676
2026-04-14,129.2943
2026-04-15,129.2976
2026-04-16,129.2746
2026-04-17,129.4553
2026-04-20,129.4873
2026-04-21,129.6316
2026-04-22,129.7698
2026-04-23,129.6577
2026-04-24,129.5424
2026-04-27,129.3827
2026-04-28,129.4133
2026-04-29,129.495
2026-04-30,129.4117
2026-05-06,129.2191
2026-05-07,129.229
2026-05-08,129.2455
2026-05-09,129.2255
2026-05-11,129.29
2026-05-12,129.3488
2026-05-13,129.381
2026-05-14,129.3452
2026-05-15,129.2886
2026-05-18,129.3395
2026-05-19,129.5259
2026-05-20,129.5252
2026-05-21,129.5121
2026-05-22,129.47
2026-05-25,129.5178
2026-05-26,129.5966
2026-05-27,129.7016
2026-05-28,129.7606
2026-05-29,129.8152
2026-06-01,129.9259
2026-06-02,129.92
2026-06-03,129.8527
2026-06-04,129.9197
2026-06-05,129.8403
2026-06-08,129.7461
2026-06-09,129.6623
2026-06-10,129.5385
2026-06-11,129.4642
2026-06-12,129.5321
2026-06-15,129.5536
2026-06-16,129.6581
2026-06-17,129.7294
2026-06-18,129.7518
2026-06-22,129.7505
2026-06-23,129.6892
2026-06-24,129.6659
2026-06-25,129.7647
2026-06-26,129.8023
2026-06-29,129.9068
2026-06-30,129.7949
2026-07-01,129.639
2026-07-02,129.6465
2026-07-03,129.6064
2026-07-06,129.6936
2026-07-07,129.7125
2026-07-08,129.7841
2026-07-09,129.823
2026-07-10,129.8116
2026-07-13,129.761
2026-07-14,129.7704
2026-07-15,129.8118
2026-07-16,129.7669
2026-07-17,129.8066
2026-07-20,129.7758
2026-07-21,129.7868
2026-07-22,130.0038
2026-07-23,130.0447
2026-07-24,130.0909
2026-07-27,130.0896
2026-07-28,130.0839
2026-07-29,130.0611
2026-07-30,130.2159
2026-07-31,130.2892
