日期,AA中票3Y,国开债3Y,利差BP
2020-01-02,3.7771,2.9489,82.82
2020-01-03,3.7871,2.9662,82.09
2020-01-06,3.7572,2.9569,80.03
2020-01-07,3.7578,2.974,78.38
2020-01-08,3.7358,2.9599,77.59
2020-01-09,3.7362,2.9591,77.71
2020-01-10,3.717,2.9503,76.67
2020-01-13,3.6971,2.9574,73.97
2020-01-14,3.7054,2.9931,71.23
2020-01-15,3.7128,2.9868,72.6
2020-01-16,3.694,2.9888,70.52
2020-01-17,3.6943,2.9798,71.45
2020-01-19,3.6963,2.977,71.93
2020-01-20,3.7162,2.9664,74.98
2020-01-21,3.7008,2.9767,72.41
2020-01-22,3.6959,2.9783,71.76
2020-01-23,3.6992,2.9759,72.33
2020-02-03,3.5616,2.7691,79.25
2020-02-04,3.577,2.7892,78.78
2020-02-05,3.5748,2.8031,77.17
2020-02-06,3.567,2.7898,77.72
2020-02-07,3.5376,2.7453,79.23
2020-02-10,3.5125,2.6921,82.04
2020-02-11,3.5025,2.7178,78.47
2020-02-12,3.4702,2.706,76.42
2020-02-13,3.4726,2.6919,78.07
2020-02-14,3.4748,2.7046,77.02
2020-02-17,3.4534,2.742,71.14
2020-02-18,3.4434,2.7404,70.3
2020-02-19,3.4212,2.7518,66.94
2020-02-20,3.4206,2.7515,66.91
2020-02-21,3.4139,2.7544,65.95
2020-02-24,3.4119,2.7255,68.64
2020-02-25,3.4002,2.7422,65.8
2020-02-26,3.3831,2.7332,64.99
2020-02-27,3.3731,2.722,65.11
2020-02-28,3.3754,2.6769,69.85
2020-03-02,3.3417,2.6753,66.64
2020-03-03,3.3574,2.6666,69.08
2020-03-04,3.3228,2.6235,69.93
2020-03-05,3.3302,2.6297,70.05
2020-03-06,3.291,2.57,72.1
2020-03-09,3.2468,2.4859,76.09
2020-03-10,3.2625,2.5723,69.02
2020-03-11,3.2885,2.5852,70.33
2020-03-12,3.2871,2.5955,69.16
2020-03-13,3.328,2.6299,69.81
2020-03-16,3.3585,2.6327,72.58
2020-03-17,3.403,2.6466,75.64
2020-03-18,3.4004,2.6375,76.29
2020-03-19,3.3985,2.6121,78.64
2020-03-20,3.391,2.5975,79.35
2020-03-23,3.3416,2.542,79.96
2020-03-24,3.3013,2.4974,80.39
2020-03-25,3.3114,2.464,84.74
2020-03-26,3.3295,2.3925,93.7
2020-03-27,3.3197,2.4229,89.68
2020-03-30,3.3464,2.377,96.94
2020-03-31,3.3328,2.3193,101.35
2020-04-01,3.3374,2.2753,106.21
2020-04-02,3.309,2.3,100.9
2020-04-03,3.3082,2.2686,103.96
2020-04-07,3.2297,1.9783,125.14
2020-04-08,3.1319,1.893,123.89
2020-04-09,3.1324,1.8575,127.49
2020-04-10,3.1435,1.876,126.75
2020-04-13,3.1439,1.9118,123.21
2020-04-14,3.1443,1.8824,126.19
2020-04-15,3.1462,1.8227,132.35
2020-04-16,3.142,1.7929,134.91
2020-04-17,3.1475,1.8111,133.64
2020-04-20,3.1496,1.7949,135.47
2020-04-21,3.1269,1.7809,134.6
2020-04-22,3.105,1.7418,136.32
2020-04-23,3.0421,1.6865,135.56
2020-04-24,3.0363,1.7187,131.76
2020-04-26,3.0369,1.7366,130.03
2020-04-27,3.0405,1.7593,128.12
2020-04-28,3.0281,1.7579,127.02
2020-04-29,3.051,1.7561,129.49
2020-04-30,3.0296,1.7616,126.8
2020-05-06,3.0508,1.8183,123.25
2020-05-07,3.1063,1.8898,121.65
2020-05-08,3.1522,1.8894,126.28
2020-05-09,3.1604,1.8994,126.1
2020-05-11,3.1996,2.0004,119.92
2020-05-12,3.2126,1.9587,125.39
2020-05-13,3.2102,1.9421,126.81
2020-05-14,3.2142,1.9218,129.24
2020-05-15,3.2021,1.8797,132.24
2020-05-18,3.2075,1.9447,126.28
2020-05-19,3.2273,1.9898,123.75
2020-05-20,3.2373,1.9985,123.88
2020-05-21,3.2299,2.0061,122.38
2020-05-22,3.214,1.9665,124.75
2020-05-25,3.2149,2.0489,116.6
2020-05-26,3.2401,2.1923,104.78
2020-05-27,3.293,2.2778,101.52
2020-05-28,3.3154,2.2684,104.7
2020-05-29,3.3349,2.236,109.89
2020-06-01,3.3556,2.2386,111.7
2020-06-02,3.4727,2.5024,97.03
2020-06-03,3.5498,2.5478,100.2
2020-06-04,3.5945,2.6546,93.99
2020-06-05,3.6535,2.7198,93.37
2020-06-08,3.7026,2.6633,103.93
2020-06-09,3.6958,2.6026,109.32
2020-06-10,3.6858,2.6275,105.83
2020-06-11,3.6559,2.5968,105.91
2020-06-12,3.6206,2.5552,106.54
2020-06-15,3.6118,2.562,104.98
2020-06-16,3.6181,2.6221,99.6
2020-06-17,3.649,2.6789,97.01
2020-06-18,3.6341,2.6984,93.57
2020-06-19,3.6603,2.7109,94.94
2020-06-22,3.6937,2.8108,88.29
2020-06-23,3.7586,2.857,90.16
2020-06-24,3.7429,2.7616,98.13
2020-06-28,3.7495,2.7775,97.2
2020-06-29,3.7412,2.7408,100.04
2020-06-30,3.7406,2.7186,102.2
2020-07-01,3.7232,2.7397,98.35
2020-07-02,3.7236,2.713,101.06
2020-07-03,3.7112,2.7511,96.01
2020-07-06,3.7728,2.9315,84.13
2020-07-07,3.8676,2.9776,89.0
2020-07-08,3.9111,3.0472,86.39
2020-07-09,4.0465,3.1826,86.39
2020-07-10,4.0963,3.1459,95.04
2020-07-13,4.1684,3.2773,89.11
2020-07-14,4.2029,3.2264,97.65
2020-07-15,4.2032,3.1298,107.34
2020-07-16,4.1685,3.1261,104.24
2020-07-17,4.1377,3.0917,104.6
2020-07-20,4.1161,3.0404,107.57
2020-07-21,4.0811,2.9552,112.59
2020-07-22,4.0559,2.9603,109.56
2020-07-23,4.0109,2.9774,103.35
2020-07-24,3.9717,2.9199,105.18
2020-07-27,3.9424,2.9669,97.55
2020-07-28,3.9308,2.9993,93.15
2020-07-29,3.9311,3.0314,89.97
2020-07-30,3.9553,3.0416,91.37
2020-07-31,3.9753,3.1001,87.52
2020-08-03,3.9901,3.0845,90.56
2020-08-04,3.9846,3.0748,90.98
2020-08-05,3.9868,3.0819,90.49
2020-08-06,3.9681,3.1188,84.93
2020-08-07,3.9666,3.1038,86.28
2020-08-10,3.96,3.0668,89.32
2020-08-11,3.9508,3.0817,86.91
2020-08-12,3.9385,3.0817,85.68
2020-08-13,3.932,3.0822,84.98
2020-08-14,3.9217,3.0703,85.14
2020-08-17,3.8911,3.0639,82.72
2020-08-18,3.8782,3.074,80.42
2020-08-19,3.8615,3.1042,75.73
2020-08-20,3.8694,3.1437,72.57
2020-08-21,3.8796,3.1532,72.64
2020-08-24,3.8857,3.2026,68.31
2020-08-25,3.9178,3.2458,67.2
2020-08-26,3.9343,3.2562,67.81
2020-08-27,3.9496,3.2753,67.43
2020-08-28,3.9733,3.2958,67.75
2020-08-31,3.9982,3.2709,72.73
2020-09-01,3.9934,3.2764,71.7
2020-09-02,4.0139,3.3075,70.64
2020-09-03,4.0205,3.3373,68.32
2020-09-04,4.0346,3.3346,70.0
2020-09-07,4.0597,3.3762,68.35
2020-09-08,4.061,3.3553,70.57
2020-09-09,4.0611,3.302,75.91
2020-09-10,4.0511,3.2833,76.78
2020-09-11,4.0554,3.3113,74.41
2020-09-14,4.0729,3.3172,75.57
2020-09-15,4.0479,3.2476,80.03
2020-09-16,4.0479,3.2269,82.1
2020-09-17,4.052,3.2503,80.17
2020-09-18,4.0449,3.2524,79.25
2020-09-21,4.0407,3.2217,81.9
2020-09-22,4.0266,3.2318,79.48
2020-09-23,4.0379,3.2423,79.56
2020-09-24,4.0302,3.2543,77.59
2020-09-25,4.0447,3.2916,75.31
2020-09-27,4.0497,3.2887,76.1
2020-09-28,4.0543,3.2762,77.81
2020-09-29,4.0523,3.2879,76.44
2020-09-30,4.049,3.3044,74.46
2020-10-09,4.0552,3.3334,72.18
2020-10-10,4.0847,3.3317,75.3
2020-10-12,4.0886,3.3378,75.08
2020-10-13,4.0885,3.3275,76.1
2020-10-14,4.0764,3.3347,74.17
2020-10-15,4.065,3.3424,72.26
2020-10-16,4.0653,3.337,72.83
2020-10-19,4.0517,3.3091,74.26
2020-10-20,4.0372,3.3211,71.61
2020-10-21,4.0386,3.2961,74.25
2020-10-22,4.0371,3.2524,78.47
2020-10-23,4.0319,3.2491,78.28
2020-10-26,4.0209,3.2687,75.22
2020-10-27,4.0181,3.2607,75.74
2020-10-28,4.008,3.2571,75.09
2020-10-29,3.996,3.2451,75.09
2020-10-30,4.0098,3.2462,76.36
2020-11-02,4.0166,3.2288,78.78
2020-11-03,4.0059,3.2103,79.56
2020-11-04,4.0024,3.1959,80.65
2020-11-05,3.9876,3.199,78.86
2020-11-06,3.9783,3.2418,73.65
2020-11-09,3.9858,3.2809,70.49
2020-11-10,4.0014,3.2699,73.15
2020-11-11,4.0083,3.2748,73.35
2020-11-12,4.0575,3.2882,76.93
2020-11-13,4.1304,3.3182,81.22
2020-11-16,4.1772,3.3117,86.55
2020-11-17,4.2276,3.3179,90.97
2020-11-18,4.3275,3.3579,96.96
2020-11-19,4.4076,3.4139,99.37
2020-11-20,4.4659,3.4334,103.25
2020-11-23,4.4894,3.374,111.54
2020-11-24,4.4752,3.3829,109.23
2020-11-25,4.4723,3.3546,111.77
2020-11-26,4.4622,3.3284,113.38
2020-11-27,4.4594,3.3157,114.37
2020-11-30,4.4356,3.2561,117.95
2020-12-01,4.4337,3.2635,117.02
2020-12-02,4.4383,3.278,116.03
2020-12-03,4.4366,3.2822,115.44
2020-12-04,4.4367,3.2642,117.25
2020-12-07,4.4494,3.2644,118.5
2020-12-08,4.4525,3.2271,122.54
2020-12-09,4.4276,3.2316,119.6
2020-12-10,4.4111,3.2046,120.65
2020-12-11,4.4368,3.229,120.78
2020-12-14,4.4346,3.2136,122.1
2020-12-15,4.4297,3.1843,124.54
2020-12-16,4.4291,3.1508,127.83
2020-12-17,4.4214,3.1399,128.15
2020-12-18,4.4119,3.1466,126.53
2020-12-21,4.4135,3.1073,130.62
2020-12-22,4.3824,3.0729,130.95
2020-12-23,4.36,3.064,129.6
2020-12-24,4.3442,3.096,124.82
2020-12-25,4.3464,3.0793,126.71
2020-12-28,4.3449,3.0538,129.11
2020-12-29,4.3804,3.0347,134.57
2020-12-30,4.3704,3.0007,136.97
2020-12-31,4.3929,2.9817,141.12
2021-01-04,4.3881,3.0837,130.44
2021-01-05,4.4119,3.0212,139.07
2021-01-06,4.4035,3.0157,138.78
2021-01-07,4.3743,2.9874,138.69
2021-01-08,4.3402,2.9941,134.61
2021-01-11,4.3361,3.0277,130.84
2021-01-12,4.3352,2.9806,135.46
2021-01-13,4.3193,2.946,137.33
2021-01-14,4.297,2.9512,134.58
2021-01-15,4.2879,2.9904,129.75
2021-01-18,4.2903,3.0406,124.97
2021-01-19,4.2962,3.0406,125.56
2021-01-20,4.2922,3.0312,126.1
2021-01-21,4.2932,3.0018,129.14
2021-01-22,4.2891,2.961,132.81
2021-01-25,4.2801,3.0115,126.86
2021-01-26,4.323,3.0922,123.08
2021-01-27,4.3456,3.1122,123.34
2021-01-28,4.36,3.1936,116.64
2021-01-29,4.3719,3.1733,119.86
2021-02-01,4.3643,3.1333,123.1
2021-02-02,4.3511,3.1229,122.82
2021-02-03,4.3661,3.206,116.01
2021-02-04,4.3822,3.2766,110.56
2021-02-05,4.3944,3.284,111.04
2021-02-07,4.3863,3.2834,110.29
2021-02-08,4.4054,3.2997,110.57
2021-02-09,4.4017,3.2585,114.32
2021-02-10,4.4035,3.2712,113.23
2021-02-18,4.4294,3.3117,111.77
2021-02-19,4.4259,3.2708,115.51
2021-02-20,4.4272,3.2688,115.84
2021-02-22,4.4246,3.2488,117.58
2021-02-23,4.4275,3.222,120.55
2021-02-24,4.4161,3.2245,119.16
2021-02-25,4.4091,3.2195,118.96
2021-02-26,4.4101,3.231,117.91
2021-03-01,4.4107,3.2044,120.63
2021-03-02,4.3941,3.2092,118.49
2021-03-03,4.3845,3.2102,117.43
2021-03-04,4.3957,3.2396,115.61
2021-03-05,4.3865,3.2211,116.54
2021-03-08,4.3932,3.2218,117.14
2021-03-09,4.3969,3.2348,116.21
2021-03-10,4.3837,3.2301,115.36
2021-03-11,4.3913,3.2419,114.94
2021-03-12,4.3809,3.2418,113.91
2021-03-15,4.383,3.259,112.4
2021-03-16,4.375,3.2546,112.04
2021-03-17,4.3692,3.239,113.02
2021-03-18,4.3657,3.2414,112.43
2021-03-19,4.3564,3.2234,113.3
2021-03-22,4.3613,3.2146,114.67
2021-03-23,4.3413,3.2043,113.7
2021-03-24,4.328,3.1786,114.94
2021-03-25,4.321,3.1856,113.54
2021-03-26,4.309,3.1992,110.98
2021-03-29,4.3074,3.2056,110.18
2021-03-30,4.3082,3.2033,110.49
2021-03-31,4.3115,3.1894,112.21
2021-04-01,4.3161,3.1917,112.44
2021-04-02,4.2993,3.1849,111.44
2021-04-06,4.2934,3.1962,109.72
2021-04-07,4.2984,3.2092,108.92
2021-04-08,4.2867,3.2082,107.85
2021-04-09,4.2889,3.1964,109.25
2021-04-12,4.2769,3.1807,109.62
2021-04-13,4.2469,3.1278,111.91
2021-04-14,4.222,3.1227,109.93
2021-04-15,4.2126,3.1354,107.72
2021-04-16,4.1912,3.131,106.02
2021-04-19,4.1882,3.1321,105.61
2021-04-20,4.192,3.1036,108.84
2021-04-21,4.1858,3.0803,110.55
2021-04-22,4.1858,3.0788,110.7
2021-04-23,4.2083,3.1004,110.79
2021-04-25,4.2189,3.1063,111.26
2021-04-26,4.2161,3.1526,106.35
2021-04-27,4.2111,3.1727,103.84
2021-04-28,4.2026,3.1412,106.14
2021-04-29,4.1925,3.1358,105.67
2021-04-30,4.195,3.1152,107.98
2021-05-06,4.1946,3.1068,108.78
2021-05-07,4.1872,3.1047,108.25
2021-05-08,4.1707,3.0985,107.22
2021-05-10,4.1545,3.0896,106.49
2021-05-11,4.1468,3.0713,107.55
2021-05-12,4.1219,3.0801,104.18
2021-05-13,4.1172,3.0918,102.54
2021-05-14,4.1131,3.0918,102.13
2021-05-17,4.1103,3.1112,99.91
2021-05-18,4.1156,3.101,101.46
2021-05-19,4.1116,3.0808,103.08
2021-05-20,4.104,3.0537,105.03
2021-05-21,4.0895,3.0319,105.76
2021-05-24,4.0763,3.0504,102.59
2021-05-25,4.0681,3.052,101.61
2021-05-26,4.039,3.0472,99.18
2021-05-27,4.0187,3.0598,95.89
2021-05-28,4.0165,3.0711,94.54
2021-05-31,4.0207,3.0681,95.26
2021-06-01,3.9837,3.0642,91.95
2021-06-02,3.9718,3.0776,89.42
2021-06-03,3.957,3.0532,90.38
2021-06-04,3.9715,3.0947,87.68
2021-06-07,3.9892,3.1332,85.6
2021-06-08,4.0129,3.1319,88.1
2021-06-09,4.0378,3.1342,90.36
2021-06-10,4.026,3.1187,90.73
2021-06-11,4.0136,3.1379,87.57
2021-06-15,4.0192,3.1331,88.61
2021-06-16,4.032,3.1438,88.82
2021-06-17,4.0311,3.1549,87.62
2021-06-18,4.0313,3.1388,89.25
2021-06-21,4.0139,3.1214,89.25
2021-06-22,4.0242,3.0825,94.17
2021-06-23,4.0145,3.0528,96.17
2021-06-24,4.0144,3.0358,97.86
2021-06-25,4.0074,3.0288,97.86
2021-06-28,4.0028,3.0326,97.02
2021-06-29,4.0114,3.0247,98.67
2021-06-30,4.0145,3.0049,100.96
2021-07-01,4.0084,2.9952,101.32
2021-07-02,4.0064,2.9834,102.3
2021-07-05,3.9983,2.9767,102.16
2021-07-06,3.9885,2.9823,100.62
2021-07-07,3.968,2.9704,99.76
2021-07-08,3.8958,2.9064,98.94
2021-07-09,3.8771,2.9227,95.44
2021-07-12,3.8667,2.8785,98.82
2021-07-13,3.8457,2.8696,97.61
2021-07-14,3.8123,2.8461,96.62
2021-07-15,3.7998,2.8828,91.7
2021-07-16,3.8056,2.8626,94.3
2021-07-19,3.7773,2.8541,92.32
2021-07-20,3.7581,2.8027,95.54
2021-07-21,3.7418,2.7821,95.97
2021-07-22,3.7341,2.7829,95.12
2021-07-23,3.6999,2.7576,94.23
2021-07-26,3.6868,2.7161,97.07
2021-07-27,3.7135,2.7289,98.46
2021-07-28,3.7171,2.7592,95.79
2021-07-29,3.7164,2.7376,97.88
2021-07-30,3.7079,2.7106,99.73
2021-08-02,3.6869,2.7028,98.41
2021-08-03,3.6695,2.7344,93.51
2021-08-04,3.6617,2.7598,90.19
2021-08-05,3.6664,2.7393,92.71
2021-08-06,3.656,2.7372,91.88
2021-08-09,3.6741,2.7774,89.67
2021-08-10,3.6806,2.7928,88.78
2021-08-11,3.7014,2.7854,91.6
2021-08-12,3.7017,2.7592,94.25
2021-08-13,3.7024,2.761,94.14
2021-08-16,3.7108,2.7747,93.61
2021-08-17,3.7224,2.7717,95.07
2021-08-18,3.7421,2.7373,100.48
2021-08-19,3.7396,2.7337,100.59
2021-08-20,3.7401,2.74,100.01
2021-08-23,3.7416,2.7472,99.44
2021-08-24,3.7417,2.747,99.47
2021-08-25,3.7421,2.7381,100.4
2021-08-26,3.7626,2.7689,99.37
2021-08-27,3.7822,2.751,103.12
2021-08-30,3.7737,2.7404,103.33
2021-08-31,3.7724,2.743,102.94
2021-09-01,3.7346,2.7312,100.34
2021-09-02,3.7356,2.7344,100.12
2021-09-03,3.731,2.7471,98.39
2021-09-06,3.7277,2.7513,97.64
2021-09-07,3.7203,2.773,94.73
2021-09-08,3.7329,2.7809,95.2
2021-09-09,3.7308,2.78,95.08
2021-09-10,3.7216,2.7809,94.07
2021-09-13,3.7728,2.8023,97.05
2021-09-14,3.7965,2.8291,96.74
2021-09-15,3.8004,2.8385,96.19
2021-09-16,3.7987,2.8344,96.43
2021-09-17,3.8092,2.8201,98.91
2021-09-18,3.8126,2.8214,99.12
2021-09-22,3.836,2.7906,104.54
2021-09-23,3.8412,2.7878,105.34
2021-09-24,3.8436,2.7973,104.63
2021-09-26,3.8557,2.7963,105.94
2021-09-27,3.8769,2.8238,105.31
2021-09-28,3.875,2.8366,103.84
2021-09-29,3.885,2.7886,109.64
2021-09-30,3.8959,2.77,112.59
2021-10-08,3.9246,2.8227,110.19
2021-10-09,3.9331,2.8201,111.3
2021-10-11,3.9537,2.8795,107.42
2021-10-12,3.9728,2.8943,107.85
2021-10-13,3.9709,2.8985,107.24
2021-10-14,3.9809,2.897,108.39
2021-10-15,3.9882,2.9093,107.89
2021-10-18,4.0094,3.0089,100.05
2021-10-19,4.0215,3.0128,100.87
2021-10-20,4.0094,2.9786,103.08
2021-10-21,3.9986,2.9438,105.48
2021-10-22,3.9897,2.9558,103.39
2021-10-25,3.9862,2.9352,105.1
2021-10-26,3.968,2.9162,105.18
2021-10-27,3.9448,2.9085,103.63
2021-10-28,3.9302,2.8926,103.76
2021-10-29,3.9299,2.8951,103.48
2021-11-01,3.9249,2.8727,105.22
2021-11-02,3.9048,2.8396,106.52
2021-11-03,3.9068,2.8477,105.91
2021-11-04,3.8853,2.8099,107.54
2021-11-05,3.8641,2.7848,107.93
2021-11-08,3.8354,2.8099,102.55
2021-11-09,3.8444,2.8229,102.15
2021-11-10,3.8508,2.8273,102.35
2021-11-11,3.8612,2.8416,101.96
2021-11-12,3.8618,2.8387,102.31
2021-11-15,3.8606,2.8077,105.29
2021-11-16,3.8606,2.7917,106.89
2021-11-17,3.8559,2.787,106.89
2021-11-18,3.8366,2.7774,105.92
2021-11-19,3.84,2.7775,106.25
2021-11-22,3.8305,2.7637,106.68
2021-11-23,3.8266,2.7588,106.78
2021-11-24,3.8212,2.7369,108.43
2021-11-25,3.8142,2.7139,110.03
2021-11-26,3.8072,2.694,111.32
2021-11-29,3.81,2.699,111.1
2021-11-30,3.8105,2.7119,109.86
2021-12-01,3.8107,2.717,109.37
2021-12-02,3.8118,2.732,107.98
2021-12-03,3.7917,2.7448,104.69
2021-12-06,3.7699,2.717,105.29
2021-12-07,3.7802,2.7387,104.15
2021-12-08,3.7931,2.7565,103.66
2021-12-09,3.7868,2.7468,104.0
2021-12-10,3.7745,2.7187,105.58
2021-12-13,3.7757,2.7098,106.59
2021-12-14,3.769,2.6857,108.33
2021-12-15,3.7514,2.6628,108.86
2021-12-16,3.744,2.6597,108.43
2021-12-17,3.7306,2.6396,109.1
2021-12-20,3.7283,2.6882,104.01
2021-12-21,3.7268,2.7098,101.7
2021-12-22,3.7298,2.6946,103.52
2021-12-23,3.7269,2.6707,105.62
2021-12-24,3.7204,2.6555,106.49
2021-12-27,3.7209,2.6407,108.02
2021-12-28,3.7172,2.6178,109.94
2021-12-29,3.6977,2.5986,109.91
2021-12-30,3.6741,2.5837,109.04
2021-12-31,3.6602,2.5705,108.97
2022-01-04,3.6563,2.5794,107.69
2022-01-05,3.6451,2.5875,105.76
2022-01-06,3.6562,2.6035,105.27
2022-01-07,3.6577,2.5973,106.04
2022-01-10,3.6341,2.5804,105.37
2022-01-11,3.6103,2.5582,105.21
2022-01-12,3.6041,2.5616,104.25
2022-01-13,3.5914,2.5627,102.87
2022-01-14,3.5851,2.5835,100.16
2022-01-17,3.5613,2.5555,100.58
2022-01-18,3.5426,2.4791,106.35
2022-01-19,3.4981,2.4649,103.32
2022-01-20,3.4896,2.4643,102.53
2022-01-21,3.4694,2.4282,104.12
2022-01-24,3.4452,2.3981,104.71
2022-01-25,3.4315,2.4299,100.16
2022-01-26,3.4432,2.4595,98.37
2022-01-27,3.4431,2.4688,97.43
2022-01-28,3.433,2.4416,99.14
2022-01-29,3.4198,2.4304,98.94
2022-01-30,3.4062,2.4258,98.04
2022-02-07,3.4211,2.4384,98.27
2022-02-08,3.4196,2.4337,98.59
2022-02-09,3.411,2.4431,96.79
2022-02-10,3.404,2.437,96.7
2022-02-11,3.4429,2.4932,94.97
2022-02-14,3.4582,2.5144,94.38
2022-02-15,3.4739,2.5097,96.42
2022-02-16,3.4812,2.4925,98.87
2022-02-17,3.4816,2.4751,100.65
2022-02-18,3.4855,2.4946,99.09
2022-02-21,3.5012,2.5203,98.09
2022-02-22,3.5262,2.6251,90.11
2022-02-23,3.5261,2.5944,93.17
2022-02-24,3.5201,2.6061,91.4
2022-02-25,3.5147,2.5784,93.63
2022-02-28,3.5015,2.5773,92.42
2022-03-01,3.5191,2.6159,90.32
2022-03-02,3.5366,2.6497,88.69
2022-03-03,3.5721,2.6921,88.0
2022-03-04,3.6076,2.681,92.66
2022-03-07,3.6124,2.6544,95.8
2022-03-08,3.6156,2.6567,95.89
2022-03-09,3.6521,2.6889,96.32
2022-03-10,3.6285,2.7183,91.02
2022-03-11,3.5866,2.639,94.76
2022-03-14,3.5534,2.6073,94.61
2022-03-15,3.5713,2.7181,85.32
2022-03-16,3.5965,2.669,92.75
2022-03-17,3.5929,2.6577,93.52
2022-03-18,3.5893,2.6359,95.34
2022-03-21,3.5846,2.6513,93.33
2022-03-22,3.6137,2.6863,92.74
2022-03-23,3.6214,2.6846,93.68
2022-03-24,3.6204,2.6773,94.31
2022-03-25,3.5973,2.6727,92.46
2022-03-28,3.6117,2.6633,94.84
2022-03-29,3.6209,2.6636,95.73
2022-03-30,3.6309,2.634,99.69
2022-03-31,3.6085,2.6196,98.89
2022-04-01,3.5908,2.5903,100.05
2022-04-02,3.5739,2.5806,99.33
2022-04-06,3.5528,2.5589,99.39
2022-04-07,3.5229,2.5468,97.61
2022-04-08,3.5205,2.5467,97.38
2022-04-11,3.4888,2.5684,92.04
2022-04-12,3.4978,2.5739,92.39
2022-04-13,3.4791,2.5545,92.46
2022-04-14,3.4723,2.5296,94.27
2022-04-15,3.445,2.5002,94.48
2022-04-18,3.4618,2.5464,91.54
2022-04-19,3.4514,2.5462,90.52
2022-04-20,3.4388,2.5461,89.27
2022-04-21,3.4131,2.5715,84.16
2022-04-22,3.4039,2.5738,83.01
2022-04-24,3.4003,2.5696,83.07
2022-04-25,3.3959,2.555,84.09
2022-04-26,3.3816,2.5668,81.48
2022-04-27,3.3722,2.5831,78.91
2022-04-28,3.3777,2.6243,75.34
2022-04-29,3.3642,2.5942,77.0
2022-05-05,3.3525,2.5997,75.28
2022-05-06,3.3484,2.6029,74.55
2022-05-07,3.3566,2.604,75.26
2022-05-09,3.3474,2.5837,76.37
2022-05-10,3.3306,2.5582,77.24
2022-05-11,3.3103,2.5723,73.8
2022-05-12,3.291,2.5509,74.01
2022-05-13,3.2797,2.5505,72.92
2022-05-16,3.2683,2.5543,71.4
2022-05-17,3.242,2.5316,71.04
2022-05-18,3.2327,2.4971,73.56
2022-05-19,3.2387,2.5015,73.72
2022-05-20,3.2331,2.5128,72.03
2022-05-23,3.2205,2.5026,71.79
2022-05-24,3.2111,2.5187,69.24
2022-05-25,3.1966,2.5288,66.78
2022-05-26,3.1721,2.4796,69.25
2022-05-27,3.1626,2.4741,68.85
2022-05-30,3.1841,2.4952,68.89
2022-05-31,3.2105,2.5255,68.5
2022-06-01,3.2277,2.5488,67.89
2022-06-02,3.2479,2.563,68.49
2022-06-06,3.2809,2.622,65.89
2022-06-07,3.2818,2.6106,67.12
2022-06-08,3.3133,2.6035,70.98
2022-06-09,3.2973,2.5867,71.06
2022-06-10,3.2752,2.5726,70.26
2022-06-13,3.259,2.5901,66.89
2022-06-14,3.2612,2.5921,66.91
2022-06-15,3.2735,2.6008,67.27
2022-06-16,3.2725,2.5844,68.81
2022-06-17,3.2633,2.5852,67.81
2022-06-20,3.2626,2.6062,65.64
2022-06-21,3.2721,2.6028,66.93
2022-06-22,3.2643,2.5888,67.55
2022-06-23,3.268,2.5842,68.38
2022-06-24,3.2627,2.596,66.67
2022-06-27,3.2914,2.6397,65.17
2022-06-28,3.3121,2.6591,65.3
2022-06-29,3.3199,2.6392,68.07
2022-06-30,3.3105,2.6153,69.52
2022-07-01,3.2989,2.6121,68.68
2022-07-04,3.3187,2.6618,65.69
2022-07-05,3.3203,2.6764,64.39
2022-07-06,3.3265,2.6656,66.09
2022-07-07,3.3072,2.6697,63.75
2022-07-08,3.3078,2.6622,64.56
2022-07-11,3.2847,2.6297,65.5
2022-07-12,3.2754,2.6097,66.57
2022-07-13,3.2609,2.5997,66.12
2022-07-14,3.259,2.5673,69.17
2022-07-15,3.2601,2.5548,70.53
2022-07-18,3.2401,2.5448,69.53
2022-07-19,3.2411,2.5473,69.38
2022-07-20,3.2312,2.5248,70.64
2022-07-21,3.2051,2.5068,69.83
2022-07-22,3.2034,2.5298,67.36
2022-07-25,3.1984,2.5185,67.99
2022-07-26,3.1734,2.4847,68.87
2022-07-27,3.1705,2.4949,67.56
2022-07-28,3.1705,2.5224,64.81
2022-07-29,3.1295,2.4724,65.71
2022-08-01,3.1028,2.4274,67.54
2022-08-02,3.0678,2.4074,66.04
2022-08-03,3.045,2.3674,67.76
2022-08-04,3.017,2.3624,65.46
2022-08-05,3.0179,2.3876,63.03
2022-08-08,3.0025,2.4051,59.74
2022-08-09,3.0024,2.4401,56.23
2022-08-10,3.016,2.4626,55.34
2022-08-11,3.0133,2.4702,54.31
2022-08-12,3.0024,2.4652,53.72
2022-08-15,2.955,2.3677,58.73
2022-08-16,2.9117,2.3602,55.15
2022-08-17,2.9251,2.3602,56.49
2022-08-18,2.9207,2.3402,58.05
2022-08-19,2.9076,2.3377,56.99
2022-08-22,2.9176,2.3552,56.24
2022-08-23,2.9382,2.3777,56.05
2022-08-24,2.9509,2.3752,57.57
2022-08-25,2.9801,2.4152,56.49
2022-08-26,2.9883,2.4152,57.31
2022-08-29,2.9839,2.3752,60.87
2022-08-30,2.9724,2.3417,63.07
2022-08-31,2.9648,2.3322,63.26
2022-09-01,2.9557,2.3125,64.32
2022-09-02,2.9429,2.3101,63.28
2022-09-05,2.9373,2.2942,64.31
2022-09-06,2.9222,2.2843,63.79
2022-09-07,2.9198,2.2849,63.49
2022-09-08,2.9201,2.2935,62.66
2022-09-09,2.9208,2.2967,62.41
2022-09-13,2.9281,2.3188,60.93
2022-09-14,2.9307,2.3316,59.91
2022-09-15,2.9239,2.329,59.49
2022-09-16,2.9358,2.3468,58.9
2022-09-19,2.9363,2.3507,58.56
2022-09-20,2.9317,2.338,59.37
2022-09-21,2.9354,2.2998,63.56
2022-09-22,2.9224,2.2891,63.33
2022-09-23,2.924,2.3085,61.55
2022-09-26,2.9379,2.3696,56.83
2022-09-27,2.9721,2.3619,61.02
2022-09-28,2.9969,2.385,61.19
2022-09-29,3.0019,2.385,61.69
2022-09-30,3.0185,2.3921,62.64
2022-10-08,3.0135,2.398,61.55
2022-10-09,3.0184,2.3758,64.26
2022-10-10,3.0095,2.3539,65.56
2022-10-11,2.9846,2.3649,61.97
2022-10-12,2.9799,2.3597,62.02
2022-10-13,2.9837,2.3526,63.11
2022-10-14,2.956,2.3339,62.21
2022-10-17,2.9318,2.3387,59.31
2022-10-18,2.9101,2.3315,57.86
2022-10-19,2.9128,2.3148,59.8
2022-10-20,2.914,2.3253,58.87
2022-10-21,2.9188,2.3401,57.87
2022-10-24,2.9337,2.3364,59.73
2022-10-25,2.9461,2.3502,59.59
2022-10-26,2.9419,2.3246,61.73
2022-10-27,2.9371,2.3083,62.88
2022-10-28,2.9346,2.3001,63.45
2022-10-31,2.9103,2.2887,62.16
2022-11-01,2.927,2.305,62.2
2022-11-02,2.9279,2.3283,59.96
2022-11-03,2.9284,2.334,59.44
2022-11-04,2.938,2.3559,58.21
2022-11-07,2.9513,2.3698,58.15
2022-11-08,2.9766,2.384,59.26
2022-11-09,2.9972,2.4032,59.4
2022-11-10,3.0218,2.4497,57.21
2022-11-11,3.0619,2.476,58.59
2022-11-14,3.2251,2.6861,53.9
2022-11-15,3.3019,2.706,59.59
2022-11-16,3.4007,2.7631,63.76
2022-11-17,3.4641,2.6548,80.93
2022-11-18,3.4686,2.6132,85.54
2022-11-21,3.466,2.5931,87.29
2022-11-22,3.4871,2.5807,90.64
2022-11-23,3.4818,2.5214,96.04
2022-11-24,3.4501,2.5082,94.19
2022-11-25,3.45,2.5581,89.19
2022-11-28,3.4705,2.5881,88.24
2022-11-29,3.5532,2.6481,90.51
2022-11-30,3.6156,2.6631,95.25
2022-12-01,3.657,2.6481,100.89
2022-12-02,3.6761,2.6281,104.8
2022-12-05,3.7194,2.6431,107.63
2022-12-06,3.7489,2.7081,104.08
2022-12-07,3.8473,2.6981,114.92
2022-12-08,3.8802,2.7181,116.21
2022-12-09,3.9316,2.7606,117.1
2022-12-12,3.9932,2.8131,118.01
2022-12-13,4.1302,2.8531,127.71
2022-12-14,4.1096,2.7581,135.15
2022-12-15,4.1094,2.7481,136.13
2022-12-16,4.1061,2.7703,133.58
2022-12-19,4.1066,2.7203,138.63
2022-12-20,4.0585,2.7153,134.32
2022-12-21,4.0342,2.7003,133.39
2022-12-22,4.0245,2.6303,139.42
2022-12-23,4.0153,2.5703,144.5
2022-12-26,4.0256,2.6003,142.53
2022-12-27,4.0112,2.6417,136.95
2022-12-28,4.0192,2.6167,140.25
2022-12-29,4.0005,2.5567,144.38
2022-12-30,4.0025,2.5417,146.08
2022-12-31,4.0025,2.5417,146.08
2023-01-03,3.9653,2.5417,142.36
2023-01-04,3.9065,2.5367,136.98
2023-01-05,3.8791,2.5867,129.24
2023-01-06,3.8812,2.63,125.12
2023-01-09,3.8569,2.66,119.69
2023-01-10,3.8781,2.71,116.81
2023-01-11,3.9085,2.67,123.85
2023-01-12,3.8919,2.6525,123.94
2023-01-13,3.8911,2.6725,121.86
2023-01-16,3.9242,2.7125,121.17
2023-01-17,3.9347,2.7219,121.28
2023-01-18,3.9499,2.712,123.79
2023-01-19,3.9542,2.7329,122.13
2023-01-20,3.9588,2.7381,122.07
2023-01-28,3.968,2.7027,126.53
2023-01-29,3.9665,2.7112,125.53
2023-01-30,3.9779,2.7318,124.61
2023-01-31,3.9887,2.7194,126.93
2023-02-01,4.0007,2.7266,127.41
2023-02-02,3.9871,2.7118,127.53
2023-02-03,4.0024,2.7049,129.75
2023-02-06,4.0272,2.718,130.92
2023-02-07,4.0271,2.7341,129.3
2023-02-08,3.9971,2.7332,126.39
2023-02-09,3.9633,2.7074,125.59
2023-02-10,3.9409,2.7033,123.76
2023-02-13,3.9157,2.6962,121.95
2023-02-14,3.8999,2.6902,120.97
2023-02-15,3.8815,2.6922,118.93
2023-02-16,3.8128,2.693,111.98
2023-02-17,3.7809,2.6957,108.52
2023-02-20,3.7961,2.7733,102.28
2023-02-21,3.8165,2.7936,102.29
2023-02-22,3.8187,2.7782,104.05
2023-02-23,3.8175,2.8047,101.28
2023-02-24,3.8035,2.8045,99.9
2023-02-27,3.7969,2.8124,98.45
2023-02-28,3.7933,2.8077,98.56
2023-03-01,3.8131,2.8079,100.52
2023-03-02,3.8054,2.8125,99.29
2023-03-03,3.8137,2.8122,100.15
2023-03-06,3.7956,2.7775,101.81
2023-03-07,3.7802,2.7575,102.27
2023-03-08,3.7496,2.7663,98.33
2023-03-09,3.7544,2.7584,99.6
2023-03-10,3.7344,2.7426,99.18
2023-03-13,3.7237,2.7507,97.3
2023-03-14,3.7044,2.7482,95.62
2023-03-15,3.7017,2.7456,95.61
2023-03-16,3.6794,2.7311,94.83
2023-03-17,3.6688,2.7168,95.2
2023-03-20,3.6604,2.6781,98.23
2023-03-21,3.6402,2.7123,92.79
2023-03-22,3.6307,2.7077,92.3
2023-03-23,3.6412,2.7078,93.34
2023-03-24,3.6617,2.724,93.77
2023-03-27,3.6629,2.7114,95.15
2023-03-28,3.658,2.7114,94.66
2023-03-29,3.6537,2.6898,96.39
2023-03-30,3.6434,2.6872,95.62
2023-03-31,3.6454,2.6644,98.1
2023-04-03,3.635,2.6795,95.55
2023-04-04,3.636,2.6938,94.22
2023-04-06,3.6368,2.7123,92.45
2023-04-07,3.6369,2.6936,94.33
2023-04-10,3.6368,2.6982,93.86
2023-04-11,3.6237,2.6813,94.24
2023-04-12,3.623,2.6792,94.38
2023-04-13,3.6251,2.6894,93.57
2023-04-14,3.6178,2.6954,92.24
2023-04-17,3.6194,2.7135,90.59
2023-04-18,3.6143,2.7035,91.08
2023-04-19,3.6001,2.6984,90.17
2023-04-20,3.5901,2.697,89.31
2023-04-21,3.5908,2.6923,89.85
2023-04-23,3.5909,2.6917,89.92
2023-04-24,3.5854,2.6927,89.27
2023-04-25,3.586,2.684,90.2
2023-04-26,3.5814,2.6665,91.49
2023-04-27,3.576,2.6415,93.45
2023-04-28,3.5738,2.6407,93.31
2023-05-04,3.5573,2.6257,93.16
2023-05-05,3.5371,2.5877,94.94
2023-05-06,3.5421,2.5864,95.57
2023-05-08,3.5372,2.6139,92.33
2023-05-09,3.5386,2.5964,94.22
2023-05-10,3.5209,2.5639,95.7
2023-05-11,3.5014,2.5214,98.0
2023-05-12,3.5045,2.5139,99.06
2023-05-15,3.5083,2.5364,97.19
2023-05-16,3.4939,2.5464,94.75
2023-05-17,3.4967,2.5714,92.53
2023-05-18,3.4911,2.5679,92.32
2023-05-19,3.4816,2.5439,93.77
2023-05-22,3.4766,2.5139,96.27
2023-05-23,3.4585,2.4889,96.96
2023-05-24,3.4585,2.5114,94.71
2023-05-25,3.4568,2.5089,94.79
2023-05-26,3.4641,2.5214,94.27
2023-05-29,3.4667,2.4939,97.28
2023-05-30,3.4621,2.4964,96.57
2023-05-31,3.4682,2.4589,100.93
2023-06-01,3.4676,2.4465,102.11
2023-06-02,3.4692,2.469,100.02
2023-06-05,3.4593,2.454,100.53
2023-06-06,3.4494,2.424,102.54
2023-06-07,3.4318,2.419,101.28
2023-06-08,3.4296,2.4315,99.81
2023-06-09,3.4092,2.414,99.52
2023-06-12,3.403,2.414,98.9
2023-06-13,3.3881,2.3865,100.16
2023-06-14,3.3651,2.384,98.11
2023-06-15,3.3672,2.419,94.82
2023-06-16,3.4083,2.439,96.93
2023-06-19,3.4368,2.489,94.78
2023-06-20,3.4356,2.4615,97.41
2023-06-21,3.4259,2.4515,97.44
2023-06-25,3.4259,2.4415,98.44
2023-06-26,3.4288,2.4465,98.23
2023-06-27,3.4321,2.4465,98.56
2023-06-28,3.4185,2.419,99.95
2023-06-29,3.4186,2.399,101.96
2023-06-30,3.4198,2.374,104.58
2023-07-03,3.4051,2.379,102.61
2023-07-04,3.4053,2.3815,102.38
2023-07-05,3.3963,2.369,102.73
2023-07-06,3.3791,2.369,101.01
2023-07-07,3.3593,2.3615,99.78
2023-07-10,3.3554,2.364,99.14
2023-07-11,3.3508,2.369,98.18
2023-07-12,3.356,2.374,98.2
2023-07-13,3.3565,2.3841,97.24
2023-07-14,3.3619,2.3788,98.31
2023-07-17,3.3569,2.375,98.19
2023-07-18,3.3431,2.3605,98.26
2023-07-19,3.3332,2.3601,97.31
2023-07-20,3.3335,2.3557,97.78
2023-07-21,3.3188,2.3516,96.72
2023-07-24,3.3157,2.349,96.67
2023-07-25,3.3315,2.4151,91.64
2023-07-26,3.3561,2.3898,96.63
2023-07-27,3.3562,2.3726,98.36
2023-07-28,3.3658,2.3812,98.46
2023-07-31,3.3765,2.3962,98.03
2023-08-01,3.3532,2.3921,96.11
2023-08-02,3.3501,2.3887,96.14
2023-08-03,3.3438,2.3667,97.71
2023-08-04,3.3382,2.3697,96.85
2023-08-07,3.3224,2.3811,94.13
2023-08-08,3.3208,2.376,94.48
2023-08-09,3.3231,2.3783,94.48
2023-08-10,3.3014,2.3854,91.6
2023-08-11,3.2846,2.3744,91.02
2023-08-14,3.2872,2.3627,92.45
2023-08-15,3.2645,2.343,92.15
2023-08-16,3.2419,2.3281,91.38
2023-08-17,3.2212,2.3276,89.36
2023-08-18,3.2179,2.3167,90.12
2023-08-21,3.1836,2.303,88.06
2023-08-22,3.1598,2.3112,84.86
2023-08-23,3.1383,2.3076,83.07
2023-08-24,3.141,2.3071,83.39
2023-08-25,3.1464,2.3343,81.21
2023-08-28,3.175,2.3494,82.56
2023-08-29,3.1951,2.3743,82.08
2023-08-30,3.1806,2.3511,82.95
2023-08-31,3.1646,2.342,82.26
2023-09-01,3.1812,2.3763,80.49
2023-09-04,3.2293,2.41,81.93
2023-09-05,3.2445,2.4009,84.36
2023-09-06,3.302,2.4326,86.94
2023-09-07,3.3611,2.4591,90.2
2023-09-08,3.3991,2.4664,93.27
2023-09-11,3.438,2.4819,95.61
2023-09-12,3.438,2.4663,97.17
2023-09-13,3.4047,2.4352,96.95
2023-09-14,3.3864,2.4317,95.47
2023-09-15,3.3764,2.4491,92.73
2023-09-18,3.399,2.4709,92.81
2023-09-19,3.3929,2.4795,91.34
2023-09-20,3.3857,2.4689,91.68
2023-09-21,3.3586,2.447,91.16
2023-09-22,3.3587,2.4604,89.83
2023-09-25,3.376,2.4865,88.95
2023-09-26,3.3798,2.4988,88.1
2023-09-27,3.3834,2.4804,90.3
2023-09-28,3.3826,2.4529,92.97
2023-10-07,3.3857,2.4379,94.78
2023-10-08,3.3857,2.4353,95.04
2023-10-09,3.3936,2.4462,94.74
2023-10-10,3.3836,2.4762,90.74
2023-10-11,3.379,2.5112,86.78
2023-10-12,3.3792,2.5112,86.8
2023-10-13,3.3652,2.4963,86.89
2023-10-16,3.3769,2.5128,86.41
2023-10-17,3.3821,2.5428,83.93
2023-10-18,3.3915,2.5678,82.37
2023-10-19,3.4278,2.6178,81.0
2023-10-20,3.4278,2.5878,84.0
2023-10-23,3.438,2.5754,86.26
2023-10-24,3.4374,2.5728,86.46
2023-10-25,3.4302,2.5228,90.74
2023-10-26,3.4056,2.5278,87.78
2023-10-27,3.3974,2.5078,88.96
2023-10-30,3.3859,2.4978,88.81
2023-10-31,3.3617,2.4928,86.89
2023-11-01,3.3558,2.5003,85.55
2023-11-02,3.3406,2.4778,86.28
2023-11-03,3.3399,2.4878,85.21
2023-11-06,3.3301,2.5053,82.48
2023-11-07,3.3344,2.5278,80.66
2023-11-08,3.3245,2.5254,79.91
2023-11-09,3.3046,2.5328,77.18
2023-11-10,3.3096,2.5078,80.18
2023-11-13,3.2896,2.4953,79.43
2023-11-14,3.2896,2.5003,78.93
2023-11-15,3.2696,2.4828,78.68
2023-11-16,3.2547,2.4728,78.19
2023-11-17,3.2378,2.4778,76.0
2023-11-20,3.2295,2.4953,73.42
2023-11-21,3.2203,2.5178,70.25
2023-11-22,3.2202,2.5428,67.74
2023-11-23,3.2604,2.5728,68.76
2023-11-24,3.26,2.5778,68.22
2023-11-27,3.2639,2.6078,65.61
2023-11-28,3.2634,2.5878,67.56
2023-11-29,3.2701,2.5878,68.23
2023-11-30,3.263,2.5704,69.26
2023-12-01,3.2544,2.5724,68.2
2023-12-04,3.2711,2.6024,66.87
2023-12-05,3.2802,2.6074,67.28
2023-12-06,3.2839,2.6224,66.15
2023-12-07,3.2939,2.5924,70.15
2023-12-08,3.2966,2.5801,71.65
2023-12-11,3.2886,2.5713,71.73
2023-12-12,3.2982,2.5438,75.44
2023-12-13,3.2789,2.5063,77.26
2023-12-14,3.267,2.5037,76.33
2023-12-15,3.2401,2.4713,76.88
2023-12-18,3.2113,2.4663,74.5
2023-12-19,3.208,2.4863,72.17
2023-12-20,3.2036,2.4963,70.73
2023-12-21,3.2016,2.4663,73.53
2023-12-22,3.1737,2.4663,70.74
2023-12-25,3.162,2.4463,71.57
2023-12-26,3.1443,2.4139,73.04
2023-12-27,3.1343,2.3613,77.3
2023-12-28,3.1196,2.3513,76.83
2023-12-29,3.0921,2.3413,75.08
2023-12-31,3.0921,2.3413,75.08
2024-01-02,3.0816,2.4019,67.97
2024-01-03,3.0819,2.4069,67.5
2024-01-04,3.0759,2.4069,66.9
2024-01-05,3.0595,2.3919,66.76
2024-01-08,3.039,2.3994,63.96
2024-01-09,3.009,2.3901,61.89
2024-01-10,3.0078,2.4101,59.77
2024-01-11,3.0064,2.4101,59.63
2024-01-12,2.9914,2.4154,57.6
2024-01-15,3.0041,2.4059,59.82
2024-01-16,3.0089,2.4156,59.33
2024-01-17,2.9868,2.4163,57.05
2024-01-18,2.9798,2.4066,57.32
2024-01-19,2.9745,2.3869,58.76
2024-01-22,2.9507,2.3832,56.75
2024-01-23,2.9417,2.3979,54.38
2024-01-24,2.9313,2.3827,54.86
2024-01-25,2.9244,2.355,56.94
2024-01-26,2.9162,2.3605,55.57
2024-01-29,2.9133,2.3466,56.67
2024-01-30,2.8837,2.3141,56.96
2024-01-31,2.8563,2.3197,53.66
2024-02-01,2.8563,2.3228,53.35
2024-02-02,2.855,2.3234,53.16
2024-02-04,2.8399,2.3095,53.04
2024-02-05,2.8293,2.3123,51.7
2024-02-06,2.8467,2.3622,48.45
2024-02-07,2.8499,2.3227,52.72
2024-02-08,2.8503,2.3302,52.01
2024-02-09,2.8503,2.3302,52.01
2024-02-18,2.8519,2.3251,52.68
2024-02-19,2.8429,2.3151,52.78
2024-02-20,2.8378,2.2877,55.01
2024-02-21,2.8161,2.2665,54.96
2024-02-22,2.7974,2.2358,56.16
2024-02-23,2.7704,2.2143,55.61
2024-02-26,2.7519,2.1959,55.6
2024-02-27,2.7394,2.216,52.34
2024-02-28,2.7235,2.201,52.25
2024-02-29,2.7045,2.1956,50.89
2024-03-01,2.7277,2.2454,48.23
2024-03-04,2.7275,2.2407,48.68
2024-03-05,2.7261,2.2258,50.03
2024-03-06,2.7258,2.1748,55.1
2024-03-07,2.6996,2.214,48.56
2024-03-08,2.7008,2.2207,48.01
2024-03-11,2.71,2.2401,46.99
2024-03-12,2.7308,2.277,45.38
2024-03-13,2.7458,2.2818,46.4
2024-03-14,2.7761,2.2851,49.1
2024-03-15,2.7869,2.27,51.69
2024-03-18,2.79,2.24,55.0
2024-03-19,2.79,2.2317,55.83
2024-03-20,2.7689,2.2433,52.56
2024-03-21,2.7671,2.2253,54.18
2024-03-22,2.7516,2.2323,51.93
2024-03-25,2.7723,2.2337,53.86
2024-03-26,2.7797,2.2196,56.01
2024-03-27,2.771,2.1693,60.17
2024-03-28,2.7512,2.1896,56.16
2024-03-29,2.7435,2.1748,56.87
2024-04-01,2.7421,2.1951,54.7
2024-04-02,2.7222,2.1713,55.09
2024-04-03,2.7024,2.1541,54.83
2024-04-07,2.7043,2.1578,54.65
2024-04-08,2.6859,2.1328,55.31
2024-04-09,2.6535,2.1228,53.07
2024-04-10,2.6331,2.1228,51.03
2024-04-11,2.6238,2.1078,51.6
2024-04-12,2.5957,2.0903,50.54
2024-04-15,2.58,2.1087,47.13
2024-04-16,2.5616,2.1187,44.29
2024-04-17,2.5506,2.1087,44.19
2024-04-18,2.5248,2.0762,44.86
2024-04-19,2.4975,2.0662,43.13
2024-04-22,2.4784,2.0512,42.72
2024-04-23,2.447,2.0362,41.08
2024-04-24,2.4873,2.0762,41.11
2024-04-25,2.5055,2.0589,44.66
2024-04-26,2.5602,2.1189,44.13
2024-04-28,2.5733,2.1689,40.44
2024-04-29,2.6177,2.1889,42.88
2024-04-30,2.5886,2.1289,45.97
2024-05-06,2.5715,2.1039,46.76
2024-05-07,2.528,2.0739,45.41
2024-05-08,2.5016,2.0889,41.27
2024-05-09,2.5128,2.1089,40.39
2024-05-10,2.5126,2.0989,41.37
2024-05-11,2.5307,2.1224,40.83
2024-05-13,2.5142,2.0823,43.19
2024-05-14,2.4863,2.0773,40.9
2024-05-15,2.4786,2.0746,40.4
2024-05-16,2.4548,2.0831,37.17
2024-05-17,2.4759,2.0756,40.03
2024-05-20,2.4566,2.0756,38.1
2024-05-21,2.4512,2.0856,36.56
2024-05-22,2.4366,2.0756,36.1
2024-05-23,2.427,2.0656,36.14
2024-05-24,2.4214,2.0731,34.83
2024-05-27,2.4233,2.0756,34.77
2024-05-28,2.4137,2.0706,34.31
2024-05-29,2.3978,2.0706,32.72
2024-05-30,2.3886,2.0656,32.3
2024-05-31,2.3922,2.0618,33.04
2024-06-03,2.39,2.0443,34.57
2024-06-04,2.3704,2.0393,33.11
2024-06-05,2.3534,2.0268,32.66
2024-06-06,2.3399,2.0202,31.97
2024-06-07,2.3333,2.0214,31.19
2024-06-11,2.3354,2.0207,31.47
2024-06-12,2.3362,2.0325,30.37
2024-06-13,2.3277,2.0372,29.05
2024-06-14,2.3265,2.0333,29.32
2024-06-17,2.3274,2.0383,28.91
2024-06-18,2.3274,2.0232,30.42
2024-06-19,2.3273,1.993,33.43
2024-06-20,2.3152,1.988,32.72
2024-06-21,2.3151,1.998,31.71
2024-06-24,2.3124,1.9855,32.69
2024-06-25,2.3053,1.9653,34.0
2024-06-26,2.3045,1.9503,35.42
2024-06-27,2.297,1.934,36.3
2024-06-28,2.2862,1.9398,34.64
2024-07-01,2.2907,1.9698,32.09
2024-07-02,2.2955,1.9483,34.72
2024-07-03,2.2776,1.9308,34.68
2024-07-04,2.2631,1.9375,32.56
2024-07-05,2.2742,1.9575,31.67
2024-07-08,2.3001,1.9985,30.16
2024-07-09,2.2827,1.9785,30.42
2024-07-10,2.2735,1.9772,29.63
2024-07-11,2.2636,1.9705,29.31
2024-07-12,2.2508,1.963,28.78
2024-07-15,2.2458,1.9517,29.41
2024-07-16,2.2424,1.9492,29.32
2024-07-17,2.2342,1.9454,28.88
2024-07-18,2.2246,1.9542,27.04
2024-07-19,2.2361,1.9452,29.09
2024-07-22,2.2166,1.9013,31.53
2024-07-23,2.1958,1.8761,31.97
2024-07-24,2.1858,1.8786,30.72
2024-07-25,2.1757,1.8784,29.73
2024-07-26,2.1607,1.8724,28.83
2024-07-29,2.1508,1.8663,28.45
2024-07-30,2.1459,1.8563,28.96
2024-07-31,2.1408,1.8363,30.45
2024-08-01,2.1305,1.8113,31.92
2024-08-02,2.1179,1.8013,31.66
2024-08-05,2.1128,1.8013,31.15
2024-08-06,2.1256,1.8113,31.43
2024-08-07,2.1229,1.8088,31.41
2024-08-08,2.1384,1.8338,30.46
2024-08-09,2.173,1.8663,30.67
2024-08-12,2.2234,1.9313,29.21
2024-08-13,2.2233,1.8913,33.2
2024-08-14,2.1919,1.8713,32.06
2024-08-15,2.1978,1.9075,29.03
2024-08-16,2.1975,1.9075,29.0
2024-08-19,2.195,1.9075,28.75
2024-08-20,2.1988,1.91,28.88
2024-08-21,2.2261,1.9075,31.86
2024-08-22,2.2404,1.9025,33.79
2024-08-23,2.2613,1.8775,38.38
2024-08-26,2.2839,1.8725,41.14
2024-08-27,2.3216,1.9075,41.41
2024-08-28,2.3321,1.88,45.21
2024-08-29,2.321,1.8825,43.85
2024-08-30,2.3005,1.8725,42.8
2024-09-02,2.3052,1.8325,47.27
2024-09-03,2.2903,1.8125,47.78
2024-09-04,2.2816,1.8125,46.91
2024-09-05,2.2656,1.8175,44.81
2024-09-06,2.2658,1.81,45.58
2024-09-09,2.2693,1.8075,46.18
2024-09-10,2.2664,1.805,46.14
2024-09-11,2.2647,1.7808,48.39
2024-09-12,2.2605,1.781,47.95
2024-09-13,2.256,1.7786,47.74
2024-09-14,2.2519,1.7686,48.33
2024-09-18,2.2574,1.7769,48.05
2024-09-19,2.2628,1.7869,47.59
2024-09-20,2.2679,1.7819,48.6
2024-09-23,2.2726,1.7819,49.07
2024-09-24,2.2713,1.7926,47.87
2024-09-25,2.2601,1.7405,51.96
2024-09-26,2.2702,1.7505,51.97
2024-09-27,2.3615,1.8039,55.76
2024-09-29,2.5101,1.9239,58.62
2024-09-30,2.5438,1.8769,66.69
2024-10-08,2.638,1.9419,69.61
2024-10-09,2.7396,1.9269,81.27
2024-10-10,2.747,1.8749,87.21
2024-10-11,2.6847,1.8503,83.44
2024-10-12,2.6566,1.8503,80.63
2024-10-14,2.5866,1.8254,76.12
2024-10-15,2.5428,1.8129,72.99
2024-10-16,2.5132,1.8329,68.03
2024-10-17,2.4929,1.8129,68.0
2024-10-18,2.4823,1.8265,65.58
2024-10-21,2.479,1.8365,64.25
2024-10-22,2.4867,1.8781,60.86
2024-10-23,2.5274,1.8881,63.93
2024-10-24,2.5321,1.8981,63.4
2024-10-25,2.5552,1.8804,67.48
2024-10-28,2.5768,1.8754,70.14
2024-10-29,2.5816,1.8654,71.62
2024-10-30,2.5914,1.8704,72.1
2024-10-31,2.5982,1.8643,73.39
2024-11-01,2.582,1.8418,74.02
2024-11-04,2.5574,1.8405,71.69
2024-11-05,2.5555,1.8374,71.81
2024-11-06,2.5452,1.8407,70.45
2024-11-07,2.5278,1.8207,70.71
2024-11-08,2.5109,1.8293,68.16
2024-11-11,2.4969,1.8287,66.82
2024-11-12,2.4738,1.8043,66.95
2024-11-13,2.4679,1.8047,66.32
2024-11-14,2.4598,1.798,66.18
2024-11-15,2.4535,1.7989,65.46
2024-11-18,2.4493,1.8164,63.29
2024-11-19,2.4509,1.8151,63.58
2024-11-20,2.441,1.8126,62.84
2024-11-21,2.4377,1.7977,64.0
2024-11-22,2.4203,1.803,61.73
2024-11-25,2.396,1.7982,59.78
2024-11-26,2.3772,1.7948,58.24
2024-11-27,2.3631,1.7899,57.32
2024-11-28,2.3514,1.7791,57.23
2024-11-29,2.3238,1.7341,58.97
2024-12-02,2.27,1.6819,58.81
2024-12-03,2.2485,1.6919,55.66
2024-12-04,2.2293,1.6744,55.49
2024-12-05,2.2037,1.6719,53.18
2024-12-06,2.1994,1.6819,51.75
2024-12-09,2.1971,1.6619,53.52
2024-12-10,2.1567,1.5994,55.73
2024-12-11,2.1419,1.5869,55.5
2024-12-12,2.1397,1.5469,59.28
2024-12-13,2.106,1.5069,59.91
2024-12-16,2.0826,1.4819,60.07
2024-12-17,2.0833,1.5019,58.14
2024-12-18,2.0977,1.5019,59.58
2024-12-19,2.1091,1.4669,64.22
2024-12-20,2.1053,1.4219,68.34
2024-12-23,2.0956,1.3969,69.87
2024-12-24,2.1058,1.3836,72.22
2024-12-25,2.1207,1.4262,69.45
2024-12-26,2.1204,1.4063,71.41
2024-12-27,2.0955,1.3863,70.92
2024-12-30,2.0957,1.4113,68.44
2024-12-31,2.0641,1.4275,63.66
2025-01-02,2.0359,1.4075,62.84
2025-01-03,2.0297,1.39,63.97
2025-01-06,2.0122,1.415,59.72
2025-01-07,2.0412,1.455,58.62
2025-01-08,2.0329,1.4725,56.04
2025-01-09,2.0534,1.508,54.54
2025-01-10,2.0593,1.5055,55.38
2025-01-13,2.0606,1.545,51.56
2025-01-14,2.061,1.48,58.1
2025-01-15,2.0507,1.485,56.57
2025-01-16,2.0766,1.51,56.66
2025-01-17,2.0936,1.515,57.86
2025-01-20,2.1066,1.5175,58.91
2025-01-21,2.1102,1.4975,61.27
2025-01-22,2.0918,1.5,59.18
2025-01-23,2.1073,1.54,56.73
2025-01-24,2.1062,1.5425,56.37
2025-01-26,2.1062,1.5427,56.35
2025-01-27,2.0968,1.4877,60.91
2025-02-05,2.0904,1.4827,60.77
2025-02-06,2.0856,1.4627,62.29
2025-02-07,2.0654,1.4727,59.27
2025-02-08,2.0693,1.4747,59.46
2025-02-10,2.0925,1.5174,57.51
2025-02-11,2.1155,1.5251,59.04
2025-02-12,2.113,1.5351,57.79
2025-02-13,2.114,1.5551,55.89
2025-02-14,2.1321,1.5903,54.18
2025-02-17,2.1555,1.6153,54.02
2025-02-18,2.1622,1.6303,53.19
2025-02-19,2.1607,1.6153,54.54
2025-02-20,2.1838,1.6518,53.2
2025-02-21,2.2238,1.6868,53.7
2025-02-24,2.2646,1.7343,53.03
2025-02-25,2.3003,1.713,58.73
2025-02-26,2.3003,1.7055,59.48
2025-02-27,2.3176,1.7405,57.71
2025-02-28,2.3252,1.7249,60.03
2025-03-03,2.3201,1.6767,64.34
2025-03-04,2.3144,1.6792,63.52
2025-03-05,2.315,1.6792,63.58
2025-03-06,2.32,1.7142,60.58
2025-03-07,2.37,1.7598,61.02
2025-03-10,2.395,1.7648,63.02
2025-03-11,2.4438,1.8148,62.9
2025-03-12,2.4411,1.7523,68.88
2025-03-13,2.4168,1.7422,67.46
2025-03-14,2.3978,1.713,68.48
2025-03-17,2.4156,1.7568,65.88
2025-03-18,2.3963,1.7468,64.95
2025-03-19,2.3817,1.7368,64.49
2025-03-20,2.3413,1.7396,60.17
2025-03-21,2.3112,1.74,57.12
2025-03-24,2.2798,1.7399,53.99
2025-03-25,2.2653,1.7397,52.56
2025-03-26,2.2556,1.7297,52.59
2025-03-27,2.2407,1.7442,49.65
2025-03-28,2.2281,1.7393,48.88
2025-03-31,2.2305,1.7443,48.62
2025-04-01,2.2231,1.7568,46.63
2025-04-02,2.2087,1.7343,47.44
2025-04-03,2.1576,1.6688,48.88
2025-04-07,2.0863,1.6056,48.07
2025-04-08,2.1036,1.6785,42.51
2025-04-09,2.1058,1.661,44.48
2025-04-10,2.1125,1.6479,46.46
2025-04-11,2.1013,1.6171,48.42
2025-04-14,2.1171,1.6171,50.0
2025-04-15,2.1127,1.6321,48.06
2025-04-16,2.1097,1.6246,48.51
2025-04-17,2.1243,1.6439,48.04
2025-04-18,2.137,1.6489,48.81
2025-04-21,2.1552,1.6539,50.13
2025-04-22,2.1554,1.6481,50.73
2025-04-23,2.1743,1.6593,51.5
2025-04-24,2.1816,1.6643,51.73
2025-04-25,2.1923,1.6643,52.8
2025-04-27,2.2025,1.6635,53.9
2025-04-28,2.2007,1.6618,53.89
2025-04-29,2.2098,1.6412,56.86
2025-04-30,2.1961,1.6335,56.26
2025-05-06,2.1971,1.6412,55.59
2025-05-07,2.1863,1.6336,55.27
2025-05-08,2.1662,1.5936,57.26
2025-05-09,2.1471,1.5841,56.3
2025-05-12,2.1473,1.6032,54.41
2025-05-13,2.1379,1.5809,55.7
2025-05-14,2.1231,1.5922,53.09
2025-05-15,2.1126,1.6084,50.42
2025-05-16,2.124,1.6144,50.96
2025-05-19,2.1307,1.6108,51.99
2025-05-20,2.1355,1.6073,52.82
2025-05-21,2.1306,1.6149,51.57
2025-05-22,2.1239,1.6171,50.68
2025-05-23,2.1204,1.6154,50.5
2025-05-26,2.1023,1.6104,49.19
2025-05-27,2.0986,1.6204,47.82
2025-05-28,2.1085,1.6304,47.81
2025-05-29,2.1234,1.6404,48.3
2025-05-30,2.1053,1.6304,47.49
2025-06-03,2.1072,1.6392,46.8
2025-06-04,2.1022,1.6292,47.3
2025-06-05,2.1024,1.6217,48.07
2025-06-06,2.0922,1.6042,48.8
2025-06-09,2.0871,1.6017,48.54
2025-06-10,2.0874,1.6017,48.57
2025-06-11,2.0807,1.5942,48.65
2025-06-12,2.0818,1.6042,47.76
2025-06-13,2.0812,1.602,47.92
2025-06-16,2.0792,1.6045,47.47
2025-06-17,2.0788,1.5857,49.31
2025-06-18,2.0706,1.5832,48.74
2025-06-19,2.0703,1.5782,49.21
2025-06-20,2.0603,1.5782,48.21
2025-06-23,2.05,1.5782,47.18
2025-06-24,2.0546,1.5907,46.39
2025-06-25,2.0491,1.5907,45.84
2025-06-26,2.0471,1.5807,46.64
2025-06-27,2.0378,1.5757,46.21
2025-06-30,2.0439,1.5807,46.32
2025-07-01,2.0413,1.5657,47.56
2025-07-02,2.0169,1.5557,46.12
2025-07-03,2.0108,1.5572,45.36
2025-07-04,1.9994,1.5557,44.37
2025-07-07,1.9857,1.5582,42.75
2025-07-08,1.9848,1.5682,41.66
2025-07-09,1.9913,1.5732,41.81
2025-07-10,2.001,1.5922,40.88
2025-07-11,2.0128,1.5972,41.56
2025-07-14,2.0231,1.6072,41.59
2025-07-15,2.0186,1.6,41.86
2025-07-16,2.0156,1.6,41.56
2025-07-17,1.9945,1.6025,39.2
2025-07-18,1.9912,1.6,39.12
2025-07-21,2.0098,1.6125,39.73
2025-07-22,2.0131,1.6225,39.06
2025-07-23,2.0447,1.64,40.47
2025-07-24,2.0847,1.68,40.47
2025-07-25,2.1052,1.675,43.02
2025-07-28,2.0917,1.66,43.17
2025-07-29,2.1189,1.675,44.39
2025-07-30,2.121,1.6625,45.85
2025-07-31,2.0899,1.64,44.99
2025-08-01,2.0854,1.64,44.54
2025-08-04,2.071,1.645,42.6
2025-08-05,2.0534,1.65,40.34
2025-08-06,2.0356,1.6425,39.31
2025-08-07,2.0317,1.64,39.17
2025-08-08,2.0381,1.63,40.81
2025-08-11,2.0504,1.645,40.54
2025-08-12,2.0462,1.66,38.62
2025-08-13,2.0459,1.6525,39.34
2025-08-14,2.0578,1.66,39.78
2025-08-15,2.0568,1.67,38.68
2025-08-18,2.1163,1.72,39.63
2025-08-19,2.1227,1.705,41.77
2025-08-20,2.1227,1.7125,41.02
2025-08-21,2.1213,1.7006,42.07
2025-08-22,2.1251,1.6955,42.96
2025-08-25,2.1172,1.683,43.42
2025-08-26,2.1234,1.6769,44.65
2025-08-27,2.1087,1.6769,43.18
2025-08-28,2.0937,1.7019,39.18
2025-08-29,2.0941,1.6916,40.25
2025-09-01,2.0944,1.6846,40.98
2025-09-02,2.0841,1.6744,40.97
2025-09-03,2.0839,1.6619,42.2
2025-09-04,2.0712,1.6644,40.68
2025-09-05,2.0777,1.6794,39.83
2025-09-08,2.0996,1.7019,39.77
2025-09-09,2.1013,1.7207,38.06
2025-09-10,2.1071,1.7504,35.67
2025-09-11,2.1176,1.7461,37.15
2025-09-12,2.1201,1.7411,37.9
2025-09-15,2.1119,1.7656,34.63
2025-09-16,2.1102,1.78,33.02
2025-09-17,2.103,1.76,34.3
2025-09-18,2.1057,1.7701,33.56
2025-09-19,2.1223,1.7807,34.16
2025-09-22,2.1371,1.7708,36.63
2025-09-23,2.1417,1.7838,35.79
2025-09-24,2.1819,1.7923,38.96
2025-09-25,2.1916,1.802,38.96
2025-09-26,2.1903,1.8009,38.94
2025-09-28,2.1922,1.7954,39.68
2025-09-29,2.1973,1.7996,39.77
2025-09-30,2.1969,1.7796,41.73
2025-10-09,2.1943,1.7802,41.41
2025-10-10,2.191,1.7827,40.83
2025-10-11,2.1781,1.7613,41.68
2025-10-13,2.1784,1.7813,39.71
2025-10-14,2.1879,1.7826,40.53
2025-10-15,2.1875,1.7888,39.87
2025-10-16,2.1883,1.7955,39.28
2025-10-17,2.1755,1.7852,39.03
2025-10-20,2.1866,1.794,39.26
2025-10-21,2.1784,1.7925,38.59
2025-10-22,2.1596,1.7822,37.74
2025-10-23,2.1518,1.7816,37.02
2025-10-24,2.1456,1.7813,36.43
2025-10-27,2.15,1.7738,37.62
2025-10-28,2.1253,1.745,38.03
2025-10-29,2.1123,1.7275,38.48
2025-10-30,2.1042,1.7231,38.11
2025-10-31,2.0877,1.7206,36.71
2025-11-03,2.0811,1.7256,35.55
2025-11-04,2.0749,1.7287,34.62
2025-11-05,2.0735,1.7248,34.87
2025-11-06,2.0761,1.7363,33.98
2025-11-07,2.0624,1.7516,31.08
2025-11-10,2.0675,1.7456,32.19
2025-11-11,2.0706,1.7399,33.07
2025-11-12,2.058,1.731,32.7
2025-11-13,2.0493,1.7303,31.9
2025-11-14,2.0521,1.724,32.81
2025-11-17,2.0502,1.7159,33.43
2025-11-18,2.041,1.7158,32.52
2025-11-19,2.0422,1.7185,32.37
2025-11-20,2.0363,1.7165,31.98
2025-11-21,2.0488,1.7159,33.29
2025-11-24,2.0503,1.7107,33.96
2025-11-25,2.0649,1.7136,35.13
2025-11-26,2.073,1.7244,34.86
2025-11-27,2.0919,1.7266,36.53
2025-11-28,2.1002,1.7189,38.13
2025-12-01,2.1008,1.7097,39.11
2025-12-02,2.1011,1.7099,39.12
2025-12-03,2.1016,1.7206,38.1
2025-12-04,2.119,1.7641,35.49
2025-12-05,2.1189,1.7642,35.47
2025-12-08,2.1341,1.7644,36.97
2025-12-09,2.1295,1.7433,38.62
2025-12-10,2.1212,1.735,38.62
2025-12-11,2.1112,1.7282,38.3
2025-12-12,2.1085,1.7348,37.37
2025-12-15,2.1158,1.7373,37.85
2025-12-16,2.1161,1.732,38.41
2025-12-17,2.096,1.7152,38.08
2025-12-18,2.1118,1.7002,41.16
2025-12-19,2.1016,1.6802,42.14
2025-12-22,2.0949,1.6827,41.22
2025-12-23,2.098,1.6702,42.78
2025-12-24,2.0941,1.671,42.31
2025-12-25,2.0907,1.676,41.47
2025-12-26,2.0995,1.6744,42.51
2025-12-29,2.1205,1.6894,43.11
2025-12-30,2.1429,1.6975,44.54
2025-12-31,2.151,1.6969,45.41
2026-01-04,2.1532,1.6911,46.21
2026-01-05,2.1479,1.7011,44.68
2026-01-06,2.1631,1.7211,44.2
2026-01-07,2.1666,1.7361,43.05
2026-01-08,2.1562,1.7261,43.01
2026-01-09,2.1535,1.7261,42.74
2026-01-12,2.1533,1.7236,42.97
2026-01-13,2.1494,1.7236,42.58
2026-01-14,2.1394,1.721,41.84
2026-01-15,2.1395,1.718,42.15
2026-01-16,2.1202,1.7085,41.17
2026-01-19,2.1178,1.711,40.68
2026-01-20,2.1102,1.706,40.42
2026-01-21,2.0906,1.7085,38.21
2026-01-22,2.0723,1.7135,35.88
2026-01-23,2.0759,1.701,37.49
2026-01-26,2.0609,1.701,35.99
2026-01-27,2.0497,1.7035,34.62
2026-01-28,2.0304,1.6972,33.32
2026-01-29,2.0382,1.6922,34.6
2026-01-30,2.0354,1.6922,34.32
2026-02-02,2.0264,1.6931,33.33
2026-02-03,2.0246,1.6916,33.3
2026-02-04,2.0189,1.6916,32.73
2026-02-05,2.0153,1.6802,33.51
2026-02-06,2.0155,1.6702,34.53
2026-02-09,2.0165,1.6602,35.63
2026-02-10,2.0118,1.6652,34.66
2026-02-11,2.0125,1.6677,34.48
2026-02-12,2.0047,1.6604,34.43
2026-02-13,2.0042,1.6604,34.38
2026-02-14,2.0042,1.6585,34.57
2026-02-24,1.9914,1.6576,33.38
2026-02-25,1.9997,1.6701,32.96
2026-02-26,2.003,1.6801,32.29
2026-02-27,1.9963,1.6725,32.38
2026-02-28,2.0169,1.6695,34.74
2026-03-02,2.0109,1.6543,35.66
2026-03-03,2.0034,1.6443,35.91
2026-03-04,2.0009,1.6268,37.41
2026-03-05,1.9922,1.6293,36.29
2026-03-06,1.9904,1.6293,36.11
2026-03-09,1.9958,1.6493,34.65
2026-03-10,1.987,1.6418,34.52
2026-03-11,1.9849,1.6443,34.06
2026-03-12,1.9928,1.6268,36.6
2026-03-13,1.9802,1.6143,36.59
2026-03-16,1.9809,1.6193,36.16
2026-03-17,1.9714,1.6118,35.96
2026-03-18,1.9673,1.5951,37.22
2026-03-19,1.9409,1.5939,34.7
2026-03-20,1.9412,1.5922,34.9
2026-03-23,1.9419,1.6009,34.1
2026-03-24,1.9425,1.6078,33.47
2026-03-25,1.945,1.6052,33.98
2026-03-26,1.9329,1.597,33.59
2026-03-27,1.9414,1.5861,35.53
2026-03-30,1.937,1.5646,37.24
2026-03-31,1.9371,1.5703,36.68
2026-04-01,1.9309,1.5803,35.06
2026-04-02,1.9276,1.5715,35.61
2026-04-03,1.9141,1.5595,35.46
2026-04-07,1.9037,1.5645,33.92
2026-04-08,1.9086,1.577,33.16
2026-04-09,1.8992,1.5887,31.05
2026-04-10,1.8884,1.5895,29.89
2026-04-13,1.8814,1.5908,29.06
2026-04-14,1.8653,1.5903,27.5
2026-04-15,1.8652,1.5733,29.19
2026-04-16,1.8687,1.5633,30.54
2026-04-17,1.8696,1.5482,32.14
2026-04-20,1.8696,1.5537,31.59
2026-04-21,1.8664,1.5484,31.8
2026-04-22,1.861,1.5433,31.77
2026-04-23,1.864,1.5446,31.94
2026-04-24,1.8611,1.5458,31.53
2026-04-27,1.8598,1.5581,30.17
2026-04-28,1.8602,1.5506,30.96
2026-04-29,1.8664,1.5381,32.83
2026-04-30,1.8697,1.5406,32.91
2026-05-06,1.8715,1.5481,32.34
2026-05-07,1.8709,1.5386,33.23
2026-05-08,1.8663,1.5354,33.09
2026-05-09,1.8741,1.5304,34.37
2026-05-11,1.8746,1.5221,35.25
2026-05-12,1.8638,1.5137,35.01
2026-05-13,1.8629,1.5079,35.5
2026-05-14,1.8613,1.5069,35.44
2026-05-15,1.866,1.5069,35.91
2026-05-18,1.86,1.5032,35.68
2026-05-19,1.8557,1.5079,34.78
2026-05-20,1.8485,1.5072,34.13
2026-05-21,1.8407,1.511,32.97
2026-05-22,1.8374,1.506,33.14
2026-05-25,1.831,1.4983,33.27
2026-05-26,1.8257,1.4758,34.99
2026-05-27,1.8191,1.4608,35.83
2026-05-28,1.806,1.4528,35.32
2026-05-29,1.8015,1.4528,34.87
2026-06-01,1.7835,1.446,33.75
2026-06-02,1.7658,1.451,31.48
2026-06-03,1.7534,1.4527,30.07
2026-06-04,1.7526,1.4452,30.74
2026-06-05,1.7415,1.4502,29.13
2026-06-08,1.7533,1.4502,30.31
2026-06-09,1.7662,1.4602,30.6
2026-06-10,1.7776,1.4667,31.09
2026-06-11,1.8017,1.4817,32.0
2026-06-12,1.8155,1.4817,33.38
2026-06-15,1.8148,1.4867,32.81
2026-06-16,1.8211,1.4749,34.62
2026-06-17,1.8092,1.4697,33.95
2026-06-18,1.7955,1.4597,33.58
2026-06-22,1.7938,1.4656,32.82
2026-06-23,1.7991,1.4676,33.15
2026-06-24,1.7862,1.4613,32.49
2026-06-25,1.7801,1.4567,32.34
2026-06-26,1.7753,1.4546,32.07
2026-06-29,1.7711,1.4438,32.73
2026-06-30,1.7703,1.4613,30.9
2026-07-01,1.7842,1.477,30.72
2026-07-02,1.7978,1.4731,32.47
2026-07-03,1.7951,1.4701,32.5
2026-07-06,1.7888,1.4654,32.34
2026-07-07,1.7893,1.4671,32.22
2026-07-08,1.7833,1.4696,31.37
2026-07-09,1.7854,1.4721,31.33
2026-07-10,1.7851,1.4752,30.99
2026-07-13,1.7891,1.4803,30.88
2026-07-14,1.783,1.4803,30.27
2026-07-15,1.7788,1.4857,29.31
2026-07-16,1.7816,1.4882,29.34
2026-07-17,1.7893,1.4882,30.11
2026-07-20,1.7843,1.4911,29.32
2026-07-21,1.782,1.495,28.7
2026-07-22,1.7847,1.4925,29.22
2026-07-23,1.7953,1.5075,28.78
2026-07-24,1.7962,1.5063,28.99
2026-07-27,1.8026,1.5088,29.38
2026-07-28,1.8038,1.51,29.38
2026-07-29,1.801,1.51,29.1
2026-07-30,1.8012,1.51,29.12
2026-07-31,1.8002,1.5025,29.77
