日期,corp_wealth,gov_wealth,wealth_ratio
2020-01-02,222.463,196.1484,1.1341565875632937
2020-01-03,222.573,196.0862,1.1350773282362554
2020-01-06,222.7298,196.1366,1.1355850973250277
2020-01-07,222.7539,196.2025,1.1353265121494374
2020-01-08,222.8251,196.2106,1.135642518803775
2020-01-09,222.8856,196.224,1.135873287671233
2020-01-10,222.9407,196.3701,1.1353087868265077
2020-01-13,223.1,196.4103,1.13588747636962
2020-01-14,223.1446,196.332,1.1365676507140965
2020-01-15,223.1984,196.3244,1.1368856851211566
2020-01-16,223.2295,196.3434,1.1369340655199003
2020-01-17,223.2703,196.3816,1.1369206687388227
2020-01-19,223.3247,196.5288,1.136345919783767
2020-01-20,223.41,196.5906,1.1364225959939083
2020-01-21,223.4622,196.6995,1.1360588105206164
2020-01-22,223.5368,196.7566,1.136108267778565
2020-01-23,223.5905,196.8607,1.1357802750879173
2020-02-03,224.6458,198.1231,1.1338698011488817
2020-02-04,224.6156,197.9905,1.1344766541829028
2020-02-05,224.7215,198.0296,1.1347874257181756
2020-02-06,224.7824,198.119,1.1345827507710013
2020-02-07,224.8764,198.4514,1.1331560271179744
2020-02-10,225.0671,198.7933,1.1321664261320679
2020-02-11,225.1028,198.7797,1.1324234818746584
2020-02-12,225.2725,198.7763,1.133296575094717
2020-02-13,225.3314,198.8492,1.1331773021968408
2020-02-14,225.4326,198.8811,1.1335043903115982
2020-02-17,225.623,198.7827,1.1350233194337334
2020-02-18,225.7045,198.7792,1.1354533069858415
2020-02-19,225.7822,198.8274,1.1355688401095623
2020-02-20,225.8698,198.7011,1.1367315027445746
2020-02-21,225.9342,198.7492,1.1367804247765525
2020-02-24,226.0414,199.0343,1.1356906824602595
2020-02-25,226.114,199.0759,1.135818047287492
2020-02-26,226.1953,199.161,1.1357409332148363
2020-02-27,226.2357,199.3154,1.13506382346773
2020-02-28,226.3094,199.6476,1.1335443050655254
2020-03-02,226.4176,199.6333,1.1341674961041068
2020-03-03,226.5011,199.6302,1.134603381652676
2020-03-04,226.6505,199.9756,1.1333907736743882
2020-03-05,226.6915,200.0227,1.1333288671735757
2020-03-06,226.7204,200.2902,1.1319595267267195
2020-03-09,226.9201,200.9572,1.1291961671440485
2020-03-10,226.8621,200.5038,1.1314603513748867
2020-03-11,226.7885,200.4693,1.131287932865531
2020-03-12,226.799,200.4142,1.1316513500540382
2020-03-13,226.5786,200.1227,1.1321983962838797
2020-03-16,226.5119,200.1999,1.1314286370772413
2020-03-17,226.4242,200.1808,1.1310984869677811
2020-03-18,226.5003,200.1883,1.131436252768019
2020-03-19,226.4422,200.1854,1.1311624124436648
2020-03-20,226.4242,200.3393,1.1302036095763537
2020-03-23,226.5132,200.6046,1.1291525717755226
2020-03-24,226.6387,200.9578,1.1277925017093142
2020-03-25,226.65,201.0749,1.1271919070953162
2020-03-26,226.6822,201.552,1.1246834563785029
2020-03-27,226.7823,201.5665,1.125099160822855
2020-03-30,226.8225,201.7285,1.1243949169304288
2020-03-31,226.897,202.1539,1.122397341827192
2020-04-01,226.8604,202.4769,1.1204260831729447
2020-04-02,226.932,202.4527,1.120913675144861
2020-04-03,226.9089,202.4958,1.120561019043358
2020-04-07,227.1777,204.5578,1.1105795036903996
2020-04-08,227.3489,205.2089,1.1078900574000445
2020-04-09,227.4892,205.1761,1.1087509705077736
2020-04-10,227.6278,205.0589,1.1100605728402912
2020-04-13,227.7068,204.9303,1.1111426665554094
2020-04-14,227.7782,205.0544,1.110818397459406
2020-04-15,227.9111,205.3309,1.1099698097071604
2020-04-16,227.9864,205.4495,1.1096955699575808
2020-04-17,228.0697,205.4241,1.1102382826552484
2020-04-20,228.1074,205.3916,1.110597512264377
2020-04-21,228.1841,205.5404,1.110166663098836
2020-04-22,228.2052,205.8478,1.108611313795921
2020-04-23,228.4087,206.1265,1.1080996378437513
2020-04-24,228.4925,206.0597,1.1088655375117018
2020-04-26,228.593,206.054,1.109383947897153
2020-04-27,228.6721,206.0555,1.1097597491937852
2020-04-28,228.7061,206.0576,1.1099134416784433
2020-04-29,228.7629,206.1978,1.1094342422664063
2020-04-30,228.8322,206.1785,1.1098742109385797
2020-05-06,229.0371,205.9229,1.1122468652102317
2020-05-07,228.9216,205.2132,1.1155305799042168
2020-05-08,228.8002,205.1348,1.11536511601152
2020-05-09,228.7613,204.9616,1.116117848416484
2020-05-11,228.6674,204.1997,1.119822409141639
2020-05-12,228.6066,204.2817,1.1190752769337635
2020-05-13,228.6668,204.3495,1.1189985784159002
2020-05-14,228.6022,204.5452,1.1176121463617823
2020-05-15,228.6438,205.0422,1.115106061093765
2020-05-18,228.7536,204.7053,1.1174776617899
2020-05-19,228.7425,204.5033,1.1185271826909395
2020-05-20,228.76,204.3712,1.1193357968246016
2020-05-21,228.7737,204.2589,1.1200182709296878
2020-05-22,228.8445,204.7425,1.1177185977508335
2020-05-25,228.9335,204.2801,1.1206842957292462
2020-05-26,228.8811,203.4088,1.1252271288164524
2020-05-27,228.8232,202.9024,1.127750090683994
2020-05-28,228.7767,203.0645,1.126620851995302
2020-05-29,228.7831,203.0172,1.126914862386044
2020-06-01,228.8258,203.0067,1.1271834870474717
2020-06-02,228.5918,201.4739,1.1345975831112616
2020-06-03,228.1253,201.2377,1.1336111474142272
2020-06-04,227.9659,200.556,1.1366695586270168
2020-06-05,227.5577,200.3556,1.1357691025356915
2020-06-08,227.4871,200.6348,1.1338367023068778
2020-06-09,227.6262,200.9143,1.1329517112520116
2020-06-10,227.6709,200.8877,1.133324240359166
2020-06-11,227.772,201.0904,1.132684603541492
2020-06-12,227.9004,201.2967,1.132161630071432
2020-06-15,228.0695,201.4224,1.1322946206578812
2020-06-16,228.0947,200.8672,1.1355497562568702
2020-06-17,228.0871,200.5596,1.1372534648054744
2020-06-18,228.1112,200.5396,1.1374870599123563
2020-06-19,228.1617,200.4252,1.138388286502895
2020-06-22,228.1894,199.8422,1.1418479180073078
2020-06-23,227.9338,199.6603,1.141608021224049
2020-06-24,227.9617,200.1843,1.1387591334585179
2020-06-28,228.0899,200.3879,1.1382418798739844
2020-06-29,228.1578,200.391,1.1385631091216672
2020-06-30,228.1953,200.6821,1.1370984258187453
2020-07-01,228.2809,200.614,1.1379111128834478
2020-07-02,228.393,200.7318,1.137801783274997
2020-07-03,228.4576,200.6798,1.1384185154659314
2020-07-06,228.3218,199.5843,1.1439867765149863
2020-07-07,228.0324,199.1656,1.1449386841904425
2020-07-08,227.8972,198.7699,1.1465377806197015
2020-07-09,227.4931,197.9851,1.1490415187809588
2020-07-10,227.3324,198.1329,1.147373303474587
2020-07-13,227.1992,197.4229,1.1508249549570997
2020-07-14,227.1463,197.6482,1.1492454775707546
2020-07-15,227.1786,198.1762,1.1463465340439467
2020-07-16,227.2975,198.3777,1.1457815066915285
2020-07-17,227.4088,198.5051,1.1456068383129703
2020-07-20,227.6006,198.9174,1.1441965358485482
2020-07-21,227.8009,199.6349,1.1410875553322593
2020-07-22,227.9803,199.7405,1.1413824437207276
2020-07-23,228.1489,199.6847,1.1425457233328342
2020-07-24,228.35,199.8781,1.1424463210326694
2020-07-27,228.5111,199.8784,1.1432505963625885
2020-07-28,228.6205,199.6408,1.1451592059338571
2020-07-29,228.6013,199.4628,1.14608488399842
2020-07-30,228.6181,199.407,1.1464898423826646
2020-07-31,228.6185,199.1072,1.148218145802864
2020-08-03,228.6973,199.1579,1.1483215077082054
2020-08-04,228.734,199.2001,1.1482624757718496
2020-08-05,228.8223,199.2167,1.1486100311871446
2020-08-06,228.8539,199.262,1.1485074926478707
2020-08-07,228.954,199.2272,1.1492105495635134
2020-08-10,229.0964,199.4479,1.1486528562095664
2020-08-11,229.1739,199.4406,1.1490834865117736
2020-08-12,229.2189,199.3942,1.1495765674227234
2020-08-13,229.3344,199.3977,1.1501356334601653
2020-08-14,229.4373,199.4743,1.1502098265290315
2020-08-17,229.6253,199.5858,1.1505092045626493
2020-08-18,229.7295,199.5439,1.151272978026389
2020-08-19,229.7608,199.4251,1.1521157567427571
2020-08-20,229.7763,199.108,1.1540284669626533
2020-08-21,229.8118,199.1129,1.1541783581073854
2020-08-24,229.8802,198.9594,1.1554126118192958
2020-08-25,229.8289,198.5014,1.1578200456016936
2020-08-26,229.7277,198.4724,1.157479327100393
2020-08-27,229.6364,198.4288,1.1572735409376058
2020-08-28,229.5525,198.2782,1.1577293923386434
2020-08-31,229.5724,198.5462,1.1562669041260925
2020-09-01,229.6297,198.4909,1.156877720842618
2020-09-02,229.6048,198.3107,1.1578033863024033
2020-09-03,229.5685,198.1936,1.1583043044780457
2020-09-04,229.5562,198.1225,1.15865790104607
2020-09-07,229.5736,197.9349,1.1598439689008861
2020-09-08,229.6279,197.9616,1.159961830981362
2020-09-09,229.6965,198.3367,1.1581139547042982
2020-09-10,229.7859,198.5652,1.157231478627675
2020-09-11,229.8473,198.4049,1.1584759247377459
2020-09-14,229.9484,198.3212,1.1594746300445942
2020-09-15,230.0017,198.6451,1.157852370886571
2020-09-16,230.0387,198.7914,1.1571863772778903
2020-09-17,230.103,198.7224,1.1579117401963746
2020-09-18,230.143,198.8342,1.1574618450950591
2020-09-21,230.3038,199.0691,1.156903808777957
2020-09-22,230.355,199.1755,1.1565428478904283
2020-09-23,230.4023,199.141,1.1569807322449923
2020-09-24,230.4565,199.1325,1.1573022987207011
2020-09-25,230.5276,198.896,1.1590358780468186
2020-09-27,230.5855,198.9366,1.1590903835694386
2020-09-28,230.6519,198.9488,1.159353059681687
2020-09-29,230.7392,198.9133,1.15999885377197
2020-09-30,230.7778,198.8908,1.1603241577790426
2020-10-09,231.1052,198.817,1.1624016054965118
2020-10-10,231.0527,198.8258,1.1620861075373519
2020-10-12,231.1818,198.8765,1.1624390010886154
2020-10-13,231.2262,198.9486,1.1622409004134737
2020-10-14,231.2668,198.9536,1.1624157592524085
2020-10-15,231.307,198.935,1.162726518712142
2020-10-16,231.3686,198.9579,1.1629023024468996
2020-10-19,231.5049,199.178,1.1623015594091717
2020-10-20,231.5784,199.2559,1.1622160247199707
2020-10-21,231.671,199.4183,1.1617339030570415
2020-10-22,231.7678,199.6043,1.1611363081857455
2020-10-23,231.8338,199.6413,1.161251704932797
2020-10-26,231.9574,199.658,1.16177363291228
2020-10-27,231.9987,199.8361,1.1609448943409124
2020-10-28,232.0353,199.9249,1.1606123099223757
2020-10-29,232.0355,200.0085,1.1601281945517317
2020-10-30,232.053,200.0318,1.1600805471929962
2020-11-02,232.1764,200.2132,1.1596458175584827
2020-11-03,232.2304,200.3615,1.1590570044644306
2020-11-04,232.3103,200.4856,1.1587380839322126
2020-11-05,232.3579,200.4404,1.1592368604333259
2020-11-06,232.3841,200.2611,1.1604055905016002
2020-11-09,232.4164,200.2122,1.1608503377916033
2020-11-10,232.3853,200.1409,1.1611084990624105
2020-11-11,232.3536,200.2045,1.1605813056150087
2020-11-12,232.2162,200.1346,1.160300118020572
2020-11-13,231.9197,199.9124,1.1601066267024958
2020-11-16,231.825,200.0277,1.1589644834190465
2020-11-17,231.6318,200.0055,1.1581271515033336
2020-11-18,231.4506,199.8726,1.157990640037704
2020-11-19,231.2549,199.678,1.1581391039573714
2020-11-20,230.9944,199.6607,1.1569347397860472
2020-11-23,231.0903,199.9781,1.1555780357949195
2020-11-24,231.1412,200.023,1.1555731090924544
2020-11-25,231.0807,200.1623,1.1544666503132708
2020-11-26,231.1374,200.2375,1.1543162494537738
2020-11-27,231.0985,200.2821,1.1538649734549418
2020-11-30,231.3013,200.7846,1.151987254002548
2020-12-01,231.3714,200.6842,1.1529128850203454
2020-12-02,231.3661,200.6035,1.1533502655736316
2020-12-03,231.362,200.5849,1.1534367741539866
2020-12-04,231.3624,200.6808,1.1528875707093056
2020-12-07,231.4723,200.7314,1.1531444507436304
2020-12-08,231.449,200.9344,1.1518634937571666
2020-12-09,231.4692,200.9755,1.1517284445118932
2020-12-10,231.5377,201.1053,1.15132569852709
2020-12-11,231.5115,200.9813,1.1519056748065617
2020-12-14,231.6118,201.0517,1.1520012016809607
2020-12-15,231.649,201.2523,1.1510377769595677
2020-12-16,231.7044,201.386,1.1505486975261439
2020-12-17,231.7527,201.4454,1.1504492036055427
2020-12-18,231.7998,201.4361,1.1507361391528133
2020-12-21,231.8921,201.7609,1.1493411260556432
2020-12-22,231.9272,201.9611,1.148375603024543
2020-12-23,231.9718,202.1213,1.1476860677226992
2020-12-24,231.9769,202.0499,1.148116876078632
2020-12-25,231.9795,202.0714,1.1480075854376224
2020-12-28,232.082,202.2652,1.1474143846791243
2020-12-29,232.0805,202.408,1.1465974665033003
2020-12-30,232.2081,202.6673,1.1457600708155682
2020-12-31,232.2509,202.7172,1.1456891669774445
2021-01-04,232.4579,202.4916,1.1479878671510324
2021-01-05,232.5645,202.61,1.1478431469325305
2021-01-06,232.6391,202.6788,1.1478215777871195
2021-01-07,232.7568,202.8576,1.1473900903885288
2021-01-08,232.8282,202.7752,1.148208459417128
2021-01-11,232.9457,202.7534,1.1489114362570492
2021-01-12,232.9552,202.7936,1.1487305319300016
2021-01-13,232.9642,203.0256,1.1474621919600287
2021-01-14,233.0739,203.1696,1.147188851087958
2021-01-15,233.157,202.8703,1.149290950917902
2021-01-18,233.171,202.6149,1.1508087509852434
2021-01-19,233.0934,202.5798,1.1506250870027515
2021-01-20,233.0812,202.7464,1.1496194260415968
2021-01-21,233.1196,202.9506,1.1486519379592866
2021-01-22,233.0694,202.976,1.1482608781333754
2021-01-25,233.122,202.9594,1.148613959245051
2021-01-26,232.9534,202.5716,1.1499805500869815
2021-01-27,232.9574,202.5244,1.15026831334891
2021-01-28,232.8172,202.192,1.151465933370262
2021-01-29,232.6926,202.1953,1.1508309045759224
2021-02-01,232.8487,202.5438,1.149621464591856
2021-02-02,232.9262,202.5446,1.1499995556534215
2021-02-03,232.9081,202.2068,1.151831194598797
2021-02-04,232.8554,201.911,1.1532576234083334
2021-02-05,232.7862,201.8835,1.1530719449583549
2021-02-07,232.8814,202.0141,1.1527977502560465
2021-02-08,232.7948,201.8602,1.1532476436662602
2021-02-09,232.8172,201.9688,1.1527384427693783
2021-02-10,232.8055,202.0014,1.1524944876619667
2021-02-18,233.0631,201.8065,1.1548840101780666
2021-02-19,233.051,202.0636,1.153354686346279
2021-02-20,233.0796,202.1444,1.1530351570461512
2021-02-22,233.1392,202.1625,1.1532267359178878
2021-02-23,233.197,202.2497,1.15301530731566
2021-02-24,233.2881,202.3957,1.1526336774941364
2021-02-25,233.3182,202.4037,1.1527368323800404
2021-02-26,233.3124,202.3854,1.152812406428527
2021-03-01,233.4545,202.5317,1.152681283966905
2021-03-02,233.531,202.56,1.152897906793049
2021-03-03,233.6071,202.5356,1.1534125358702372
2021-03-04,233.6333,202.5047,1.1537179137076816
2021-03-05,233.6691,202.5889,1.1534151180049845
2021-03-08,233.7855,202.7169,1.153261025597767
2021-03-09,233.8517,202.6949,1.1537127969179295
2021-03-10,233.9495,202.7512,1.15387479827493
2021-03-11,233.9726,202.7423,1.1540393889188394
2021-03-12,233.967,202.7175,1.154152946834881
2021-03-15,234.0789,202.6644,1.155007490215351
2021-03-16,234.1527,202.7279,1.1550097445886827
2021-03-17,234.1892,202.7872,1.1548519827681432
2021-03-18,234.1827,202.8121,1.154678147901432
2021-03-19,234.1927,202.9214,1.1541054812355918
2021-03-22,234.3467,203.0531,1.15411535209263
2021-03-23,234.4341,203.084,1.1543701128597033
2021-03-24,234.4517,203.294,1.1532642380001377
2021-03-25,234.4922,203.3513,1.1531384358005088
2021-03-26,234.5224,203.2996,1.1535802333108378
2021-03-29,234.63,203.2927,1.154148673316848
2021-03-30,234.6656,203.3305,1.1541091966035593
2021-03-31,234.7479,203.438,1.153903892094889
2021-04-01,234.7573,203.4317,1.1539858340661755
2021-04-02,234.7631,203.5207,1.1535096921345103
2021-04-06,234.8899,203.5489,1.1539728291334417
2021-04-07,234.937,203.4873,1.154553625705388
2021-04-08,234.8987,203.5169,1.1541975138182627
2021-04-09,234.9152,203.6211,1.1536879036602787
2021-04-12,235.017,203.7743,1.1533201193673588
2021-04-13,235.1023,204.1246,1.1517587787067312
2021-04-14,235.1773,204.1383,1.1520488805873275
2021-04-15,235.2667,204.1548,1.152393673820062
2021-04-16,235.3342,204.1887,1.1525329266506912
2021-04-19,235.5249,204.3185,1.152734089179394
2021-04-20,235.6996,204.4809,1.1526729391351467
2021-04-21,235.7633,204.6234,1.15218151980663
2021-04-22,235.8614,204.6167,1.1526986800197638
2021-04-23,235.9018,204.6571,1.1526685367866543
2021-04-25,235.9206,204.5677,1.1532641761138245
2021-04-26,236.0012,204.3728,1.1547583631481293
2021-04-27,236.0492,204.3361,1.1552006718342966
2021-04-28,236.0641,204.4099,1.1548564917844
2021-04-29,236.0992,204.5333,1.1543313484894635
2021-04-30,236.1615,204.6285,1.1540987692330247
2021-05-06,236.4966,204.8646,1.1544044212616529
2021-05-07,236.5547,204.8947,1.1545183940824237
2021-05-08,236.5993,204.8918,1.154752410784619
2021-05-10,236.6835,205.0224,1.1544275162128625
2021-05-11,236.7691,205.1575,1.1540845448009456
2021-05-12,236.9393,205.2166,1.1545815494458052
2021-05-13,237.0587,205.1271,1.1556673886580562
2021-05-14,237.1512,205.1979,1.1557194298772062
2021-05-17,237.2745,205.158,1.1565451993098004
2021-05-18,237.3786,205.1926,1.1568575085066422
2021-05-19,237.4468,205.3907,1.1560737657547298
2021-05-20,237.5094,205.5774,1.1553283580782712
2021-05-21,237.5799,205.7726,1.1545750017252054
2021-05-24,237.7579,205.7287,1.1556865911270522
2021-05-25,237.7921,205.744,1.1557668753402286
2021-05-26,237.8647,205.8344,1.1556119871119697
2021-05-27,237.938,205.8021,1.156149524227401
2021-05-28,237.9654,205.7405,1.1566288601417805
2021-05-31,238.0594,205.8251,1.156610151045718
2021-06-01,238.0879,205.9298,1.1561604974122248
2021-06-02,238.1508,205.8317,1.157017116411126
2021-06-03,238.2704,205.9221,1.1570899869416638
2021-06-04,238.2488,205.7926,1.1577131539229302
2021-06-07,238.3112,205.5661,1.1592923152212355
2021-06-08,238.3611,205.5797,1.159458351189344
2021-06-09,238.3536,205.5358,1.1596695076964694
2021-06-10,238.4049,205.66,1.1592186132451618
2021-06-11,238.474,205.5777,1.1600188152703332
2021-06-15,238.713,205.6292,1.1608905739068187
2021-06-16,238.6426,205.6079,1.1606684373508993
2021-06-17,238.6496,205.5552,1.1610000622703778
2021-06-18,238.6503,205.608,1.1607053227500874
2021-06-21,238.7372,205.8421,1.1598074446383904
2021-06-22,238.749,205.8773,1.1596664615282988
2021-06-23,238.8046,206.0162,1.1591544742597912
2021-06-24,238.8888,206.0932,1.1591299470336722
2021-06-25,238.8949,206.1448,1.158869396657107
2021-06-28,239.0518,206.1555,1.1595703243425473
2021-06-29,239.051,206.195,1.1593443099978176
2021-06-30,239.0497,206.3514,1.158459307763359
2021-07-01,239.147,206.3402,1.1589937394652132
2021-07-02,239.2502,206.4438,1.1589120138265232
2021-07-05,239.3133,206.5766,1.158472450413067
2021-07-06,239.4085,206.5634,1.1590073556109166
2021-07-07,239.4606,206.7044,1.158468808598172
2021-07-08,239.6443,207.2435,1.1563416946731742
2021-07-09,239.7382,207.1337,1.1574079930016217
2021-07-12,240.0393,207.5591,1.1564865139615657
2021-07-13,240.2314,207.734,1.156437559571375
2021-07-14,240.4092,207.9284,1.1562114651004864
2021-07-15,240.4496,207.7204,1.157563725084296
2021-07-16,240.575,207.8204,1.1576101287457823
2021-07-19,240.7599,207.9343,1.1578652487829086
2021-07-20,240.8629,208.0918,1.1574838604884958
2021-07-21,240.9413,208.2509,1.1569760322764513
2021-07-22,240.9997,208.2635,1.1571864488976704
2021-07-23,241.0435,208.4678,1.1562625019307537
2021-07-26,241.2357,208.7673,1.1555243565443438
2021-07-27,241.2647,208.5905,1.1566428001275226
2021-07-28,241.294,208.3973,1.157855691988332
2021-07-29,241.3332,208.5864,1.1569939363256665
2021-07-30,241.4437,208.8773,1.1559116285015174
2021-08-02,241.6175,209.161,1.1551747218649748
2021-08-03,241.744,209.0488,1.1563998453949509
2021-08-04,241.7949,208.9693,1.1570833610487283
2021-08-05,241.9117,209.2002,1.1563645732652263
2021-08-06,242.0048,209.1961,1.1568322736418126
2021-08-09,242.1399,208.9262,1.1589733599711287
2021-08-10,242.1345,208.8668,1.1592771086644693
2021-08-11,242.2379,208.8491,1.1598704519195917
2021-08-12,242.2994,209.0139,1.1592501742707064
2021-08-13,242.3539,208.9754,1.1597245417403197
2021-08-16,242.4989,208.9717,1.1604389493888407
2021-08-17,242.5886,208.994,1.1607443275883518
2021-08-18,242.6461,209.1924,1.1599183335532266
2021-08-19,242.7115,209.377,1.1592080314456696
2021-08-20,242.747,209.3986,1.1592579893084292
2021-08-23,242.8505,209.3568,1.1599838171007582
2021-08-24,242.9046,209.3852,1.1600848579555765
2021-08-25,242.9324,209.5248,1.1594446098982079
2021-08-26,242.8851,209.2929,1.1605032946650364
2021-08-27,242.8713,209.3596,1.160067653931322
2021-08-30,243.0235,209.4604,1.1602360159724703
2021-08-31,243.057,209.5378,1.159967318545866
2021-09-01,243.0839,209.6934,1.1592348638536072
2021-09-02,243.1713,209.7309,1.1594443165027186
2021-09-03,243.195,209.7214,1.1596098442981975
2021-09-06,243.3104,209.7708,1.1598868860680323
2021-09-07,243.3408,209.7011,1.160417375016154
2021-09-08,243.3963,209.6254,1.1611011833489644
2021-09-09,243.3711,209.5887,1.161184262319486
2021-09-10,243.327,209.5606,1.161129525301989
2021-09-13,243.484,209.5266,1.1620672506497982
2021-09-14,243.5226,209.3618,1.1631663464872772
2021-09-15,243.5186,209.4205,1.1628212137780207
2021-09-16,243.5613,209.323,1.1635668321206938
2021-09-17,243.5778,209.4698,1.1628301549913163
2021-09-18,243.5891,209.459,1.1629440606514878
2021-09-22,243.674,209.6487,1.1622967373515791
2021-09-23,243.7276,209.6749,1.1624071359995878
2021-09-24,243.7344,209.6308,1.1626841093961384
2021-09-26,243.8094,209.6711,1.1628183378634442
2021-09-27,243.7672,209.6446,1.162764030172969
2021-09-28,243.7731,209.5618,1.1632516040614271
2021-09-29,243.7358,209.6245,1.1627257310094956
2021-09-30,243.8084,209.7738,1.1622442840812341
2021-10-08,244.1435,209.7925,1.1637379791937272
2021-10-09,244.096,209.7544,1.1637229064086378
2021-10-11,244.0273,209.5357,1.1646096584018857
2021-10-12,243.98,209.4687,1.1647563573937298
2021-10-13,244.0204,209.3703,1.1654967299564456
2021-10-14,244.0861,209.3879,1.1657125363977574
2021-10-15,244.1232,209.3289,1.1662183291461428
2021-10-18,244.1837,208.8438,1.169216897987874
2021-10-19,244.1604,208.7928,1.1693908985367312
2021-10-20,244.2482,208.9639,1.1688535675300853
2021-10-21,244.2893,209.1523,1.167997196301451
2021-10-22,244.3514,209.2254,1.1678859258961867
2021-10-25,244.5486,209.2873,1.1684827507450286
2021-10-26,244.6032,209.3711,1.1682758508695803
2021-10-27,244.7127,209.4641,1.1682799104954023
2021-10-28,244.7848,209.5311,1.1682504411039696
2021-10-29,244.908,209.5859,1.1685328068348109
2021-11-01,245.052,209.7795,1.1681408335895547
2021-11-02,245.1325,209.9934,1.1673343066972581
2021-11-03,245.2905,210.1087,1.1674457078645482
2021-11-04,245.361,210.1895,1.1673323358207712
2021-11-05,245.4734,210.4736,1.1662906891885727
2021-11-08,245.6138,210.5458,1.1665575850954992
2021-11-09,245.5991,210.4089,1.167246727681196
2021-11-10,245.6967,210.4993,1.1672091071086697
2021-11-11,245.7495,210.4015,1.1680026045441692
2021-11-12,245.7493,210.4641,1.1676542460210553
2021-11-15,245.9276,210.6206,1.1676331754823603
2021-11-16,245.9849,210.7306,1.1672955897245108
2021-11-17,246.0214,210.7156,1.1675519040830389
2021-11-18,246.1313,210.8053,1.1675764319018547
2021-11-19,246.184,210.8192,1.1677494269971616
2021-11-22,246.2629,210.9472,1.1674148791735561
2021-11-23,246.3314,210.9615,1.1676604498925158
2021-11-24,246.4029,211.128,1.167078265317722
2021-11-25,246.4866,211.2437,1.1668352713003987
2021-11-26,246.5369,211.4075,1.1661691283421827
2021-11-29,246.683,211.4559,1.1665931288746259
2021-11-30,246.6352,211.3817,1.1667764995739933
2021-12-01,246.7022,211.4116,1.1669283993877346
2021-12-02,246.7877,211.352,1.1676620046178887
2021-12-03,246.8072,211.2573,1.1682777352545923
2021-12-06,247.0002,211.6351,1.167104133482584
2021-12-07,247.041,211.6016,1.1674817203650634
2021-12-08,247.0466,211.4765,1.1681988306029276
2021-12-09,247.0842,211.5064,1.1682114583766732
2021-12-10,247.1132,211.6458,1.1675790400754469
2021-12-13,247.3111,211.7428,1.1679787931396015
2021-12-14,247.2854,211.9311,1.1668197824670377
2021-12-15,247.3388,212.0693,1.1663112011026584
2021-12-16,247.3432,212.1385,1.1659514892393412
2021-12-17,247.4098,212.2292,1.1657670103831141
2021-12-20,247.544,212.1141,1.1670322717820267
2021-12-21,247.5052,212.039,1.1672626262149888
2021-12-22,247.4669,212.168,1.166372403001395
2021-12-23,247.5493,212.3749,1.1656240921125802
2021-12-24,247.5243,212.4086,1.1653214606188262
2021-12-27,247.6279,212.6013,1.1647525203279565
2021-12-28,247.6594,212.6731,1.1645074059671863
2021-12-29,247.7749,212.8413,1.1641297999965232
2021-12-30,247.8716,213.0005,1.1637137002025817
2021-12-31,247.8984,213.0556,1.1635385317259908
2022-01-04,248.2195,213.0728,1.164951603395647
2022-01-05,248.3455,213.1016,1.1653854311746135
2022-01-06,248.3918,212.9545,1.1664078476857733
2022-01-07,248.4205,212.9853,1.1663739234585673
2022-01-10,248.6216,213.2093,1.1660917230158345
2022-01-11,248.6679,213.3236,1.1656839655809297
2022-01-12,248.7871,213.4089,1.1657765913230425
2022-01-13,248.8847,213.4065,1.1662470449587994
2022-01-14,248.9302,213.432,1.1663208890887966
2022-01-17,249.1575,213.5904,1.1665201244999777
2022-01-18,249.2536,214.0649,1.164383324870168
2022-01-19,249.445,214.3156,1.1639143394134632
2022-01-20,249.5048,214.3279,1.1641265556187506
2022-01-21,249.6009,214.5588,1.163321662872835
2022-01-24,249.8028,214.985,1.1619545549689512
2022-01-25,249.9059,214.9181,1.162795967394091
2022-01-26,249.9722,214.6742,1.1644259067927119
2022-01-27,250.0484,214.6163,1.1650951022825387
2022-01-28,250.1039,214.7523,1.164615699110091
2022-01-29,250.1496,214.8738,1.1641698522574646
2022-01-30,250.256,214.9637,1.1641779519053683
2022-02-07,250.6283,214.9687,1.165882754093968
2022-02-08,250.6834,215.0663,1.1656098607731662
2022-02-09,250.7534,214.988,1.1663599828827655
2022-02-10,250.7849,215.0562,1.1661365726726316
2022-02-11,250.7175,214.509,1.1687971134078292
2022-02-14,250.809,214.4854,1.1693523195518203
2022-02-15,250.7879,214.496,1.1691961621661942
2022-02-16,250.7973,214.5462,1.1689664044387642
2022-02-17,250.8528,214.7346,1.1681992561981163
2022-02-18,250.8932,214.6675,1.168752605774046
2022-02-21,250.9095,214.3152,1.1707499048130978
2022-02-22,250.9092,214.026,1.1723304645230017
2022-02-23,250.9357,214.1187,1.1719466819105477
2022-02-24,250.9653,214.1924,1.1716816282930675
2022-02-25,250.9544,214.1582,1.1718178430711501
2022-02-28,251.0924,214.3544,1.1713890640919897
2022-03-01,251.0761,214.214,1.1720807230153025
2022-03-02,251.0859,213.9608,1.1735135594931407
2022-03-03,250.9985,213.6234,1.1749578931896039
2022-03-04,250.8897,213.5506,1.1748489585138135
2022-03-07,250.9496,213.678,1.1744288134482728
2022-03-08,250.8796,213.8808,1.1729879446869471
2022-03-09,250.7265,213.6541,1.1735159774607649
2022-03-10,250.6249,213.6014,1.1733298564522516
2022-03-11,250.5073,213.9018,1.1711322672366478
2022-03-14,250.7839,214.3441,1.170006079010339
2022-03-15,250.6879,213.7785,1.1726525352175265
2022-03-16,250.6497,213.8226,1.172232027858608
2022-03-17,250.6436,213.8968,1.1717968665262872
2022-03-18,250.6734,214.0527,1.1710826352575792
2022-03-21,250.6584,213.9837,1.1713901572876813
2022-03-22,250.671,213.7692,1.1726244940805317
2022-03-23,250.7046,213.8013,1.1726055922017313
2022-03-24,250.7236,213.8613,1.1723654536842336
2022-03-25,250.7567,213.9642,1.1719563366207992
2022-03-28,250.9022,214.0507,1.1721624830005226
2022-03-29,250.987,214.0201,1.1727263000064012
2022-03-30,251.0153,214.1744,1.1720135553081974
2022-03-31,251.0778,214.2215,1.1720476236045403
2022-04-01,251.1734,214.4108,1.171458713833445
2022-04-02,251.2808,214.5399,1.1712543913742852
2022-04-06,251.5058,214.7516,1.1711475025098765
2022-04-07,251.6189,214.9302,1.1707005344060537
2022-04-08,251.7506,214.9216,1.171360161100606
2022-04-11,251.9543,214.8166,1.1728809598513337
2022-04-12,252.0616,214.7916,1.1735170276677487
2022-04-13,252.1349,214.8675,1.1734436338673833
2022-04-14,252.2463,215.1177,1.1725966761451985
2022-04-15,252.3391,215.2278,1.17242800418905
2022-04-18,252.4172,214.9879,1.1740995656034596
2022-04-19,252.4804,214.9838,1.174415932735397
2022-04-20,252.4494,214.8656,1.1749177160047954
2022-04-21,252.4712,214.913,1.174760019170548
2022-04-22,252.5566,214.946,1.174976970960148
2022-04-24,252.6157,214.9576,1.1751885022906843
2022-04-25,252.679,215.0886,1.1747670494856537
2022-04-26,252.7704,215.1178,1.1750324705812352
2022-04-27,252.8466,214.9957,1.1760542187587937
2022-04-28,252.8839,214.8102,1.1772434456091936
2022-04-29,252.9466,214.8962,1.1770640895464881
2022-05-05,253.2121,215.0811,1.1772866142120344
2022-05-06,253.3074,215.0769,1.1777527014756117
2022-05-07,253.3791,215.1389,1.177746562801985
2022-05-09,253.5199,215.2304,1.1779000550108163
2022-05-10,253.6123,215.4666,1.177037647598282
2022-05-11,253.7164,215.3933,1.1779215045221925
2022-05-12,253.818,215.4967,1.1778277811214743
2022-05-13,253.9527,215.5383,1.178225401239594
2022-05-16,254.1642,215.5108,1.1793571366260995
2022-05-17,254.269,215.6861,1.1788844992792766
2022-05-18,254.3672,215.8554,1.1784148091731779
2022-05-19,254.468,215.9758,1.1782245973854477
2022-05-20,254.5622,215.863,1.1792766708514195
2022-05-23,254.7502,216.0895,1.1789105902878207
2022-05-24,254.878,216.126,1.1793028140991828
2022-05-25,254.917,216.0925,1.179666115205294
2022-05-26,255.0294,216.3768,1.1786356023381435
2022-05-27,255.1113,216.4132,1.1788158023632571
2022-05-30,255.261,216.3166,1.1800342645918067
2022-05-31,255.2497,216.0758,1.1812970263213187
2022-06-01,255.2099,216.0149,1.1814458169320727
2022-06-02,255.2101,215.9089,1.1820267714763033
2022-06-06,255.2206,215.7415,1.1829926092105598
2022-06-07,255.1336,215.7183,1.1827165335532497
2022-06-08,255.155,215.8121,1.182301641103534
2022-06-09,255.2815,215.8902,1.1824598800686645
2022-06-10,255.3832,215.969,1.182499340183082
2022-06-13,255.4724,215.9616,1.18295289532954
2022-06-14,255.5582,215.9088,1.183639573745952
2022-06-15,255.625,215.9102,1.183941286701601
2022-06-16,255.6766,216.0104,1.1836309733235066
2022-06-17,255.8339,216.1211,1.1837525350370695
2022-06-20,255.969,216.0367,1.1848403535140095
2022-06-21,256.0307,216.0088,1.1852790256693246
2022-06-22,256.1183,216.109,1.1851348162269963
2022-06-23,256.2186,216.1749,1.1852375090725147
2022-06-24,256.2566,216.1061,1.1857906833726581
2022-06-27,256.3548,215.9053,1.1873483420740483
2022-06-28,256.3157,215.8364,1.1875462155595626
2022-06-29,256.3749,215.8579,1.1877021874112554
2022-06-30,256.403,216.0284,1.186894871229894
2022-07-01,256.5076,216.1507,1.18670723712669
2022-07-04,256.575,215.9857,1.1879258673143638
2022-07-05,256.6025,215.8123,1.189007762764217
2022-07-06,256.7311,215.9648,1.1887636318511166
2022-07-07,256.8124,215.9708,1.1891070459525086
2022-07-08,256.8543,216.0018,1.1891303683580416
2022-07-11,257.0308,216.1949,1.1888846591663356
2022-07-12,257.1139,216.3799,1.1882522359978909
2022-07-13,257.289,216.4955,1.1884265492816248
2022-07-14,257.3883,216.6398,1.188093323572123
2022-07-15,257.5146,216.7317,1.188172288594608
2022-07-18,257.7047,216.8731,1.1882741566381447
2022-07-19,257.8252,216.8831,1.1887749667908656
2022-07-20,257.9525,217.0076,1.1886795669829076
2022-07-21,258.0735,217.2088,1.188135563568327
2022-07-22,258.1737,217.1332,1.1890107086341473
2022-07-25,258.4066,217.2384,1.1895070116517155
2022-07-26,258.5555,217.4273,1.1891583991522683
2022-07-27,258.6699,217.5948,1.1887687573416277
2022-07-28,258.7265,217.4565,1.1897850834534722
2022-07-29,258.8571,217.7194,1.188948251740543
2022-08-01,259.1094,218.0563,1.1882683508800251
2022-08-02,259.2821,218.2384,1.1880681859837683
2022-08-03,259.4103,218.4688,1.1874020455094734
2022-08-04,259.5558,218.7422,1.186583110163471
2022-08-05,259.6249,218.6211,1.1875564618419723
2022-08-08,259.7963,218.5536,1.1887074841137368
2022-08-09,259.808,218.3696,1.189762677588822
2022-08-10,259.8822,218.369,1.1901057384518865
2022-08-11,259.9395,218.2479,1.1910286421999938
2022-08-12,260.0237,218.339,1.1909173349699322
2022-08-15,260.2856,219.0306,1.1883526776623905
2022-08-16,260.4367,219.309,1.1875331153760218
2022-08-17,260.5032,219.1846,1.188510506668808
2022-08-18,260.5934,219.429,1.1875978106813592
2022-08-19,260.6455,219.4361,1.1877968119192786
2022-08-22,260.7329,219.4154,1.1883072017734397
2022-08-23,260.7849,219.2093,1.1896616612525106
2022-08-24,260.7944,219.191,1.1898043259075417
2022-08-25,260.6783,219.0377,1.190106999845232
2022-08-26,260.5917,218.9163,1.190371388516981
2022-08-29,260.7126,219.0908,1.1899751153403064
2022-08-30,260.7183,219.2859,1.188942380700264
2022-08-31,260.7469,219.3534,1.188706899459958
2022-09-01,260.8097,219.4856,1.1882770441432149
2022-09-02,260.887,219.5895,1.1880668246887944
2022-09-05,261.0631,219.7398,1.1880556003054523
2022-09-06,261.1771,219.8347,1.1880613024240485
2022-09-07,261.2104,219.8176,1.1883052130493645
2022-09-08,261.2648,219.7849,1.1887295260047437
2022-09-09,261.2939,219.7577,1.1890090768150559
2022-09-13,261.4711,219.7088,1.1900802334726692
2022-09-14,261.4937,219.6722,1.1903813955520999
2022-09-15,261.5843,219.7524,1.1903592406726844
2022-09-16,261.6208,219.6073,1.1913119463697244
2022-09-19,261.6874,219.6932,1.1911492936513284
2022-09-20,261.6918,219.8266,1.1904464700814186
2022-09-21,261.7381,219.9611,1.1899290374525313
2022-09-22,261.7652,220.0221,1.1897223051684354
2022-09-23,261.7361,219.9283,1.1900974090192122
2022-09-26,261.8073,219.6611,1.1918692021482182
2022-09-27,261.7283,219.6031,1.191824250204118
2022-09-28,261.6437,219.5253,1.1918612569940688
2022-09-29,261.6474,219.4555,1.1922572002068756
2022-09-30,261.6247,219.3379,1.1927929464082587
2022-10-08,261.9141,219.4423,1.193544271090852
2022-10-09,261.9093,219.6053,1.1926365165139456
2022-10-10,261.9917,219.8118,1.1918909721862065
2022-10-11,262.0706,219.9209,1.191658455381003
2022-10-12,262.1587,219.8904,1.1922243990642611
2022-10-13,262.1795,220.013,1.1916545840473063
2022-10-14,262.2416,220.1562,1.1911615480281728
2022-10-17,262.437,220.2753,1.191404574185122
2022-10-18,262.4688,220.2518,1.191676072567852
2022-10-19,262.5573,220.3736,1.1914190265984672
2022-10-20,262.6439,220.3563,1.1919055638527238
2022-10-21,262.6751,220.3392,1.192139664662484
2022-10-24,262.8051,220.4056,1.1923703390476466
2022-10-25,262.7486,220.335,1.1924959720425716
2022-10-26,262.705,220.4168,1.191855611731955
2022-10-27,262.7446,220.5699,1.1912078665311994
2022-10-28,262.8162,220.6373,1.1911684923628052
2022-10-31,262.964,220.8152,1.1908781641843496
2022-11-01,263.0216,220.7118,1.1916970456495755
2022-11-02,263.0592,220.5994,1.1924746848812824
2022-11-03,263.093,220.6082,1.1925803301962483
2022-11-04,263.0341,220.4739,1.1930396296341654
2022-11-07,263.1042,220.4863,1.1932904674802924
2022-11-08,263.0528,220.33,1.1939036899196658
2022-11-09,263.0779,220.3145,1.1941016138293212
2022-11-10,263.0025,220.2179,1.1942830260392094
2022-11-11,262.8047,219.8991,1.1951149413526478
2022-11-14,262.0193,218.5758,1.1987571359683917
2022-11-15,261.4822,218.4916,1.1967608823405567
2022-11-16,261.1257,218.1138,1.1971993518979542
2022-11-17,260.7561,218.6707,1.1924601695608967
2022-11-18,260.6881,218.8226,1.1913216459360232
2022-11-21,260.7909,219.1745,1.189877928317391
2022-11-22,260.744,219.1808,1.1896297485911176
2022-11-23,260.8023,219.4527,1.188421468498679
2022-11-24,261.0024,219.6726,1.188142717844647
2022-11-25,260.9864,219.474,1.1891449556667306
2022-11-28,260.9882,219.3154,1.1900131044149203
2022-11-29,260.6562,218.7216,1.1917259200737376
2022-11-30,260.423,218.6314,1.1911509508698201
2022-12-01,260.2027,218.6532,1.190024660055284
2022-12-02,260.0935,218.779,1.1888412507598993
2022-12-05,260.003,218.7266,1.188712301110153
2022-12-06,259.5986,218.5126,1.188025770596295
2022-12-07,258.98,218.4638,1.1854595589749881
2022-12-08,258.7144,218.5845,1.1835898702789998
2022-12-09,258.3791,218.3965,1.1830734466898507
2022-12-12,258.213,218.3284,1.18268168502128
2022-12-13,257.6436,217.9855,1.181929990756266
2022-12-14,257.6,218.4696,1.1791114187053944
2022-12-15,257.5393,218.619,1.1780279847588728
2022-12-16,257.5361,218.4363,1.1789986371312826
2022-12-19,257.6398,218.8051,1.1774853511184153
2022-12-20,257.6188,218.7745,1.1775540568027811
2022-12-21,257.6529,218.7481,1.1778520590578843
2022-12-22,257.6446,219.0486,1.1761983413726453
2022-12-23,257.6735,219.4003,1.1744446110602402
2022-12-26,257.7816,219.3878,1.175004261859593
2022-12-27,257.7878,219.1343,1.1763918291203157
2022-12-28,257.7925,219.1354,1.1764073718805816
2022-12-29,257.9477,219.484,1.1752460316013924
2022-12-30,258.0243,219.6833,1.1745285144569477
2022-12-31,258.0704,219.6786,1.174763495397367
2023-01-03,258.3457,219.8145,1.175289619201645
2023-01-04,258.5444,219.953,1.1754529376730483
2023-01-05,258.6442,219.8765,1.1763157954579049
2023-01-06,258.7287,219.638,1.1779778544696273
2023-01-09,258.9547,219.651,1.1789370410332756
2023-01-10,258.9255,219.3515,1.1804136283544904
2023-01-11,258.9273,219.3415,1.1804756509826002
2023-01-12,258.9245,219.445,1.1799061268199322
2023-01-13,258.9593,219.2953,1.1808702694494593
2023-01-16,258.9983,219.0197,1.1825342651825383
2023-01-17,258.9563,219.0684,1.182079660964338
2023-01-18,258.978,219.1644,1.1816608901810697
2023-01-19,258.9885,219.0757,1.1821872530819255
2023-01-20,258.964,219.1012,1.1819378442473158
2023-01-28,259.3513,219.2446,1.1829313013866705
2023-01-29,259.3704,219.2669,1.182898102723211
2023-01-30,259.351,219.2018,1.1831609047006002
2023-01-31,259.3766,219.3093,1.1826976785754184
2023-02-01,259.3934,219.3139,1.1827494746115044
2023-02-02,259.5359,219.4208,1.1828226859076258
2023-02-03,259.6645,219.6006,1.1824398476142597
2023-02-06,259.8558,219.6068,1.1832775669970146
2023-02-07,259.9657,219.5538,1.1840637693358076
2023-02-08,260.1009,219.5779,1.1845495379999536
2023-02-09,260.2153,219.6573,1.1846421675947032
2023-02-10,260.3244,219.7458,1.1846615498453215
2023-02-13,260.5919,219.8112,1.185526033250353
2023-02-14,260.7411,219.8488,1.1860019249593357
2023-02-15,260.8251,219.8374,1.186445527467119
2023-02-16,260.9889,219.864,1.187046992686388
2023-02-17,261.1492,219.867,1.1877598730141405
2023-02-20,261.2842,219.6227,1.1896957828129788
2023-02-21,261.3,219.4825,1.1905277186108234
2023-02-22,261.3994,219.6087,1.1902961950050248
2023-02-23,261.5275,219.569,1.1910948266831838
2023-02-24,261.6633,219.5465,1.1918354426055526
2023-02-27,261.9255,219.5659,1.1929243111065972
2023-02-28,261.9923,219.5615,1.1932524600168974
2023-03-01,262.1497,219.5942,1.193791548228505
2023-03-02,262.2638,219.5584,1.1945058808954703
2023-03-03,262.3741,219.4836,1.1954155116828775
2023-03-06,262.6054,219.7885,1.1948095555499945
2023-03-07,262.713,219.9164,1.1946039495008103
2023-03-08,262.8863,219.9727,1.195086026584208
2023-03-09,263.0333,220.0033,1.1955879752712801
2023-03-10,263.1978,220.1043,1.1957867247482215
2023-03-13,263.4209,220.1493,1.1965557010628696
2023-03-14,263.6035,220.1857,1.1971871924471027
2023-03-15,263.7379,220.1523,1.197979307960898
2023-03-16,263.9213,220.2758,1.1981402405529793
2023-03-17,264.1024,220.3391,1.1986179484258581
2023-03-20,264.3377,220.6403,1.1980481353587717
2023-03-21,264.4873,220.6629,1.1986033900578665
2023-03-22,264.584,220.5512,1.1996488797159117
2023-03-23,264.6847,220.6127,1.1997709107408596
2023-03-24,264.7431,220.5256,1.20050960069942
2023-03-27,264.9139,220.6272,1.2007309162242916
2023-03-28,264.98,220.668,1.2008084543295812
2023-03-29,265.0495,220.752,1.2006663586286874
2023-03-30,265.1585,220.8451,1.2006537613920345
2023-03-31,265.2709,220.8582,1.20109146954924
2023-04-03,265.442,220.9399,1.2014217441032606
2023-04-04,265.5192,220.9144,1.2019098800259287
2023-04-06,265.6388,220.8864,1.2026036913091978
2023-04-07,265.7659,220.8931,1.2031426060841193
2023-04-10,265.9714,221.0408,1.203268355887239
2023-04-11,266.0695,221.1588,1.2030699207989914
2023-04-12,266.2006,221.2659,1.2030800950349785
2023-04-13,266.2586,221.2208,1.2035875469214468
2023-04-14,266.3406,221.2014,1.2040638079144164
2023-04-17,266.5086,221.123,1.2052504714570624
2023-04-18,266.6228,221.1483,1.205628982904232
2023-04-19,266.7143,221.2864,1.2052900675323923
2023-04-20,266.8437,221.2883,1.2058644763414967
2023-04-21,266.987,221.33,1.2062847332038134
2023-04-23,267.0924,221.3808,1.2064840311354914
2023-04-24,267.1722,221.4495,1.2064700981487877
2023-04-25,267.2197,221.5029,1.2063936860420337
2023-04-26,267.3213,221.6353,1.2061314240105254
2023-04-27,267.4134,221.8777,1.2052288265111817
2023-04-28,267.4851,221.8775,1.205553064190826
2023-05-04,267.8397,222.1637,1.2055961437444551
2023-05-05,268.0081,222.3844,1.2051569264750586
2023-05-06,268.1091,222.4818,1.205083292206374
2023-05-08,268.2372,222.3796,1.206213159840201
2023-05-09,268.3054,222.4422,1.2061803021189326
2023-05-10,268.4503,222.6442,1.2057367764352271
2023-05-11,268.5339,222.9496,1.2044601111641375
2023-05-12,268.6643,222.9489,1.2050487802361887
2023-05-15,268.817,222.9677,1.2056320265222271
2023-05-16,268.8518,222.8878,1.206220349431418
2023-05-17,268.9328,222.8776,1.2066389803192423
2023-05-18,268.938,222.7594,1.2073025874553442
2023-05-19,269.0051,222.903,1.2068258390420947
2023-05-22,269.1738,223.1311,1.2063481961949725
2023-05-23,269.2491,223.3826,1.2053270935157887
2023-05-24,269.284,223.3382,1.2057229797679034
2023-05-25,269.3101,223.2669,1.2062249263101694
2023-05-26,269.3081,223.2153,1.206494805687603
2023-05-29,269.4077,223.3073,1.206443766056909
2023-05-30,269.4533,223.4478,1.2058892501962428
2023-05-31,269.5428,223.53,1.2058461951415917
2023-06-01,269.591,223.7414,1.2049222897505782
2023-06-02,269.6095,223.6732,1.205372391506895
2023-06-05,269.6539,223.7311,1.2052589023162181
2023-06-06,269.6925,223.9095,1.2044710027935392
2023-06-07,269.7545,224.0288,1.2041063470410949
2023-06-08,269.815,223.9416,1.20484537040014
2023-06-09,269.8953,224.0669,1.2045299863567533
2023-06-12,270.0408,224.2335,1.2042839272454828
2023-06-13,270.1034,224.3862,1.203743367461992
2023-06-14,270.175,224.5792,1.203027706929226
2023-06-15,270.2067,224.328,1.204516154916016
2023-06-16,270.1122,224.0453,1.2056142217667587
2023-06-19,270.0726,223.8675,1.2063948540989649
2023-06-20,270.0741,223.9535,1.205938286296039
2023-06-21,270.1213,224.1438,1.2051250134958005
2023-06-25,270.2948,224.2918,1.2051033519727428
2023-06-26,270.3222,224.3212,1.205067554916789
2023-06-27,270.3075,224.2195,1.2055485807434232
2023-06-28,270.3119,224.3734,1.204741292862701
2023-06-29,270.361,224.4556,1.2045188447069264
2023-06-30,270.4399,224.6625,1.2037607522394704
2023-07-03,270.559,224.7033,1.2040722143377511
2023-07-04,270.6016,224.781,1.203845520751309
2023-07-05,270.6709,224.8128,1.2039834920431578
2023-07-06,270.7714,224.9082,1.2039196436590576
2023-07-07,270.8556,224.9605,1.204014038020008
2023-07-10,270.9885,224.9928,1.2044318751533383
2023-07-11,271.0712,225.056,1.2044611119010378
2023-07-12,271.1491,225.0138,1.20503320240803
2023-07-13,271.2289,224.9794,1.205572154606155
2023-07-14,271.278,224.9399,1.2060021365707019
2023-07-17,271.4477,225.0876,1.205964699965702
2023-07-18,271.594,225.195,1.206039210462044
2023-07-19,271.6347,225.2439,1.2059580747802716
2023-07-20,271.703,225.2625,1.2061617002386105
2023-07-21,271.8112,225.3713,1.2060595115704618
2023-07-24,271.9771,225.4616,1.2063122944217552
2023-07-25,271.8383,225.0151,1.2080891460173118
2023-07-26,271.8905,225.0766,1.2079909684080885
2023-07-27,271.9706,225.2963,1.2071685154172527
2023-07-28,271.9728,225.2382,1.2074896709350367
2023-07-31,271.962,225.0963,1.208202889163438
2023-08-01,271.9941,225.2544,1.2074973896181385
2023-08-02,272.0642,225.3265,1.207422118570164
2023-08-03,272.1722,225.5524,1.2066916601197768
2023-08-04,272.3363,225.5782,1.20728111138399
2023-08-07,272.4773,225.6486,1.2075293177090398
2023-08-08,272.6039,225.6855,1.2078928420301704
2023-08-09,272.6805,225.7144,1.208077552872125
2023-08-10,272.7982,225.6792,1.208787517857206
2023-08-11,272.9358,225.7334,1.2091068490529093
2023-08-14,273.1495,225.9285,1.2090086022790394
2023-08-15,273.3189,226.1043,1.2088177889584586
2023-08-16,273.4608,226.2981,1.2084096154585477
2023-08-17,273.4963,226.2889,1.2086156236563084
2023-08-18,273.5595,226.3467,1.2085862086789867
2023-08-21,273.7435,226.5512,1.2083074377888972
2023-08-22,273.905,226.5231,1.2091702788810499
2023-08-23,273.9991,226.4748,1.2098436558946073
2023-08-24,274.0811,226.5258,1.20993326146514
2023-08-25,274.1948,226.4402,1.2108927655071846
2023-08-28,274.2072,226.1352,1.2125807923755347
2023-08-29,274.1985,226.1094,1.212680675814451
2023-08-30,274.2474,226.239,1.212202140214552
2023-08-31,274.3065,226.4393,1.2113908672213702
2023-09-01,274.3417,226.2394,1.2126168121025782
2023-09-04,274.2634,225.9093,1.2140420956552032
2023-09-05,274.2933,225.9827,1.2137800813956112
2023-09-06,274.1793,225.7669,1.2144353313085312
2023-09-07,273.9296,225.6148,1.214147298847416
2023-09-08,273.6345,225.5964,1.2129382383761445
2023-09-11,273.44,225.5995,1.212059423890567
2023-09-12,273.4597,225.8334,1.2108913030579178
2023-09-13,273.6526,225.9914,1.2108982908199162
2023-09-14,273.8622,226.0591,1.211462843123767
2023-09-15,274.0214,226.0839,1.2120341165381525
2023-09-18,274.0587,225.8227,1.2136012012964152
2023-09-19,274.0552,225.8129,1.2136383705271045
2023-09-20,274.1056,225.7998,1.2139319875394043
2023-09-21,274.2577,225.9347,1.21388038225204
2023-09-22,274.3295,225.9121,1.2143196402494598
2023-09-25,274.4424,225.814,1.215347144109754
2023-09-26,274.3866,225.6681,1.2158856302685226
2023-09-27,274.4085,225.7077,1.2157693335229591
2023-09-28,274.5038,225.9858,1.2146949056091134
2023-10-07,274.8717,226.2005,1.2151684014845237
2023-10-08,274.8958,226.2436,1.2150434310628015
2023-10-09,274.9868,226.1918,1.2157240006047965
2023-10-10,275.0116,226.0166,1.2167761129049812
2023-10-11,275.0219,225.7977,1.2180013348231626
2023-10-12,275.0249,225.7399,1.2183264899116195
2023-10-13,275.0763,225.9372,1.2174900813146308
2023-10-16,275.2387,226.0148,1.2177906048630442
2023-10-17,275.2515,225.8373,1.2188044224758268
2023-10-18,275.286,225.7746,1.2192957046541109
2023-10-19,275.2288,225.5259,1.220386660689526
2023-10-20,275.194,225.495,1.2203995654005633
2023-10-23,275.2806,225.7471,1.2194203159198944
2023-10-24,275.256,225.6434,1.2198717090772428
2023-10-25,275.3053,225.9627,1.218366128569007
2023-10-26,275.3551,226.1178,1.2177506591696894
2023-10-27,275.4429,226.0823,1.2183302275321863
2023-10-30,275.6114,226.247,1.2181880864718648
2023-10-31,275.6742,226.3989,1.2176481422833767
2023-11-01,275.7751,226.3646,1.2182783880518422
2023-11-02,275.8927,226.5129,1.217999946139933
2023-11-03,275.9969,226.4456,1.2188220923700879
2023-11-06,276.1646,226.4511,1.21953304709052
2023-11-07,276.2583,226.4079,1.2201795962066695
2023-11-08,276.3367,226.3359,1.220914136908904
2023-11-09,276.4642,226.4238,1.2210032690909702
2023-11-10,276.6609,226.4447,1.2217592198006844
2023-11-13,276.8899,226.5811,1.2220344062236437
2023-11-14,277.0313,226.5541,1.2228041778983474
2023-11-15,277.1371,226.6042,1.2230007210810743
2023-11-16,277.2871,226.7208,1.2230333520347494
2023-11-17,277.4374,226.7304,1.2236444693786102
2023-11-20,277.6428,226.7435,1.2244796432973823
2023-11-21,277.7805,226.6973,1.2253366052440855
2023-11-22,277.81,226.6006,1.2259896928781302
2023-11-23,277.8272,226.3891,1.2272110273860357
2023-11-24,277.8368,226.3948,1.2272225333797417
2023-11-27,277.9055,226.3133,1.2279680425321888
2023-11-28,277.9557,226.3731,1.2278654133375386
2023-11-29,277.9979,226.3777,1.2280268772056613
2023-11-30,278.0943,226.5234,1.2276625726083925
2023-12-01,278.1868,226.4976,1.2282108066487238
2023-12-04,278.3128,226.4728,1.228901660596769
2023-12-05,278.3601,226.3974,1.2295198619772134
2023-12-06,278.35,226.3748,1.2295979941230208
2023-12-07,278.4172,226.44,1.229540717187776
2023-12-08,278.465,226.5988,1.2288900029479413
2023-12-11,278.587,226.7853,1.228417362148252
2023-12-12,278.6298,226.8601,1.2282009925941142
2023-12-13,278.7385,227.1462,1.2271325692439494
2023-12-14,278.873,227.2064,1.227399404242134
2023-12-15,279.008,227.3291,1.227330772875096
2023-12-18,279.1869,227.4522,1.2274530648637383
2023-12-19,279.2916,227.3587,1.2284183539050848
2023-12-20,279.3873,227.3324,1.2289814386334723
2023-12-21,279.4912,227.3448,1.2293714217347396
2023-12-22,279.6468,227.5488,1.2289530861072437
2023-12-25,279.8375,227.7009,1.2289696702999418
2023-12-26,279.9771,228.0286,1.2278157213612677
2023-12-27,280.1456,228.2226,1.2275103342087943
2023-12-28,280.3724,228.3912,1.227597210400401
2023-12-29,280.6093,228.3031,1.2291085841585156
2023-12-31,280.6784,228.3763,1.2290171966180379
2024-01-02,280.842,228.1683,1.2308545928597443
2024-01-03,280.9014,228.051,1.2317481615954329
2024-01-04,281.0461,228.1792,1.2316902679998878
2024-01-05,281.1828,228.2645,1.2318288651980487
2024-01-08,281.4024,228.3074,1.232559260015225
2024-01-09,281.5827,228.3818,1.232947196317745
2024-01-10,281.6874,228.3201,1.2337389480821006
2024-01-11,281.7932,228.2745,1.234448876243295
2024-01-12,281.8547,228.2103,1.2350656390180461
2024-01-15,281.983,228.2513,1.2354058881592351
2024-01-16,282.0588,228.213,1.2359453668283578
2024-01-17,282.1631,228.3025,1.2359176969152768
2024-01-18,282.2777,228.429,1.2357349548437369
2024-01-19,282.3907,228.5351,1.2356557045285383
2024-01-22,282.5772,228.7078,1.235538097082828
2024-01-23,282.6596,228.6568,1.2361740389964349
2024-01-24,282.7685,228.6862,1.2364913142988077
2024-01-25,282.9048,229.0035,1.2353732584873158
2024-01-26,283.0104,229.0191,1.235750205987186
2024-01-29,283.2006,229.1566,1.2358387233882857
2024-01-30,283.3981,229.4948,1.2348780887410085
2024-01-31,283.6155,229.6248,1.2351257355477283
2024-02-01,283.7421,229.564,1.2360043386593718
2024-02-02,283.8691,229.5395,1.23668954580802
2024-02-04,283.9754,229.7833,1.2358400284093751
2024-02-05,284.1099,229.705,1.2368468252758973
2024-02-06,284.0945,229.4614,1.2380927685440775
2024-02-07,284.2214,229.5037,1.2384175069944405
2024-02-08,284.2964,229.6092,1.238175125386962
2024-02-09,284.34,229.6231,1.2382900500864242
2024-02-18,284.5769,229.7233,1.238781177181418
2024-02-19,284.6512,229.7642,1.2388840385055637
2024-02-20,284.7998,229.9434,1.238564794640768
2024-02-21,284.9189,230.0979,1.2382507619582794
2024-02-22,285.086,230.2601,1.2381042134525262
2024-02-23,285.2906,230.5274,1.2375561430007886
2024-02-26,285.5313,230.5867,1.2382817395799497
2024-02-27,285.6733,230.6796,1.2383986273602
2024-02-28,285.7717,230.7211,1.2386023644998225
2024-02-29,285.9396,230.8993,1.2383736113535206
2024-03-01,285.9252,230.5826,1.2400120390697302
2024-03-04,286.0707,230.6602,1.240225665285992
2024-03-05,286.1456,230.7299,1.240175633933877
2024-03-06,286.2113,231.2112,1.2378781823717881
2024-03-07,286.3134,231.1739,1.2385195733601415
2024-03-08,286.3879,231.0536,1.2394868549981477
2024-03-11,286.5171,230.9854,1.2404121645783674
2024-03-12,286.4697,230.6656,1.2419264077521746
2024-03-13,286.3796,230.4763,1.2425555252318783
2024-03-14,286.3723,230.4825,1.242490427689738
2024-03-15,286.4163,230.5281,1.242435520875763
2024-03-18,286.5697,230.8356,1.24144499375313
2024-03-19,286.6675,231.0253,1.240848945981241
2024-03-20,286.7756,230.9784,1.2415689086079045
2024-03-21,286.8719,231.0004,1.2418675465497029
2024-03-22,286.9864,231.0858,1.2419040893036266
2024-03-25,287.0954,230.9954,1.242861979069713
2024-03-26,287.1579,231.0238,1.242979727629794
2024-03-27,287.2496,231.2542,1.242137872522964
2024-03-28,287.3509,231.3388,1.2421215118259454
2024-03-29,287.4686,231.3859,1.242377344514078
2024-04-01,287.6278,231.3358,1.2433345811586445
2024-04-02,287.7589,231.5007,1.2430152479020582
2024-04-03,287.9349,231.6255,1.243105357570734
2024-04-07,288.1149,231.6733,1.2436258299942202
2024-04-08,288.2223,231.7867,1.2434807519154465
2024-04-09,288.4126,231.9924,1.243198484088272
2024-04-10,288.5832,232.0038,1.243872729670807
2024-04-11,288.7229,232.1923,1.2434645765600323
2024-04-12,288.9002,232.4553,1.2428204476301465
2024-04-15,289.132,232.423,1.2439904828695956
2024-04-16,289.2185,232.3588,1.244706462591475
2024-04-17,289.3684,232.4698,1.2447569533763096
2024-04-18,289.5234,232.6597,1.2444071749426309
2024-04-19,289.6807,232.811,1.2442741107593713
2024-04-22,289.9141,232.9371,1.2446025128672076
2024-04-23,290.1218,233.1321,1.244452394157647
2024-04-24,290.0843,232.9094,1.2454812901497319
2024-04-25,290.0613,232.9757,1.2450281295431243
2024-04-26,289.9774,232.6476,1.2464233458673117
2024-04-28,289.9797,232.3406,1.248080189170554
2024-04-29,289.7256,231.9531,1.2490697472894303
2024-04-30,289.8811,232.4679,1.2469725927751747
2024-05-06,290.1207,232.7813,1.2463230508636218
2024-05-07,290.381,233.0399,1.2460570056887252
2024-05-08,290.5655,232.9905,1.2471130797178425
2024-05-09,290.6039,232.833,1.2481216150631569
2024-05-10,290.652,232.8197,1.2483995125842013
2024-05-11,290.6673,232.6182,1.2495466820738876
2024-05-13,290.8265,232.995,1.2482091890383915
2024-05-14,290.9703,233.1794,1.2478387885036157
2024-05-15,291.0844,233.1678,1.2483902151154662
2024-05-16,291.0979,233.1055,1.2487817747757988
2024-05-17,291.119,233.1203,1.2487930051565652
2024-05-20,291.2716,233.2422,1.248794600634019
2024-05-21,291.3147,233.1278,1.249592283717343
2024-05-22,291.4465,233.224,1.2496419750969026
2024-05-23,291.5688,233.354,1.2494699040942088
2024-05-24,291.617,233.3028,1.2499507078354826
2024-05-27,291.7412,233.3054,1.2504691275898459
2024-05-28,291.8333,233.409,1.2503086856119516
2024-05-29,291.9663,233.5517,1.250114214540078
2024-05-30,292.0769,233.5654,1.2505144169470308
2024-05-31,292.1442,233.5473,1.2508994965901983
2024-06-03,292.3049,233.763,1.2504327032079499
2024-06-04,292.3781,233.7993,1.2505516483582289
2024-06-05,292.4758,233.9348,1.250244940043123
2024-06-06,292.5911,233.9962,1.2504096220365972
2024-06-07,292.6894,233.9707,1.2509660397648081
2024-06-11,292.8304,234.0755,1.2510083285093911
2024-06-12,292.9015,234.0827,1.2512735883514674
2024-06-13,292.965,234.0874,1.251519731519082
2024-06-14,293.0716,234.0862,1.2519815350071897
2024-06-17,293.193,234.1066,1.2523910047815825
2024-06-18,293.2714,234.1829,1.2523177396812493
2024-06-19,293.2912,234.3441,1.2515407898043944
2024-06-20,293.3485,234.4882,1.2510160425983055
2024-06-21,293.3731,234.3813,1.2516915811969642
2024-06-24,293.4453,234.4911,1.2514133798681484
2024-06-25,293.5242,234.6933,1.2506714081739871
2024-06-26,293.5714,234.8091,1.2502556331930916
2024-06-27,293.6503,234.9759,1.249703905804808
2024-06-28,293.7617,235.0573,1.249745062161439
2024-07-01,293.8298,234.9995,1.250342234770712
2024-07-02,293.8602,235.0183,1.2503715668099038
2024-07-03,293.9169,235.2412,1.2494278213170142
2024-07-04,294.0168,235.2344,1.2498886217321956
2024-07-05,294.0622,235.0576,1.2510218771909525
2024-07-08,294.0594,234.7469,1.2526657434027881
2024-07-09,294.1332,234.9764,1.251756346594807
2024-07-10,294.2334,235.0109,1.2519989498359438
2024-07-11,294.3633,235.0753,1.2522085476440952
2024-07-12,294.4691,235.1816,1.252092425597921
2024-07-15,294.6309,235.2921,1.2521920625469363
2024-07-16,294.7127,235.3429,1.2522693482573726
2024-07-17,294.7714,235.3749,1.2523484874555444
2024-07-18,294.8265,235.3492,1.2527193633970288
2024-07-19,294.8805,235.3929,1.252716203419899
2024-07-22,295.0383,235.788,1.2512863250038169
2024-07-23,295.1701,236.0405,1.250506163137258
2024-07-24,295.2606,236.0613,1.250779352651197
2024-07-25,295.4044,236.1175,1.251090664605546
2024-07-26,295.5154,236.1259,1.2515162462059435
2024-07-29,295.6775,236.1947,1.2518379963648634
2024-07-30,295.8403,236.2584,1.2521895517789
2024-07-31,295.9519,236.4975,1.2513954692967157
2024-08-01,296.1023,236.6397,1.2512790541908225
2024-08-02,296.2118,236.7387,1.2512183263657357
2024-08-05,296.3812,236.8155,1.2515278771870928
2024-08-06,296.4108,236.6975,1.2522768512552942
2024-08-07,296.49,236.803,1.2520533945938186
2024-08-08,296.4334,236.6617,1.2525617791133927
2024-08-09,296.2565,236.3807,1.253302405822472
2024-08-12,295.9083,235.923,1.2542579570453072
2024-08-13,295.9257,236.1444,1.2531556962604238
2024-08-14,296.1401,236.4725,1.2523236317119328
2024-08-15,296.2108,236.2266,1.2539265264792365
2024-08-16,296.2669,236.1559,1.2545394800638054
2024-08-19,296.3253,236.1812,1.2546523601370474
2024-08-20,296.2958,236.2073,1.2543888355694341
2024-08-21,296.1778,236.1022,1.2544474384397941
2024-08-22,296.1549,236.2532,1.2535487350012613
2024-08-23,296.0099,236.303,1.2526709351976066
2024-08-26,295.8477,236.4764,1.251066491201659
2024-08-27,295.5276,236.2525,1.2508972391826543
2024-08-28,295.5291,236.2895,1.2507077123613195
2024-08-29,295.5979,236.3494,1.2506818295286553
2024-08-30,295.6693,236.3369,1.251050089935173
2024-09-02,295.8639,236.7342,1.2497725296978637
2024-09-03,295.9728,236.8765,1.249481480856058
2024-09-04,296.0391,237.0156,1.2490279120867993
2024-09-05,296.1104,237.0603,1.2490931632162787
2024-09-06,296.157,237.0328,1.2494346773948584
2024-09-09,296.2531,237.1546,1.2491982023540764
2024-09-10,296.2357,237.2084,1.2488415250050167
2024-09-11,296.207,237.4057,1.2476827641459325
2024-09-12,296.1759,237.4635,1.2472481033927318
2024-09-13,296.1617,237.507,1.2469598790772483
2024-09-14,296.2359,237.633,1.2466109504992993
2024-09-18,296.3174,237.648,1.2468752103952065
2024-09-19,296.2971,237.6082,1.2469986305186436
2024-09-20,296.2489,237.5943,1.2468687169683783
2024-09-23,296.2603,237.7115,1.2463019248122198
2024-09-24,296.2291,237.7311,1.246067931372883
2024-09-25,296.25,238.0438,1.2445188658557795
2024-09-26,296.2401,238.1786,1.2437729502146708
2024-09-27,295.9309,237.3321,1.246906339260471
2024-09-29,295.2432,236.4223,1.2487959046164427
2024-09-30,294.9366,237.1357,1.2437460913729985
2024-10-08,294.4963,236.7749,1.2437817522043089
2024-10-09,293.555,236.7419,1.2399790658096435
2024-10-10,293.6819,237.2717,1.2377451672491915
2024-10-11,294.0684,237.62,1.2375574446595403
2024-10-12,294.5545,237.5947,1.2397351456072043
2024-10-14,295.0888,237.7501,1.2411721383082488
2024-10-15,295.5015,237.764,1.2428353325145944
2024-10-16,295.654,237.7698,1.243446392266806
2024-10-17,295.8328,237.8114,1.2439807343129894
2024-10-18,295.9757,237.8423,1.2444199370759534
2024-10-21,296.0502,237.7144,1.2454028868255351
2024-10-22,295.9563,237.5304,1.245972305018642
2024-10-23,295.673,237.3123,1.2459236204781632
2024-10-24,295.6319,237.3959,1.2453117345329046
2024-10-25,295.511,237.4067,1.2447458306779042
2024-10-28,295.4152,237.5338,1.2436764788842682
2024-10-29,295.2965,237.5571,1.2430548276603814
2024-10-30,295.1981,237.5579,1.2426364267405967
2024-10-31,295.1813,237.6089,1.2422990047931708
2024-11-01,295.3053,237.8102,1.2417688560036533
2024-11-04,295.4339,237.917,1.2417519555138976
2024-11-05,295.4017,237.9103,1.2416515804485977
2024-11-06,295.4413,237.9267,1.2417324327198251
2024-11-07,295.4882,238.0551,1.241259691558803
2024-11-08,295.525,238.0626,1.2413751677079894
2024-11-11,295.6585,238.1236,1.241617798487844
2024-11-12,295.7781,238.2487,1.2414678443156246
2024-11-13,295.9093,238.2574,1.241973176908671
2024-11-14,296.0233,238.262,1.2424276636643694
2024-11-15,296.1426,238.3112,1.24267176700046
2024-11-18,296.2481,238.2621,1.2433706409873833
2024-11-19,296.3389,238.268,1.243720936088774
2024-11-20,296.4615,238.307,1.2440318580654366
2024-11-21,296.5532,238.3988,1.243937469483907
2024-11-22,296.7191,238.4275,1.2444835432154429
2024-11-25,296.8998,238.5322,1.2446948462304044
2024-11-26,297.0604,238.5775,1.2451316658109002
2024-11-27,297.2116,238.5971,1.2456630864331544
2024-11-28,297.3241,238.693,1.2456339314516973
2024-11-29,297.5019,238.9307,1.2451388624400295
2024-12-02,297.8757,239.5547,1.2434558787617191
2024-12-03,298.0375,239.527,1.2442751756586943
2024-12-04,298.259,239.6589,1.2445145997081686
2024-12-05,298.4052,239.6708,1.2450628111559687
2024-12-06,298.5425,239.6628,1.2456772598834696
2024-12-09,298.6911,239.8127,1.245518273219058
2024-12-10,298.9718,240.3841,1.24372535454716
2024-12-11,299.0113,240.426,1.2436728972740054
2024-12-12,299.0901,240.7338,1.242410081176802
2024-12-13,299.2872,241.2622,1.240505972340466
2024-12-16,299.4959,241.5407,1.2399396871831538
2024-12-17,299.4656,241.4038,1.2405173406549523
2024-12-18,299.4332,241.4291,1.2402531426410486
2024-12-19,299.3855,241.5502,1.2394338733729056
2024-12-20,299.4864,241.9816,1.237641209083666
2024-12-23,299.6193,242.2228,1.2369574623033008
2024-12-24,299.5366,242.1484,1.2369959908882322
2024-12-25,299.5068,241.9005,1.2381404751127014
2024-12-26,299.4924,241.8841,1.2381648897137099
2024-12-27,299.6268,242.1593,1.2373127936858093
2024-12-30,299.7009,242.1236,1.2378012717471572
2024-12-31,299.8136,242.1428,1.2381685517801893
2025-01-02,300.0919,242.2929,1.2385501184723118
2025-01-03,300.301,242.5081,1.2383132769585838
2025-01-06,300.4824,242.4874,1.2391670660001302
2025-01-07,300.5434,242.2706,1.2405277404687156
2025-01-08,300.6109,242.1318,1.2415176362625646
2025-01-09,300.6028,241.89,1.2427252056719997
2025-01-10,300.4866,241.6864,1.2432913064202207
2025-01-13,300.4504,241.5038,1.2440814595877994
2025-01-14,300.3817,241.7608,1.2424747932667333
2025-01-15,300.3915,241.9086,1.2417561839471603
2025-01-16,300.2664,241.7089,1.2422645587315981
2025-01-17,300.2095,241.7358,1.2418909404399348
2025-01-20,300.1426,241.709,1.2417518586399348
2025-01-21,300.1418,241.8084,1.2412381042180503
2025-01-22,300.1767,241.8962,1.2409318542416128
2025-01-23,300.1419,241.6932,1.241830138373773
2025-01-24,300.0424,241.5349,1.2422320749506592
2025-01-26,300.0939,241.6511,1.241847854199712
2025-01-27,300.3237,241.9118,1.2414594906077339
2025-02-05,300.549,242.1462,1.2411881747473221
2025-02-06,300.7057,242.3286,1.2409005788008514
2025-02-07,300.8057,242.3961,1.2409675733231682
2025-02-08,300.8554,242.3175,1.2415752060829284
2025-02-10,300.8431,242.1199,1.2425376848412708
2025-02-11,300.8378,242.0066,1.243097502299524
2025-02-12,300.8867,242.021,1.2432255878622105
2025-02-13,300.9479,241.904,1.2440798829287651
2025-02-14,300.8783,241.6318,1.2451933065101533
2025-02-17,300.8607,241.4746,1.2459310420226393
2025-02-18,300.7054,241.2093,1.2466575708316388
2025-02-19,300.6939,241.3742,1.2457582459102918
2025-02-20,300.6146,241.2107,1.2462739007846666
2025-02-21,300.4234,240.7998,1.247606517945613
2025-02-24,300.1958,240.4039,1.2487143511398944
2025-02-25,300.036,240.3285,1.2484411961128206
2025-02-26,300.074,240.4393,1.2480239295323186
2025-02-27,299.9277,240.1713,1.2488074137084657
2025-02-28,299.8383,240.1922,1.2483265484890849
2025-03-03,299.9375,240.6424,1.246403376961001
2025-03-04,300.0242,240.8081,1.245905764797779
2025-03-05,300.066,240.7849,1.2461994086838502
2025-03-06,300.0535,240.5458,1.2473861526578305
2025-03-07,299.7302,240.0896,1.248409760356134
2025-03-10,299.6605,240.0117,1.2485245510948009
2025-03-11,299.4623,239.5765,1.2499652511828163
2025-03-12,299.5087,239.8706,1.248626134257387
2025-03-13,299.7055,240.0831,1.2483406787066644
2025-03-14,299.8136,240.174,1.2483183025639744
2025-03-17,299.8224,239.972,1.2494057640058007
2025-03-18,299.8987,240.0104,1.2495237706366058
2025-03-19,300.0279,240.0846,1.249675739301896
2025-03-20,300.2399,240.3302,1.2492807811918767
2025-03-21,300.4149,240.3,1.2501660424469412
2025-03-24,300.6331,240.2854,1.2511500906838284
2025-03-25,300.7885,240.4271,1.2510590528272396
2025-03-26,300.948,240.4032,1.2518468972126826
2025-03-27,301.0856,240.4959,1.2519365194999166
2025-03-28,301.1792,240.5233,1.2521830525358664
2025-03-31,301.2721,240.5532,1.252413603311035
2025-04-01,301.3069,240.5612,1.2525166153145226
2025-04-02,301.4071,240.6858,1.252284513668858
2025-04-03,301.7791,241.326,1.2505038827146682
2025-04-07,302.2679,241.9471,1.2493140029370056
2025-04-08,302.2426,241.5774,1.25112117275871
2025-04-09,302.2193,241.5525,1.2511536829467713
2025-04-10,302.2092,241.6032,1.2508493264989868
2025-04-11,302.2372,241.8956,1.2494530698367394
2025-04-14,302.3145,241.8082,1.2502243513660827
2025-04-15,302.3257,241.7761,1.2504366643353084
2025-04-16,302.3128,241.8064,1.250226627583058
2025-04-17,302.3195,241.7987,1.2502941496376945
2025-04-18,302.3542,241.7208,1.2508406392830076
2025-04-21,302.3915,241.6477,1.2513733836490064
2025-04-22,302.4226,241.6937,1.2512638931010613
2025-04-23,302.3399,241.5869,1.2514747281413023
2025-04-24,302.3238,241.6015,1.2513324627537497
2025-04-25,302.3267,241.5997,1.251353788932685
2025-04-27,302.4001,241.595,1.2516819470601628
2025-04-28,302.3901,241.6476,1.2513681079389989
2025-04-29,302.4505,241.7929,1.2508659269978564
2025-04-30,302.4956,241.9382,1.2503011099528725
2025-05-06,302.6557,242.0312,1.2504821692409904
2025-05-07,302.6775,242.1172,1.250128037165472
2025-05-08,302.8437,242.3607,1.2495577872155015
2025-05-09,303.0107,242.4941,1.2495590614369585
2025-05-12,303.088,242.4065,1.2503295084909027
2025-05-13,303.1649,242.4103,1.2506271391933428
2025-05-14,303.247,242.3166,1.2514495498863885
2025-05-15,303.3452,242.188,1.25251953028226
2025-05-16,303.3482,241.9725,1.253647418611619
2025-05-19,303.4494,242.0971,1.2534202185817178
2025-05-20,303.5801,242.1918,1.2534697706528464
2025-05-21,303.6583,242.1494,1.2540121924729113
2025-05-22,303.7872,242.2024,1.2542699824609498
2025-05-23,303.8838,242.1832,1.2547682911118525
2025-05-26,304.0442,242.2831,1.2549129510064878
2025-05-27,304.1095,242.2229,1.2554944226990925
2025-05-28,304.1156,242.1244,1.2560303711645748
2025-05-29,304.0289,241.9424,1.2566168641792428
2025-05-30,304.1109,242.1213,1.2560270409914371
2025-06-03,304.2088,242.1285,1.2563940221824361
2025-06-04,304.2239,242.1413,1.2563899673455128
2025-06-05,304.2797,242.2553,1.2560290734609314
2025-06-06,304.3455,242.4282,1.2554046930183864
2025-06-09,304.4685,242.5428,1.2553186489147483
2025-06-10,304.559,242.5072,1.255876114193723
2025-06-11,304.6204,242.5302,1.2560101793508602
2025-06-12,304.647,242.5135,1.256206355522476
2025-06-13,304.6945,242.4893,1.2565276076099028
2025-06-16,304.7995,242.5441,1.2566766208701843
2025-06-17,304.8698,242.642,1.2564593104244113
2025-06-18,304.9585,242.7244,1.2563982030648753
2025-06-19,305.0278,242.7633,1.2564823430889267
2025-06-20,305.0843,242.7765,1.2566467512300408
2025-06-23,305.1725,242.8436,1.2566627244860478
2025-06-24,305.1358,242.7833,1.2568236777406026
2025-06-25,305.1486,242.787,1.2568572452396545
2025-06-26,305.1229,242.7985,1.2566918658887927
2025-06-27,305.1505,242.8667,1.2564526137177308
2025-06-30,305.2056,242.854,1.2567452049379462
2025-07-01,305.3039,242.8757,1.2570376534169536
2025-07-02,305.3753,242.9949,1.256714852863167
2025-07-03,305.542,243.0751,1.2569860096735535
2025-07-04,305.6816,243.0929,1.2574682353947813
2025-07-07,305.7879,243.1055,1.257840320354743
2025-07-08,305.7732,242.999,1.2583311042432272
2025-07-09,305.8172,242.9391,1.2588224785553253
2025-07-10,305.7814,242.8439,1.2591685440729623
2025-07-11,305.696,242.7305,1.2594049779487952
2025-07-14,305.7102,242.6835,1.2597073966709726
2025-07-15,305.7581,242.8597,1.258990684745143
2025-07-16,305.8591,242.9036,1.2591789500032111
2025-07-17,305.9032,242.9042,1.259357392749899
2025-07-18,305.9582,242.8787,1.2597160640270224
2025-07-21,305.9471,242.8278,1.2599344061923716
2025-07-22,305.9198,242.7496,1.2602278232384319
2025-07-23,305.759,242.4839,1.2609455720565366
2025-07-24,305.5703,242.2311,1.2614825263973122
2025-07-25,305.4421,242.1467,1.2613927837959384
2025-07-28,305.5577,242.3798,1.260656622375297
2025-07-29,305.464,242.2385,1.261005166395928
2025-07-30,305.4722,242.2386,1.2610384967548525
2025-07-31,305.599,242.4984,1.260210376645784
2025-08-01,305.6886,242.4957,1.26059389919079
2025-08-04,305.7748,242.5585,1.2606229012794852
2025-08-05,305.8848,242.4663,1.2615559358145854
2025-08-06,305.9877,242.5251,1.2616743586540116
2025-08-07,306.0302,242.6066,1.2614256990535295
2025-08-08,306.0581,242.6881,1.2611170469421453
2025-08-11,306.0818,242.6464,1.2614314492199348
2025-08-12,305.9868,242.483,1.2618896994840876
2025-08-13,305.9743,242.4529,1.2619948039392395
2025-08-14,305.9355,242.4735,1.261727570229324
2025-08-15,305.895,242.3687,1.2621060392699222
2025-08-18,305.6417,241.9283,1.2633565399335258
2025-08-19,305.4968,241.8943,1.2629350918975768
2025-08-20,305.4783,241.9434,1.2626023276518392
2025-08-21,305.4741,241.9145,1.2627358012851648
2025-08-22,305.473,241.9552,1.2625188464641388
2025-08-25,305.5741,242.0229,1.2625834166932137
2025-08-26,305.5943,242.1571,1.2619671279512348
2025-08-27,305.6241,242.1031,1.262371692060118
2025-08-28,305.6329,242.079,1.262533718331619
2025-08-29,305.6435,242.0659,1.2626458332214492
2025-09-01,305.7271,242.1698,1.2624493227479232
2025-09-02,305.7211,242.288,1.2618086739747736
2025-09-03,305.8043,242.4631,1.26124057640111
2025-09-04,305.907,242.5808,1.2610519876263908
2025-09-05,305.9367,242.3982,1.2621244712213209
2025-09-08,305.9232,242.2215,1.2629894538676378
2025-09-09,305.907,242.1086,1.263511498558911
2025-09-10,305.8679,241.9098,1.2643882141194778
2025-09-11,305.8284,241.8393,1.264593471780641
2025-09-12,305.8215,241.9236,1.2641242937853108
2025-09-15,305.9236,242.0908,1.2636729689851907
2025-09-16,305.9504,242.1577,1.2634345304733237
2025-09-17,305.9804,242.3789,1.2624052671251498
2025-09-18,305.9861,242.3836,1.2624043045816633
2025-09-19,305.9723,242.3185,1.2626865055701484
2025-09-22,306.0097,242.3662,1.2625923086635018
2025-09-23,305.9223,242.2755,1.262704235467474
2025-09-24,305.806,242.1236,1.2630160793908565
2025-09-25,305.6156,241.9539,1.263114998352992
2025-09-26,305.6239,242.0776,1.2625038417433088
2025-09-28,305.6472,242.1657,1.2621407573409447
2025-09-29,305.6518,242.1663,1.2621566254264114
2025-09-30,305.6423,242.2428,1.261718820951541
2025-10-09,305.889,242.4358,1.2617319719282383
2025-10-10,305.9011,242.4438,1.261740246605605
2025-10-11,306.0372,242.6301,1.2613323738480922
2025-10-13,306.1057,242.5488,1.262037577592633
2025-10-14,306.1421,242.444,1.2627332497401464
2025-10-15,306.1801,242.4748,1.2627295702481247
2025-10-16,306.2504,242.4704,1.2630424167238559
2025-10-17,306.3709,242.5735,1.2630023477420247
2025-10-20,306.4759,242.5447,1.263585227795124
2025-10-21,306.5856,242.5488,1.2640161485028991
2025-10-22,306.6936,242.6018,1.2641851791701464
2025-10-23,306.7975,242.6102,1.264569667722132
2025-10-24,306.8862,242.5952,1.265013487488623
2025-10-27,306.9943,242.6748,1.2650440012724848
2025-10-28,307.1901,242.9921,1.2641978895610186
2025-10-29,307.3398,243.0543,1.2644902805669351
2025-10-30,307.4525,243.1939,1.2642278445306399
2025-10-31,307.5962,243.3669,1.2639196209509183
2025-11-03,307.7442,243.427,1.2642155553821064
2025-11-04,307.8325,243.3729,1.264859398889523
2025-11-05,307.8856,243.4109,1.264880085485079
2025-11-06,307.9072,243.306,1.2655142084453321
2025-11-07,307.9158,243.1978,1.2661126046370486
2025-11-10,307.9846,243.2068,1.266348638278206
2025-11-11,308.0372,243.3158,1.2659975225612146
2025-11-12,308.0706,243.3892,1.2657529586357983
2025-11-13,308.0991,243.4455,1.2655773058035578
2025-11-14,308.1152,243.4885,1.2654199274298377
2025-11-17,308.1816,243.5928,1.2651506941091855
2025-11-18,308.2498,243.5887,1.2654519688310666
2025-11-19,308.2862,243.5806,1.2656434872071092
2025-11-20,308.283,243.6162,1.2654454014141918
2025-11-21,308.2534,243.6292,1.2652563814189761
2025-11-24,308.2619,243.6589,1.2651370419877954
2025-11-25,308.2395,243.6273,1.2652091945360804
2025-11-26,308.1616,243.4836,1.2656359606971477
2025-11-27,308.0688,243.4324,1.2655209413373076
2025-11-28,308.0947,243.4611,1.2654781400396202
2025-12-01,308.143,243.5608,1.2651584327198793
2025-12-02,308.151,243.5428,1.2652847877251967
2025-12-03,308.1204,243.4896,1.2654355668578865
2025-12-04,307.9681,243.2812,1.2658935421232713
2025-12-05,307.9461,243.262,1.2659030181450452
2025-12-08,307.9387,243.3333,1.2655016802057095
2025-12-09,307.9807,243.4317,1.2651626719116698
2025-12-10,307.9964,243.4975,1.264885265762482
2025-12-11,308.0639,243.6437,1.2644033069601226
2025-12-12,308.1023,243.666,1.2644451831605559
2025-12-15,308.1237,243.5558,1.2651051627594168
2025-12-16,308.138,243.5398,1.2652469945364164
2025-12-17,308.1742,243.6653,1.2647438925444041
2025-12-18,308.2001,243.7704,1.2643048540758026
2025-12-19,308.266,243.8703,1.2640571648126075
2025-12-22,308.3446,243.9185,1.2641296170647163
2025-12-23,308.3914,243.9674,1.2640680681107392
2025-12-24,308.4229,244.0155,1.2639479869106676
2025-12-25,308.4883,244.0302,1.264139848264682
2025-12-26,308.508,244.0227,1.26425943160206
2025-12-29,308.5507,243.9822,1.2646443060190455
2025-12-30,308.5665,243.8749,1.2652655111288618
2025-12-31,308.588,243.8358,1.265556575367522
2026-01-04,308.7239,243.9854,1.2653375980693928
2026-01-05,308.7069,243.9114,1.2656517899532373
2026-01-06,308.6933,243.6974,1.2667074002430885
2026-01-07,308.7046,243.6038,1.267240494606406
2026-01-08,308.7379,243.7001,1.2668763779744039
2026-01-09,308.7513,243.7562,1.2666397818804198
2026-01-12,308.8295,243.8622,1.2664098823023822
2026-01-13,308.8752,243.8941,1.2664316192970637
2026-01-14,308.91,243.938,1.2663463666997354
2026-01-15,308.9489,244.0403,1.2659749229942758
2026-01-16,309.0407,244.0958,1.2660631604476604
2026-01-19,309.1539,244.2011,1.265980783870343
2026-01-20,309.222,244.2526,1.2659926649706081
2026-01-21,309.3346,244.2957,1.2662302283666884
2026-01-22,309.3973,244.289,1.2665216198846447
2026-01-23,309.4892,244.3338,1.266665520693412
2026-01-26,309.6245,244.4103,1.266822633907
2026-01-27,309.6842,244.3798,1.2672250325108703
2026-01-28,309.7317,244.4031,1.2672985735450981
2026-01-29,309.7558,244.4808,1.2669943815628877
2026-01-30,309.8039,244.4633,1.2672818373964516
2026-02-02,309.8771,244.5402,1.2671826554488792
2026-02-03,309.9112,244.5368,1.2673397214652355
2026-02-04,309.9493,244.5755,1.2672949661760886
2026-02-05,309.9856,244.6494,1.2670605364247776
2026-02-06,310.0521,244.7802,1.266655146127015
2026-02-09,310.1659,244.9034,1.2664826213110967
2026-02-10,310.2415,244.9072,1.266771658816074
2026-02-11,310.2706,244.9242,1.2668025454405893
2026-02-12,310.3273,244.954,1.266879903981972
2026-02-13,310.4004,244.9889,1.2669978109212294
2026-02-14,310.4269,244.9177,1.2674743393392964
2026-02-24,310.6693,245.1114,1.2674616521304192
2026-02-25,310.7073,245.0606,1.2678794551225288
2026-02-26,310.6891,244.9442,1.2684076618266529
2026-02-27,310.7149,244.9461,1.2685031523261647
2026-02-28,310.7439,245.0302,1.268186125628596
2026-03-02,310.8291,245.1248,1.2680442778535668
2026-03-03,310.8755,245.2217,1.2677324233540506
2026-03-04,310.9217,245.3298,1.2673621386394966
2026-03-05,310.9615,245.3956,1.2671844971955488
2026-03-06,311.0366,245.3751,1.267596426858308
2026-03-09,311.0333,245.2619,1.268168027728726
2026-03-10,311.0592,245.2329,1.268423608740915
2026-03-11,311.0833,245.2449,1.2684598130277123
2026-03-12,311.09,245.3218,1.2680895052946781
2026-03-13,311.1557,245.468,1.2676018870076753
2026-03-16,311.183,245.4742,1.2676810842035537
2026-03-17,311.2476,245.5466,1.2675703919337509
2026-03-18,311.3308,245.6708,1.2672682304938152
2026-03-19,311.4428,245.7783,1.2671696402815056
2026-03-20,311.485,245.7951,1.2672547174455473
2026-03-23,311.5382,245.7985,1.2674536256323778
2026-03-24,311.6189,245.7849,1.2678520934361712
2026-03-25,311.6655,245.7738,1.2680989592869543
2026-03-26,311.7369,245.8,1.268254271765663
2026-03-27,311.8056,245.8422,1.2683160173477135
2026-03-30,311.888,246.0364,1.2676498274239096
2026-03-31,311.96,246.074,1.2677487259929938
2026-04-01,312.0095,245.9883,1.2683916267562318
2026-04-02,312.0755,245.9859,1.2686723100795614
2026-04-03,312.1643,246.1195,1.2683444424354837
2026-04-07,312.2897,246.2167,1.268353040228384
2026-04-08,312.3966,246.1346,1.2692104238900177
2026-04-09,312.4176,246.0823,1.2695655071494374
2026-04-10,312.4857,246.0604,1.2699552630167228
2026-04-13,312.5359,246.113,1.2698878157594278
2026-04-14,312.5655,246.1265,1.2699384259720103
2026-04-15,312.5966,246.2115,1.2696263172110158
2026-04-16,312.6308,246.3418,1.269093592723606
2026-04-17,312.6397,246.4558,1.2685426758063718
2026-04-20,312.7282,246.5639,1.268345447164001
2026-04-21,312.7915,246.5929,1.268452984656087
2026-04-22,312.8414,246.6954,1.2681282261444682
2026-04-23,312.8541,246.709,1.2681097973726132
2026-04-24,312.8739,246.6951,1.2682615098556882
2026-04-27,312.9153,246.5983,1.268927239157772
2026-04-28,312.9735,246.6762,1.2687624505323174
2026-04-29,313.021,246.8074,1.2682804486413293
2026-04-30,313.0334,246.7817,1.2684627749950663
2026-05-06,313.0757,246.7474,1.268810532552724
2026-05-07,313.0572,246.8318,1.2683017342173903
2026-05-08,313.0709,246.9248,1.2678795325540406
2026-05-09,313.0307,246.9475,1.2676001984227419
2026-05-11,313.0777,246.999,1.2675261843165357
2026-05-12,313.1705,247.1261,1.2672497967636764
2026-05-13,313.2152,247.2268,1.266914428371034
2026-05-14,313.261,247.2654,1.26690187951893
2026-05-15,313.3399,247.2805,1.267143587949717
2026-05-18,313.4539,247.3218,1.2673929269478064
2026-05-19,313.4965,247.4199,1.2670625927825532
2026-05-20,313.5672,247.4671,1.2671066174048995
2026-05-21,313.6309,247.4411,1.2674971942817908
2026-05-22,313.67,247.3782,1.2679775339945072
2026-05-25,313.7631,247.4643,1.267912583754505
2026-05-26,313.8476,247.5988,1.2675651093624039
2026-05-27,313.8972,247.8161,1.2666537807672704
2026-05-28,313.9639,247.9425,1.2662770602054914
2026-05-29,314.054,247.9461,1.2666220601977607
2026-06-01,314.1497,248.0279,1.2665901698962092
2026-06-02,314.2428,248.0173,1.2670196796755708
2026-06-03,314.3104,247.9726,1.267520685753184
2026-06-04,314.3842,248.0014,1.2676710695988007
2026-06-05,314.4422,247.9825,1.2680015726916216
2026-06-08,314.4547,247.9246,1.2683481187425532
2026-06-09,314.3871,247.8432,1.268491933609637
2026-06-10,314.3526,247.7718,1.2687182318568941
2026-06-11,314.2154,247.6366,1.2688568652614356
2026-06-12,314.1786,247.5992,1.2688998995150227
2026-06-15,314.2305,247.6191,1.26900752001764
2026-06-16,314.2589,247.7206,1.2686022074869834
2026-06-17,314.3198,247.8822,1.2680208582947867
2026-06-18,314.3734,247.9862,1.2677052190807392
2026-06-22,314.4566,248.0366,1.2677830610482486
2026-06-23,314.4339,247.9809,1.26797628365733
2026-06-24,314.475,248.0183,1.2679507923407265
2026-06-25,314.5333,248.1408,1.2675597886361292
2026-06-26,314.5737,248.1912,1.2674651639542416
2026-06-29,314.645,248.358,1.2669010058061345
2026-06-30,314.6524,248.3923,1.2667558535429642
2026-07-01,314.564,248.22,1.2672790266698897
2026-07-02,314.5809,248.1968,1.2674655757044408
2026-07-03,314.6082,248.2203,1.2674555626594601
2026-07-06,314.6725,248.3409,1.2670989756419502
2026-07-07,314.7177,248.3543,1.2672126071503493
2026-07-08,314.7423,248.3495,1.2673361532839809
2026-07-09,314.7617,248.3476,1.2674239654419854
2026-07-10,314.8116,248.3074,1.2678301170243014
2026-07-13,314.8614,248.3122,1.2680061632090571
2026-07-14,314.8899,248.2976,1.268195504104752
2026-07-15,314.9056,248.3433,1.2680253503919776
2026-07-16,314.9317,248.3294,1.2682014292306911
2026-07-17,314.9996,248.3164,1.2685412642902363
2026-07-20,315.0453,248.3508,1.268549567788789
2026-07-21,315.0669,248.3526,1.2686273467642375
2026-07-22,315.098,248.3956,1.2685329369763394
2026-07-23,315.1326,248.3907,1.2686972579891276
2026-07-24,315.1516,248.343,1.2690174476429776
2026-07-27,315.2116,248.3708,1.2691169815453345
2026-07-28,315.1993,248.3454,1.2691972551132413
2026-07-29,315.2182,248.3587,1.2692053872080986
2026-07-30,315.229,248.4149,1.268961724920687
2026-07-31,315.2717,248.4751,1.2688261318739786
