date,hf_credit_factor,credit_spread_decimal
2020-01-02,0.929513,0.008282
2020-01-03,0.925695,0.008209
2020-01-06,0.923604,0.008003
2020-01-07,0.925404,0.007838
2020-01-08,0.924450,0.007759
2020-01-09,0.923916,0.007771
2020-01-10,0.927008,0.007667
2020-01-13,0.924584,0.007397
2020-01-14,0.922060,0.007123
2020-01-15,0.921151,0.007260
2020-01-16,0.921535,0.007052
2020-01-17,0.922170,0.007145
2020-01-19,0.925309,0.007193
2020-01-20,0.925394,0.007498
2020-01-21,0.927585,0.007241
2020-01-22,0.927828,0.007176
2020-01-23,0.929854,0.007233
2020-02-03,0.935994,0.007925
2020-02-04,0.934008,0.007878
2020-02-05,0.932957,0.007717
2020-02-06,0.934407,0.007772
2020-02-07,0.941369,0.007923
2020-02-10,0.946041,0.008204
2020-02-11,0.945449,0.007847
2020-02-12,0.941607,0.007642
2020-02-13,0.942677,0.007807
2020-02-14,0.941561,0.007702
2020-02-17,0.934681,0.007114
2020-02-18,0.933152,0.007030
2020-02-19,0.933081,0.006694
2020-02-20,0.928168,0.006691
2020-02-21,0.928442,0.006595
2020-02-24,0.933815,0.006864
2020-02-25,0.933704,0.006580
2020-02-26,0.934506,0.006499
2020-02-27,0.938202,0.006511
2020-02-28,0.945691,0.006985
2020-03-02,0.943177,0.006664
2020-03-03,0.941606,0.006908
2020-03-04,0.947454,0.006993
2020-03-05,0.948317,0.007005
2020-03-06,0.955284,0.007210
2020-03-09,0.968254,0.007609
2020-03-10,0.958576,0.006902
2020-03-11,0.960305,0.007033
2020-03-12,0.959286,0.006916
2020-03-13,0.958122,0.006981
2020-03-16,0.962602,0.007258
2020-03-17,0.965106,0.007564
2020-03-18,0.964007,0.007629
2020-03-19,0.966159,0.007864
2020-03-20,0.971375,0.007935
2020-03-23,0.976706,0.007996
2020-03-24,0.983386,0.008039
2020-03-25,0.986866,0.008474
2020-03-26,0.999249,0.009370
2020-03-27,0.997704,0.008968
2020-03-30,1.001604,0.009694
2020-03-31,1.011519,0.010135
2020-04-01,1.021662,0.010621
2020-04-02,1.019850,0.010090
2020-04-03,1.022290,0.010396
2020-04-07,1.070069,0.012514
2020-04-08,1.083370,0.012389
2020-04-09,1.079529,0.012749
2020-04-10,1.073516,0.012675
2020-04-13,1.068768,0.012321
2020-04-14,1.070855,0.012619
2020-04-15,1.075327,0.013235
2020-04-16,1.077167,0.013491
2020-04-17,1.075016,0.013364
2020-04-20,1.073876,0.013547
2020-04-21,1.076471,0.013460
2020-04-22,1.084690,0.013632
2020-04-23,1.087367,0.013556
2020-04-24,1.084116,0.013176
2020-04-26,1.082031,0.013003
2020-04-27,1.080696,0.012812
2020-04-28,1.080561,0.012702
2020-04-29,1.083454,0.012949
2020-04-30,1.081831,0.012680
2020-05-06,1.070444,0.012325
2020-05-07,1.055548,0.012165
2020-05-08,1.057379,0.012628
2020-05-09,1.054556,0.012610
2020-05-11,1.037722,0.011992
2020-05-12,1.042174,0.012539
2020-05-13,1.043076,0.012681
2020-05-14,1.050613,0.012924
2020-05-15,1.063271,0.013224
2020-05-18,1.052247,0.012628
2020-05-19,1.047938,0.012375
2020-05-20,1.044714,0.012388
2020-05-21,1.042109,0.012238
2020-05-22,1.053648,0.012475
2020-05-25,1.039876,0.011660
2020-05-26,1.019080,0.010478
2020-05-27,1.008009,0.010152
2020-05-28,1.014188,0.010470
2020-05-29,1.013481,0.010989
2020-06-01,1.012788,0.011170
2020-06-02,0.979394,0.009703
2020-06-03,0.986143,0.010020
2020-06-04,0.973134,0.009399
2020-06-05,0.979292,0.009337
2020-06-08,0.989178,0.010393
2020-06-09,0.993567,0.010932
2020-06-10,0.992398,0.010583
2020-06-11,0.995768,0.010591
2020-06-12,0.998516,0.010654
2020-06-15,0.998080,0.010498
2020-06-16,0.983546,0.009960
2020-06-17,0.976373,0.009701
2020-06-18,0.975919,0.009357
2020-06-19,0.972293,0.009494
2020-06-22,0.956963,0.008829
2020-06-23,0.959601,0.009016
2020-06-24,0.973328,0.009813
2020-06-28,0.976011,0.009720
2020-06-29,0.975012,0.010004
2020-06-30,0.982373,0.010220
2020-07-01,0.979041,0.009835
2020-07-02,0.979894,0.010106
2020-07-03,0.977536,0.009601
2020-07-06,0.953045,0.008413
2020-07-07,0.950353,0.008900
2020-07-08,0.944218,0.008639
2020-07-09,0.934926,0.008639
2020-07-10,0.943728,0.009504
2020-07-13,0.929289,0.008911
2020-07-14,0.937296,0.009765
2020-07-15,0.951012,0.010734
2020-07-16,0.953884,0.010424
2020-07-17,0.955010,0.010460
2020-07-20,0.961502,0.010757
2020-07-21,0.975783,0.011259
2020-07-22,0.974548,0.010956
2020-07-23,0.969361,0.010335
2020-07-24,0.969862,0.010518
2020-07-27,0.966344,0.009755
2020-07-28,0.957937,0.009315
2020-07-29,0.954472,0.008997
2020-07-30,0.953269,0.009137
2020-07-31,0.946091,0.008752
2020-08-03,0.946057,0.009056
2020-08-04,0.946904,0.009098
2020-08-05,0.945725,0.009049
2020-08-06,0.946788,0.008493
2020-08-07,0.943950,0.008628
2020-08-10,0.946709,0.008932
2020-08-11,0.945186,0.008691
2020-08-12,0.943490,0.008568
2020-08-13,0.941253,0.008498
2020-08-14,0.941266,0.008514
2020-08-17,0.939961,0.008272
2020-08-18,0.936829,0.008042
2020-08-19,0.933592,0.007573
2020-08-20,0.925564,0.007257
2020-08-21,0.925464,0.007264
2020-08-24,0.920342,0.006831
2020-08-25,0.910369,0.006720
2020-08-26,0.912968,0.006781
2020-08-27,0.914923,0.006743
2020-08-28,0.913876,0.006775
2020-08-31,0.921093,0.007273
2020-09-01,0.918840,0.007170
2020-09-02,0.915467,0.007064
2020-09-03,0.914049,0.006832
2020-09-04,0.913209,0.007000
2020-09-07,0.908531,0.006835
2020-09-08,0.908510,0.007057
2020-09-09,0.917260,0.007591
2020-09-10,0.921615,0.007678
2020-09-11,0.916498,0.007441
2020-09-14,0.912351,0.007557
2020-09-15,0.920158,0.008003
2020-09-16,0.923731,0.008210
2020-09-17,0.920936,0.008017
2020-09-18,0.923524,0.007925
2020-09-21,0.926173,0.008190
2020-09-22,0.928326,0.007948
2020-09-23,0.926882,0.007956
2020-09-24,0.925940,0.007759
2020-09-25,0.918569,0.007531
2020-09-27,0.918818,0.007610
2020-09-28,0.918099,0.007781
2020-09-29,0.915579,0.007644
2020-09-30,0.914679,0.007446
2020-10-09,0.904850,0.007218
2020-10-10,0.907163,0.007530
2020-10-12,0.905809,0.007508
2020-10-13,0.907240,0.007610
2020-10-14,0.907010,0.007417
2020-10-15,0.906170,0.007226
2020-10-16,0.905858,0.007283
2020-10-19,0.908762,0.007426
2020-10-20,0.909581,0.007161
2020-10-21,0.912118,0.007425
2020-10-22,0.915163,0.007847
2020-10-23,0.915106,0.007828
2020-10-26,0.913004,0.007522
2020-10-27,0.917299,0.007574
2020-10-28,0.919374,0.007509
2020-10-29,0.922267,0.007509
2020-10-30,0.923124,0.007636
2020-11-02,0.925351,0.007878
2020-11-03,0.928530,0.007956
2020-11-04,0.930395,0.008065
2020-11-05,0.928663,0.007886
2020-11-06,0.923972,0.007365
2020-11-09,0.922545,0.007049
2020-11-10,0.922194,0.007315
2020-11-11,0.925400,0.007335
2020-11-12,0.927877,0.007693
2020-11-13,0.930531,0.008122
2020-11-16,0.936749,0.008655
2020-11-17,0.941942,0.009097
2020-11-18,0.943915,0.009696
2020-11-19,0.944648,0.009937
2020-11-20,0.951737,0.010325
2020-11-23,0.958257,0.011154
2020-11-24,0.958804,0.010923
2020-11-25,0.964754,0.011177
2020-11-26,0.965944,0.011338
2020-11-27,0.968841,0.011437
2020-11-30,0.977413,0.011795
2020-12-01,0.973642,0.011702
2020-12-02,0.972367,0.011603
2020-12-03,0.972691,0.011544
2020-12-04,0.975903,0.011725
2020-12-07,0.975051,0.011850
2020-12-08,0.981697,0.012254
2020-12-09,0.982950,0.011960
2020-12-10,0.985264,0.012065
2020-12-11,0.983402,0.012078
2020-12-14,0.983322,0.012210
2020-12-15,0.988316,0.012454
2020-12-16,0.991077,0.012783
2020-12-17,0.992073,0.012815
2020-12-18,0.991298,0.012653
2020-12-21,0.998107,0.013062
2020-12-22,1.003146,0.013095
2020-12-23,1.006886,0.012960
2020-12-24,1.005583,0.012482
2020-12-25,1.006784,0.012671
2020-12-28,1.009886,0.012911
2020-12-29,1.014380,0.013457
2020-12-30,1.018543,0.013697
2020-12-31,1.019434,0.014112
2021-01-04,1.008783,0.013044
2021-01-05,1.009798,0.013907
2021-01-06,1.010351,0.013878
2021-01-07,1.012661,0.013869
2021-01-08,1.009329,0.013461
2021-01-11,1.006377,0.013084
2021-01-12,1.007889,0.013546
2021-01-13,1.014449,0.013733
2021-01-14,1.016055,0.013458
2021-01-15,1.006722,0.012975
2021-01-18,1.000355,0.012497
2021-01-19,1.002177,0.012556
2021-01-20,1.007576,0.012610
2021-01-21,1.012635,0.012914
2021-01-22,1.015325,0.013281
2021-01-25,1.014215,0.012686
2021-01-26,1.009166,0.012308
2021-01-27,1.008528,0.012334
2021-01-28,1.004188,0.011664
2021-01-29,1.008252,0.011986
2021-02-01,1.014009,0.012310
2021-02-02,1.012702,0.012282
2021-02-03,1.005015,0.011601
2021-02-04,0.999339,0.011056
2021-02-05,1.001140,0.011104
2021-02-07,1.002776,0.011029
2021-02-08,1.001716,0.011057
2021-02-09,1.004685,0.011432
2021-02-10,1.006555,0.011323
2021-02-18,0.995382,0.011177
2021-02-19,1.003156,0.011551
2021-02-20,1.005233,0.011584
2021-02-22,1.004850,0.011758
2021-02-23,1.006328,0.012055
2021-02-24,1.008476,0.011916
2021-02-25,1.008603,0.011896
2021-02-26,1.008982,0.011791
2021-03-01,1.009799,0.012063
2021-03-02,1.009240,0.011849
2021-03-03,1.007309,0.011743
2021-03-04,1.006517,0.011561
2021-03-05,1.008495,0.011654
2021-03-08,1.009506,0.011714
2021-03-09,1.007898,0.011621
2021-03-10,1.007516,0.011536
2021-03-11,1.007383,0.011494
2021-03-12,1.007586,0.011391
2021-03-15,1.003962,0.011240
2021-03-16,1.004399,0.011204
2021-03-17,1.005705,0.011302
2021-03-18,1.007237,0.011243
2021-03-19,1.010551,0.011330
2021-03-22,1.010674,0.011467
2021-03-23,1.009898,0.011370
2021-03-24,1.015657,0.011494
2021-03-25,1.016806,0.011354
2021-03-26,1.015363,0.011098
2021-03-29,1.013065,0.011018
2021-03-30,1.013831,0.011049
2021-03-31,1.015201,0.011221
2021-04-01,1.015496,0.011244
2021-04-02,1.018389,0.011144
2021-04-06,1.016508,0.010972
2021-04-07,1.014363,0.010892
2021-04-08,1.016854,0.010785
2021-04-09,1.019865,0.010925
2021-04-12,1.021922,0.010962
2021-04-13,1.029588,0.011191
2021-04-14,1.028687,0.010993
2021-04-15,1.027482,0.010772
2021-04-16,1.027308,0.010602
2021-04-19,1.026418,0.010561
2021-04-20,1.026804,0.010884
2021-04-21,1.029581,0.011055
2021-04-22,1.027539,0.011070
2021-04-23,1.028248,0.011079
2021-04-25,1.026116,0.011126
2021-04-26,1.019593,0.010635
2021-04-27,1.018078,0.010384
2021-04-28,1.020334,0.010614
2021-04-29,1.023361,0.010567
2021-04-30,1.024934,0.010798
2021-05-06,1.023044,0.010878
2021-05-07,1.023018,0.010825
2021-05-08,1.022481,0.010722
2021-05-10,1.024408,0.010649
2021-05-11,1.026418,0.010755
2021-05-12,1.024211,0.010418
2021-05-13,1.019436,0.010254
2021-05-14,1.019576,0.010213
2021-05-17,1.016002,0.009991
2021-05-18,1.014887,0.010146
2021-05-19,1.019007,0.010308
2021-05-20,1.022975,0.010503
2021-05-21,1.026959,0.010576
2021-05-24,1.021843,0.010259
2021-05-25,1.022057,0.010161
2021-05-26,1.023235,0.009918
2021-05-27,1.021173,0.009589
2021-05-28,1.019547,0.009454
2021-05-31,1.020011,0.009526
2021-06-01,1.022722,0.009195
2021-06-02,1.019205,0.008942
2021-06-03,1.019150,0.009038
2021-06-04,1.017028,0.008768
2021-06-07,1.010154,0.008560
2021-06-08,1.009912,0.008810
2021-06-09,1.009667,0.009036
2021-06-10,1.012292,0.009073
2021-06-11,1.009029,0.008757
2021-06-15,1.004817,0.008861
2021-06-16,1.006817,0.008882
2021-06-17,1.005961,0.008762
2021-06-18,1.008041,0.008925
2021-06-21,1.012616,0.008925
2021-06-22,1.013942,0.009417
2021-06-23,1.016841,0.009617
2021-06-24,1.017363,0.009786
2021-06-25,1.019269,0.009786
2021-06-28,1.016143,0.009702
2021-06-29,1.017913,0.009867
2021-06-30,1.022765,0.010096
2021-07-01,1.020628,0.010132
2021-07-02,1.021351,0.010230
2021-07-05,1.023893,0.010216
2021-07-06,1.021759,0.010062
2021-07-07,1.024805,0.009976
2021-07-08,1.034848,0.009894
2021-07-09,1.030212,0.009544
2021-07-12,1.034188,0.009882
2021-07-13,1.034449,0.009761
2021-07-14,1.035598,0.009662
2021-07-15,1.029789,0.009170
2021-07-16,1.029835,0.009430
2021-07-19,1.028684,0.009232
2021-07-20,1.030828,0.009554
2021-07-21,1.033659,0.009597
2021-07-22,1.033170,0.009512
2021-07-23,1.038097,0.009423
2021-07-26,1.041627,0.009707
2021-07-27,1.036937,0.009846
2021-07-28,1.031809,0.009579
2021-07-29,1.036458,0.009788
2021-07-30,1.041908,0.009973
2021-08-02,1.045506,0.009841
2021-08-03,1.039954,0.009351
2021-08-04,1.037244,0.009019
2021-08-05,1.040953,0.009271
2021-08-06,1.039116,0.009188
2021-08-09,1.029197,0.008967
2021-08-10,1.028494,0.008878
2021-08-11,1.026029,0.009160
2021-08-12,1.029455,0.009425
2021-08-13,1.027728,0.009414
2021-08-16,1.024538,0.009361
2021-08-17,1.023483,0.009507
2021-08-18,1.027897,0.010048
2021-08-19,1.031741,0.010059
2021-08-20,1.032091,0.010001
2021-08-23,1.028991,0.009944
2021-08-24,1.029031,0.009947
2021-08-25,1.032681,0.010040
2021-08-26,1.028550,0.009937
2021-08-27,1.031378,0.010312
2021-08-30,1.030744,0.010333
2021-08-31,1.032612,0.010294
2021-09-01,1.036706,0.010034
2021-09-02,1.036111,0.010012
2021-09-03,1.035955,0.009839
2021-09-06,1.034938,0.009764
2021-09-07,1.033026,0.009473
2021-09-08,1.030298,0.009520
2021-09-09,1.030712,0.009508
2021-09-10,1.031848,0.009407
2021-09-13,1.027549,0.009705
2021-09-14,1.022926,0.009674
2021-09-15,1.025288,0.009619
2021-09-16,1.022324,0.009643
2021-09-17,1.026461,0.009891
2021-09-18,1.026597,0.009912
2021-09-22,1.030065,0.010454
2021-09-23,1.030062,0.010534
2021-09-24,1.029442,0.010463
2021-09-26,1.029248,0.010594
2021-09-27,1.030377,0.010531
2021-09-28,1.028766,0.010384
2021-09-29,1.032108,0.010964
2021-09-30,1.034839,0.011259
2021-10-08,1.027250,0.011019
2021-10-09,1.028214,0.011130
2021-10-11,1.024993,0.010742
2021-10-12,1.025194,0.010785
2021-10-13,1.022267,0.010724
2021-10-14,1.021722,0.010839
2021-10-15,1.019917,0.010789
2021-10-18,1.006311,0.010005
2021-10-19,1.006302,0.010087
2021-10-20,1.009207,0.010308
2021-10-21,1.013792,0.010548
2021-10-22,1.014799,0.010339
2021-10-25,1.011965,0.010510
2021-10-26,1.013450,0.010518
2021-10-27,1.013736,0.010363
2021-10-28,1.014320,0.010376
2021-10-29,1.013243,0.010348
2021-11-01,1.015264,0.010522
2021-11-02,1.019485,0.010652
2021-11-03,1.019083,0.010591
2021-11-04,1.020072,0.010754
2021-11-05,1.025299,0.010793
2021-11-08,1.024228,0.010255
2021-11-09,1.021739,0.010215
2021-11-10,1.022269,0.010235
2021-11-11,1.019035,0.010196
2021-11-12,1.021403,0.010231
2021-11-15,1.021551,0.010529
2021-11-16,1.023654,0.010689
2021-11-17,1.023022,0.010689
2021-11-18,1.023211,0.010592
2021-11-19,1.022912,0.010625
2021-11-22,1.024922,0.010668
2021-11-23,1.024219,0.010678
2021-11-24,1.027433,0.010843
2021-11-25,1.028994,0.011003
2021-11-26,1.032694,0.011132
2021-11-29,1.030849,0.011110
2021-11-30,1.030877,0.010986
2021-12-01,1.030624,0.010937
2021-12-02,1.027535,0.010798
2021-12-03,1.025258,0.010469
2021-12-06,1.030831,0.010529
2021-12-07,1.029601,0.010415
2021-12-08,1.026891,0.010366
2021-12-09,1.027410,0.010400
2021-12-10,1.031030,0.010558
2021-12-13,1.029102,0.010659
2021-12-14,1.035442,0.010833
2021-12-15,1.038390,0.010886
2021-12-16,1.040813,0.010843
2021-12-17,1.042167,0.010910
2021-12-20,1.036345,0.010401
2021-12-21,1.036114,0.010170
2021-12-22,1.041228,0.010352
2021-12-23,1.045219,0.010562
2021-12-24,1.047482,0.010649
2021-12-27,1.050543,0.010802
2021-12-28,1.052324,0.010994
2021-12-29,1.054430,0.010991
2021-12-30,1.056794,0.010904
2021-12-31,1.058259,0.010897
2022-01-04,1.051004,0.010769
2022-01-05,1.049175,0.010576
2022-01-06,1.044821,0.010527
2022-01-07,1.045599,0.010604
2022-01-10,1.046924,0.010537
2022-01-11,1.049432,0.010521
2022-01-12,1.049266,0.010425
2022-01-13,1.047364,0.010287
2022-01-14,1.047563,0.010016
2022-01-17,1.046478,0.010058
2022-01-18,1.057136,0.010635
2022-01-19,1.059417,0.010332
2022-01-20,1.058894,0.010253
2022-01-21,1.063157,0.010412
2022-01-24,1.069769,0.010471
2022-01-25,1.066031,0.010016
2022-01-26,1.058612,0.009837
2022-01-27,1.055816,0.009743
2022-01-28,1.058654,0.009914
2022-01-29,1.061368,0.009894
2022-01-30,1.061660,0.009804
2022-02-07,1.052742,0.009827
2022-02-08,1.054583,0.009859
2022-02-09,1.051415,0.009679
2022-02-10,1.053104,0.009670
2022-02-11,1.041233,0.009497
2022-02-14,1.038937,0.009438
2022-02-15,1.040495,0.009642
2022-02-16,1.042291,0.009887
2022-02-17,1.046506,0.010065
2022-02-18,1.044410,0.009909
2022-02-21,1.035459,0.009809
2022-02-22,1.028601,0.009011
2022-02-23,1.031065,0.009317
2022-02-24,1.032949,0.009140
2022-02-25,1.033063,0.009363
2022-02-28,1.035318,0.009242
2022-03-01,1.032786,0.009032
2022-03-02,1.026608,0.008869
2022-03-03,1.020772,0.008800
2022-03-04,1.022444,0.009266
2022-03-07,1.024943,0.009580
2022-03-08,1.032832,0.009589
2022-03-09,1.031626,0.009632
2022-03-10,1.033637,0.009102
2022-03-11,1.045338,0.009476
2022-03-14,1.050416,0.009461
2022-03-15,1.038815,0.008532
2022-03-16,1.041703,0.009275
2022-03-17,1.044539,0.009352
2022-03-18,1.048577,0.009534
2022-03-21,1.047888,0.009333
2022-03-22,1.042654,0.009274
2022-03-23,1.043342,0.009368
2022-03-24,1.045147,0.009431
2022-03-25,1.047708,0.009246
2022-03-28,1.046887,0.009484
2022-03-29,1.044586,0.009573
2022-03-30,1.048623,0.009969
2022-03-31,1.048947,0.009889
2022-04-01,1.052136,0.010005
2022-04-02,1.053434,0.009933
2022-04-06,1.053814,0.009939
2022-04-07,1.056263,0.009761
2022-04-08,1.053309,0.009738
2022-04-11,1.045934,0.009204
2022-04-12,1.043190,0.009239
2022-04-13,1.043988,0.009246
2022-04-14,1.048361,0.009427
2022-04-15,1.049545,0.009448
2022-04-18,1.041927,0.009154
2022-04-19,1.040890,0.009052
2022-04-20,1.039330,0.008927
2022-04-21,1.040733,0.008416
2022-04-22,1.040087,0.008301
2022-04-24,1.039570,0.008307
2022-04-25,1.042078,0.008409
2022-04-26,1.041176,0.008148
2022-04-27,1.036700,0.007891
2022-04-28,1.031582,0.007534
2022-04-29,1.032925,0.007700
2022-05-05,1.031539,0.007528
2022-05-06,1.029658,0.007455
2022-05-07,1.030135,0.007526
2022-05-09,1.029572,0.007637
2022-05-10,1.034078,0.007724
2022-05-11,1.030152,0.007380
2022-05-12,1.030931,0.007401
2022-05-13,1.029218,0.007292
2022-05-16,1.023676,0.007140
2022-05-17,1.026258,0.007104
2022-05-18,1.028857,0.007356
2022-05-19,1.030103,0.007372
2022-05-20,1.025401,0.007203
2022-05-23,1.027144,0.007179
2022-05-24,1.025479,0.006924
2022-05-25,1.024309,0.006678
2022-05-26,1.029554,0.006925
2022-05-27,1.029092,0.006885
2022-05-30,1.023359,0.006889
2022-05-31,1.018066,0.006850
2022-06-01,1.018245,0.006789
2022-06-02,1.016190,0.006849
2022-06-06,1.012253,0.006589
2022-06-07,1.014661,0.006712
2022-06-08,1.017295,0.007098
2022-06-09,1.016758,0.007106
2022-06-10,1.016890,0.007026
2022-06-13,1.015088,0.006689
2022-06-14,1.012183,0.006691
2022-06-15,1.011200,0.006727
2022-06-16,1.013209,0.006881
2022-06-17,1.012720,0.006781
2022-06-20,1.007691,0.006564
2022-06-21,1.006073,0.006693
2022-06-22,1.007138,0.006755
2022-06-23,1.006970,0.006838
2022-06-24,1.004900,0.006667
2022-06-27,0.997785,0.006517
2022-06-28,0.997738,0.006530
2022-06-29,0.997483,0.006807
2022-06-30,1.001956,0.006952
2022-07-01,1.003155,0.006868
2022-07-04,0.997789,0.006569
2022-07-05,0.993250,0.006439
2022-07-06,0.994613,0.006609
2022-07-07,0.993371,0.006375
2022-07-08,0.993821,0.006456
2022-07-11,0.994992,0.006550
2022-07-12,0.998403,0.006657
2022-07-13,0.997576,0.006612
2022-07-14,0.999494,0.006917
2022-07-15,0.999326,0.007053
2022-07-18,0.998784,0.006953
2022-07-19,0.996619,0.006938
2022-07-20,0.997282,0.007064
2022-07-21,1.000123,0.006983
2022-07-22,0.996245,0.006736
2022-07-25,0.993629,0.006799
2022-07-26,0.995415,0.006887
2022-07-27,0.997546,0.006756
2022-07-28,0.993166,0.006481
2022-07-29,0.997376,0.006571
2022-08-01,1.000334,0.006754
2022-08-02,1.001318,0.006604
2022-08-03,1.004738,0.006776
2022-08-04,1.008833,0.006546
2022-08-05,1.004577,0.006303
2022-08-08,0.999043,0.005974
2022-08-09,0.994643,0.005623
2022-08-10,0.993417,0.005534
2022-08-11,0.989471,0.005431
2022-08-12,0.990390,0.005372
2022-08-15,1.002409,0.005873
2022-08-16,1.006488,0.005515
2022-08-17,1.002215,0.005649
2022-08-18,1.007001,0.005805
2022-08-19,1.006558,0.005699
2022-08-22,1.004459,0.005624
2022-08-23,0.998421,0.005605
2022-08-24,0.998430,0.005757
2022-08-25,0.998192,0.005649
2022-08-26,0.998017,0.005731
2022-08-29,1.000163,0.006087
2022-08-30,1.005875,0.006307
2022-08-31,1.007635,0.006326
2022-09-01,1.010196,0.006432
2022-09-02,1.011634,0.006328
2022-09-05,1.011696,0.006431
2022-09-06,1.011934,0.006379
2022-09-07,1.011350,0.006349
2022-09-08,1.009803,0.006266
2022-09-09,1.009065,0.006241
2022-09-13,1.003869,0.006093
2022-09-14,1.003054,0.005991
2022-09-15,1.003521,0.005949
2022-09-16,0.999494,0.005890
2022-09-19,1.000741,0.005856
2022-09-20,1.004868,0.005937
2022-09-21,1.007924,0.006356
2022-09-22,1.009554,0.006333
2022-09-23,1.008596,0.006155
2022-09-26,1.000453,0.005683
2022-09-27,1.001745,0.006102
2022-09-28,1.002664,0.006119
2022-09-29,1.001476,0.006169
2022-09-30,0.999725,0.006264
2022-10-08,0.995610,0.006155
2022-10-09,1.000756,0.006426
2022-10-10,1.004755,0.006556
2022-10-11,1.006290,0.006197
2022-10-12,1.003917,0.006202
2022-10-13,1.007332,0.006311
2022-10-14,1.010202,0.006221
2022-10-17,1.008941,0.005931
2022-10-18,1.008231,0.005786
2022-10-19,1.009847,0.005980
2022-10-20,1.007862,0.005887
2022-10-21,1.007336,0.005787
2022-10-24,1.006408,0.005973
2022-10-25,1.006781,0.005959
2022-10-26,1.010815,0.006173
2022-10-27,1.014537,0.006288
2022-10-28,1.015170,0.006345
2022-10-31,1.016703,0.006216
2022-11-01,1.013219,0.006220
2022-11-02,1.010024,0.005996
2022-11-03,1.010110,0.005944
2022-11-04,1.008874,0.005821
2022-11-07,1.008102,0.005815
2022-11-08,1.006092,0.005926
2022-11-09,1.005769,0.005940
2022-11-10,1.005956,0.005721
2022-11-11,1.003523,0.005859
2022-11-14,0.990145,0.005390
2022-11-15,1.002779,0.005959
2022-11-16,1.002963,0.006376
2022-11-17,1.028030,0.008093
2022-11-18,1.034547,0.008554
2022-11-21,1.041831,0.008729
2022-11-22,1.043972,0.009064
2022-11-23,1.050323,0.009604
2022-11-24,1.051588,0.009419
2022-11-25,1.047538,0.008919
2022-11-28,1.044072,0.008824
2022-11-29,1.037944,0.009051
2022-11-30,1.042442,0.009525
2022-12-01,1.049543,0.010089
2022-12-02,1.056457,0.010480
2022-12-05,1.058202,0.010763
2022-12-06,1.063946,0.010408
2022-12-07,1.079650,0.011492
2022-12-08,1.090536,0.011621
2022-12-09,1.095149,0.011710
2022-12-12,1.098467,0.011801
2022-12-13,1.105159,0.012771
2022-12-14,1.119758,0.013515
2022-12-15,1.126019,0.013613
2022-12-16,1.122053,0.013358
2022-12-19,1.129758,0.013863
2022-12-20,1.130252,0.013432
2022-12-21,1.129410,0.013339
2022-12-22,1.138263,0.013942
2022-12-23,1.147483,0.014450
2022-12-26,1.145064,0.014253
2022-12-27,1.138992,0.013695
2022-12-28,1.139644,0.014025
2022-12-29,1.145468,0.014438
2022-12-30,1.149436,0.014608
2022-12-31,1.148849,0.014608
2023-01-03,1.145936,0.014236
2023-01-04,1.145103,0.013698
2023-01-05,1.141221,0.012924
2023-01-06,1.133489,0.012512
2023-01-09,1.128644,0.011969
2023-01-10,1.122296,0.011681
2023-01-11,1.122733,0.012385
2023-01-12,1.126271,0.012394
2023-01-13,1.122175,0.012186
2023-01-16,1.114664,0.012117
2023-01-17,1.117793,0.012128
2023-01-18,1.120491,0.012379
2023-01-19,1.118635,0.012213
2023-01-20,1.120695,0.012207
2023-01-28,1.115040,0.012653
2023-01-29,1.115872,0.012553
2023-01-30,1.115421,0.012461
2023-01-31,1.118319,0.012693
2023-02-01,1.118747,0.012741
2023-02-02,1.118561,0.012753
2023-02-03,1.120654,0.012975
2023-02-06,1.116543,0.013092
2023-02-07,1.113016,0.012930
2023-02-08,1.110848,0.012639
2023-02-09,1.110678,0.012559
2023-02-10,1.110886,0.012376
2023-02-13,1.106329,0.012195
2023-02-14,1.104149,0.012097
2023-02-15,1.102393,0.011893
2023-02-16,1.099541,0.011198
2023-02-17,1.096161,0.010852
2023-02-20,1.086952,0.010228
2023-02-21,1.083607,0.010229
2023-02-22,1.085060,0.010405
2023-02-23,1.081404,0.010128
2023-02-24,1.077998,0.009990
2023-02-27,1.072374,0.009845
2023-02-28,1.071255,0.009856
2023-03-01,1.068731,0.010052
2023-03-02,1.065546,0.009929
2023-03-03,1.061437,0.010015
2023-03-06,1.064119,0.010181
2023-03-07,1.065402,0.010227
2023-03-08,1.063081,0.009833
2023-03-09,1.060776,0.009960
2023-03-10,1.059859,0.009918
2023-03-13,1.055934,0.009730
2023-03-14,1.052847,0.009562
2023-03-15,1.049192,0.009561
2023-03-16,1.048371,0.009483
2023-03-17,1.046029,0.009520
2023-03-20,1.048510,0.009823
2023-03-21,1.045927,0.009279
2023-03-22,1.041207,0.009230
2023-03-23,1.040929,0.009334
2023-03-24,1.037860,0.009377
2023-03-27,1.036795,0.009515
2023-03-28,1.036882,0.009466
2023-03-29,1.038014,0.009639
2023-03-30,1.038349,0.009562
2023-03-31,1.036493,0.009810
2023-04-03,1.034898,0.009555
2023-04-04,1.032954,0.009422
2023-04-06,1.029830,0.009245
2023-04-07,1.027421,0.009433
2023-04-10,1.026656,0.009386
2023-04-11,1.027930,0.009424
2023-04-12,1.028052,0.009438
2023-04-13,1.026098,0.009357
2023-04-14,1.024188,0.009224
2023-04-17,1.018472,0.009059
2023-04-18,1.016890,0.009108
2023-04-19,1.018866,0.009017
2023-04-20,1.016271,0.008931
2023-04-21,1.014356,0.008985
2023-04-23,1.013676,0.008992
2023-04-24,1.014137,0.008927
2023-04-25,1.015044,0.009020
2023-04-26,1.016606,0.009149
2023-04-27,1.021304,0.009345
2023-04-28,1.020170,0.009331
2023-05-04,1.019127,0.009316
2023-05-05,1.021253,0.009494
2023-05-06,1.021911,0.009557
2023-05-08,1.016619,0.009233
2023-05-09,1.017225,0.009422
2023-05-10,1.019477,0.009570
2023-05-11,1.026053,0.009800
2023-05-12,1.023365,0.009906
2023-05-15,1.020603,0.009719
2023-05-16,1.018345,0.009475
2023-05-17,1.016704,0.009253
2023-05-18,1.014218,0.009232
2023-05-19,1.016980,0.009377
2023-05-22,1.019293,0.009627
2023-05-23,1.024673,0.009696
2023-05-24,1.023345,0.009471
2023-05-25,1.021542,0.009479
2023-05-26,1.020993,0.009427
2023-05-29,1.021548,0.009728
2023-05-30,1.024793,0.009657
2023-05-31,1.025355,0.010093
2023-06-01,1.030394,0.010211
2023-06-02,1.028872,0.010002
2023-06-05,1.029981,0.010053
2023-06-06,1.034405,0.010254
2023-06-07,1.036664,0.010128
2023-06-08,1.033540,0.009981
2023-06-09,1.035476,0.009952
2023-06-12,1.036784,0.009890
2023-06-13,1.039904,0.010016
2023-06-14,1.043846,0.009811
2023-06-15,1.037174,0.009482
2023-06-16,1.032987,0.009693
2023-06-19,1.030114,0.009478
2023-06-20,1.033087,0.009741
2023-06-21,1.037599,0.009744
2023-06-25,1.037684,0.009844
2023-06-26,1.038491,0.009823
2023-06-27,1.036962,0.009856
2023-06-28,1.041642,0.009995
2023-06-29,1.043266,0.010196
2023-06-30,1.047381,0.010458
2023-07-03,1.046081,0.010261
2023-07-04,1.047757,0.010238
2023-07-05,1.047528,0.010273
2023-07-06,1.048149,0.010101
2023-07-07,1.048067,0.009978
2023-07-10,1.046181,0.009914
2023-07-11,1.046424,0.009818
2023-07-12,1.044027,0.009820
2023-07-13,1.041784,0.009724
2023-07-14,1.040214,0.009831
2023-07-17,1.040391,0.009819
2023-07-18,1.040126,0.009826
2023-07-19,1.041096,0.009731
2023-07-20,1.040547,0.009778
2023-07-21,1.041319,0.009672
2023-07-24,1.040089,0.009667
2023-07-25,1.032767,0.009164
2023-07-26,1.033767,0.009663
2023-07-27,1.038188,0.009836
2023-07-28,1.037360,0.009846
2023-07-31,1.034674,0.009803
2023-08-01,1.038738,0.009611
2023-08-02,1.039546,0.009614
2023-08-03,1.043397,0.009771
2023-08-04,1.040523,0.009685
2023-08-07,1.039425,0.009413
2023-08-08,1.037826,0.009448
2023-08-09,1.037330,0.009448
2023-08-10,1.034072,0.009160
2023-08-11,1.032638,0.009102
2023-08-14,1.032906,0.009245
2023-08-15,1.033830,0.009215
2023-08-16,1.035949,0.009138
2023-08-17,1.035531,0.008936
2023-08-18,1.036146,0.009012
2023-08-21,1.037440,0.008806
2023-08-22,1.033219,0.008486
2023-08-23,1.030237,0.008307
2023-08-24,1.030179,0.008339
2023-08-25,1.025703,0.008121
2023-08-28,1.018127,0.008256
2023-08-29,1.018434,0.008208
2023-08-30,1.021309,0.008295
2023-08-31,1.025773,0.008226
2023-09-01,1.020357,0.008049
2023-09-04,1.014503,0.008193
2023-09-05,1.016401,0.008436
2023-09-06,1.014485,0.008694
2023-09-07,1.017804,0.009020
2023-09-08,1.025825,0.009327
2023-09-11,1.031768,0.009561
2023-09-12,1.038148,0.009717
2023-09-13,1.037989,0.009695
2023-09-14,1.035020,0.009547
2023-09-15,1.032248,0.009273
2023-09-18,1.025168,0.009281
2023-09-19,1.025759,0.009134
2023-09-20,1.024849,0.009168
2023-09-21,1.025154,0.009116
2023-09-22,1.023432,0.008983
2023-09-25,1.018650,0.008895
2023-09-26,1.017041,0.008810
2023-09-27,1.018262,0.009030
2023-09-28,1.023818,0.009297
2023-10-07,1.020552,0.009478
2023-10-08,1.021808,0.009504
2023-10-09,1.018816,0.009474
2023-10-10,1.014322,0.009074
2023-10-11,1.009061,0.008678
2023-10-12,1.008222,0.008680
2023-10-13,1.012809,0.008689
2023-10-16,1.011339,0.008641
2023-10-17,1.007100,0.008393
2023-10-18,1.005305,0.008237
2023-10-19,1.001034,0.008100
2023-10-20,1.001893,0.008400
2023-10-23,1.006995,0.008626
2023-10-24,1.005675,0.008646
2023-10-25,1.013520,0.009074
2023-10-26,1.017041,0.008778
2023-10-27,1.014561,0.008896
2023-10-30,1.015218,0.008881
2023-10-31,1.018313,0.008689
2023-11-01,1.015521,0.008555
2023-11-02,1.017083,0.008628
2023-11-03,1.013338,0.008521
2023-11-06,1.009836,0.008248
2023-11-07,1.006999,0.008066
2023-11-08,1.003807,0.007991
2023-11-09,1.003524,0.007718
2023-11-10,0.999666,0.008018
2023-11-13,0.997991,0.007943
2023-11-14,0.994327,0.007893
2023-11-15,0.993621,0.007868
2023-11-16,0.993501,0.007819
2023-11-17,0.990564,0.007600
2023-11-20,0.986272,0.007342
2023-11-21,0.982201,0.007025
2023-11-22,0.979644,0.006774
2023-11-23,0.974397,0.006876
2023-11-24,0.975051,0.006822
2023-11-27,0.971865,0.006561
2023-11-28,0.972873,0.006756
2023-11-29,0.972642,0.006823
2023-11-30,0.974693,0.006926
2023-12-01,0.972344,0.006820
2023-12-04,0.969142,0.006687
2023-12-05,0.966677,0.006728
2023-12-06,0.967105,0.006615
2023-12-07,0.967809,0.007015
2023-12-08,0.971479,0.007165
2023-12-11,0.973929,0.007173
2023-12-12,0.975526,0.007544
2023-12-13,0.980939,0.007726
2023-12-14,0.979745,0.007633
2023-12-15,0.980178,0.007688
2023-12-18,0.979470,0.007450
2023-12-19,0.975023,0.007217
2023-12-20,0.972576,0.007073
2023-12-21,0.970930,0.007353
2023-12-22,0.972957,0.007074
2023-12-25,0.972700,0.007157
2023-12-26,0.978394,0.007304
2023-12-27,0.979820,0.007730
2023-12-28,0.979048,0.007683
2023-12-29,0.971272,0.007508
2023-12-31,0.972135,0.007508
2024-01-02,0.963136,0.006797
2024-01-03,0.959253,0.006750
2024-01-04,0.959576,0.006690
2024-01-05,0.958982,0.006676
2024-01-08,0.955099,0.006396
2024-01-09,0.953075,0.006189
2024-01-10,0.949463,0.005977
2024-01-11,0.946244,0.005963
2024-01-12,0.943700,0.005760
2024-01-15,0.942163,0.005982
2024-01-16,0.939924,0.005933
2024-01-17,0.940291,0.005705
2024-01-18,0.941359,0.005732
2024-01-19,0.941933,0.005876
2024-01-22,0.942327,0.005675
2024-01-23,0.939580,0.005438
2024-01-24,0.938248,0.005486
2024-01-25,0.943756,0.005694
2024-01-26,0.942148,0.005557
2024-01-29,0.941520,0.005667
2024-01-30,0.945969,0.005696
2024-01-31,0.944430,0.005366
2024-02-01,0.940266,0.005335
2024-02-02,0.937044,0.005316
2024-02-04,0.941409,0.005304
2024-02-05,0.936577,0.005170
2024-02-06,0.931342,0.004845
2024-02-07,0.929876,0.005272
2024-02-08,0.931431,0.005201
2024-02-09,0.931407,0.005201
2024-02-18,0.928573,0.005268
2024-02-19,0.928451,0.005278
2024-02-20,0.930009,0.005501
2024-02-21,0.931693,0.005496
2024-02-22,0.932319,0.005616
2024-02-23,0.934720,0.005561
2024-02-26,0.930713,0.005560
2024-02-27,0.930178,0.005234
2024-02-28,0.929439,0.005225
2024-02-29,0.930464,0.005089
2024-03-01,0.923282,0.004823
2024-03-04,0.922254,0.004868
2024-03-05,0.922872,0.005003
2024-03-06,0.934537,0.005510
2024-03-07,0.931632,0.004856
2024-03-08,0.927272,0.004801
2024-03-11,0.922844,0.004699
2024-03-12,0.916447,0.004538
2024-03-13,0.914597,0.004640
2024-03-14,0.915705,0.004910
2024-03-15,0.916501,0.005169
2024-03-18,0.921301,0.005500
2024-03-19,0.924467,0.005583
2024-03-20,0.921152,0.005256
2024-03-21,0.919955,0.005418
2024-03-22,0.919945,0.005193
2024-03-25,0.915464,0.005386
2024-03-26,0.915323,0.005601
2024-03-27,0.919717,0.006017
2024-03-28,0.920032,0.005616
2024-03-29,0.918933,0.005687
2024-04-01,0.914191,0.005470
2024-04-02,0.915832,0.005509
2024-04-03,0.915241,0.005483
2024-04-07,0.912524,0.005465
2024-04-08,0.913435,0.005531
2024-04-09,0.914592,0.005307
2024-04-10,0.911166,0.005103
2024-04-11,0.913200,0.005160
2024-04-12,0.916203,0.005054
2024-04-15,0.910022,0.004713
2024-04-16,0.906819,0.004429
2024-04-17,0.906550,0.004419
2024-04-18,0.908219,0.004486
2024-04-19,0.908815,0.004313
2024-04-22,0.906750,0.004272
2024-04-23,0.907169,0.004108
2024-04-24,0.903060,0.004111
2024-04-25,0.906157,0.004466
2024-04-26,0.900498,0.004413
2024-04-28,0.893131,0.004044
2024-04-29,0.890381,0.004288
2024-04-30,0.900565,0.004597
2024-05-06,0.903255,0.004676
2024-05-07,0.903962,0.004541
2024-05-08,0.898574,0.004127
2024-05-09,0.894183,0.004039
2024-05-10,0.893323,0.004137
2024-05-11,0.888383,0.004083
2024-05-13,0.894847,0.004319
2024-05-14,0.896665,0.004090
2024-05-15,0.894117,0.004040
2024-05-16,0.892878,0.003717
2024-05-17,0.893464,0.004003
2024-05-20,0.893410,0.003810
2024-05-21,0.890026,0.003656
2024-05-22,0.889843,0.003610
2024-05-23,0.890796,0.003614
2024-05-24,0.888938,0.003483
2024-05-27,0.886497,0.003477
2024-05-28,0.887550,0.003431
2024-05-29,0.888555,0.003272
2024-05-30,0.886762,0.003230
2024-05-31,0.885271,0.003304
2024-06-03,0.887466,0.003457
2024-06-04,0.887248,0.003311
2024-06-05,0.888991,0.003266
2024-06-06,0.888326,0.003197
2024-06-07,0.885827,0.003119
2024-06-11,0.885627,0.003147
2024-06-12,0.884699,0.003037
2024-06-13,0.883906,0.002905
2024-06-14,0.881826,0.002932
2024-06-17,0.879925,0.002891
2024-06-18,0.880620,0.003042
2024-06-19,0.885082,0.003343
2024-06-20,0.888110,0.003272
2024-06-21,0.885408,0.003171
2024-06-24,0.887145,0.003269
2024-06-25,0.891131,0.003400
2024-06-26,0.893682,0.003542
2024-06-27,0.896739,0.003630
2024-06-28,0.896701,0.003464
2024-07-01,0.894145,0.003209
2024-07-02,0.894590,0.003472
2024-07-03,0.899702,0.003468
2024-07-04,0.897651,0.003256
2024-07-05,0.892566,0.003167
2024-07-08,0.885232,0.003016
2024-07-09,0.890069,0.003042
2024-07-10,0.889093,0.002963
2024-07-11,0.888122,0.002931
2024-07-12,0.888884,0.002878
2024-07-15,0.888286,0.002941
2024-07-16,0.888221,0.002932
2024-07-17,0.888268,0.002888
2024-07-18,0.886896,0.002704
2024-07-19,0.887374,0.002909
2024-07-22,0.894352,0.003153
2024-07-23,0.898269,0.003197
2024-07-24,0.897187,0.003072
2024-07-25,0.895635,0.002973
2024-07-26,0.893690,0.002883
2024-07-29,0.891988,0.002845
2024-07-30,0.890135,0.002896
2024-07-31,0.894230,0.003045
2024-08-01,0.894762,0.003192
2024-08-02,0.895234,0.003166
2024-08-05,0.893551,0.003115
2024-08-06,0.890423,0.003143
2024-08-07,0.891861,0.003141
2024-08-08,0.890385,0.003046
2024-08-09,0.888400,0.003067
2024-08-12,0.886272,0.002921
2024-08-13,0.892375,0.003320
2024-08-14,0.896107,0.003206
2024-08-15,0.888542,0.002903
2024-08-16,0.885960,0.002900
2024-08-19,0.885838,0.002875
2024-08-20,0.888045,0.002888
2024-08-21,0.889130,0.003186
2024-08-22,0.894442,0.003379
2024-08-23,0.900303,0.003838
2024-08-26,0.909860,0.004114
2024-08-27,0.913131,0.004141
2024-08-28,0.914810,0.004521
2024-08-29,0.915322,0.004385
2024-08-30,0.913866,0.004280
2024-09-02,0.919934,0.004727
2024-09-03,0.921557,0.004778
2024-09-04,0.924214,0.004691
2024-09-05,0.924261,0.004481
2024-09-06,0.923062,0.004558
2024-09-09,0.924482,0.004618
2024-09-10,0.927097,0.004614
2024-09-11,0.933776,0.004839
2024-09-12,0.936855,0.004795
2024-09-13,0.939116,0.004774
2024-09-14,0.941221,0.004833
2024-09-18,0.940220,0.004805
2024-09-19,0.940454,0.004759
2024-09-20,0.942099,0.004860
2024-09-23,0.945622,0.004907
2024-09-24,0.947701,0.004787
2024-09-25,0.956106,0.005196
2024-09-26,0.960650,0.005197
2024-09-27,0.947289,0.005576
2024-09-29,0.942203,0.005862
2024-09-30,0.969726,0.006669
2024-10-08,0.972557,0.006961
2024-10-09,0.997147,0.008127
2024-10-10,1.008469,0.008721
2024-10-11,1.008211,0.008344
2024-10-12,0.995529,0.008063
2024-10-14,0.986327,0.007612
2024-10-15,0.976601,0.007299
2024-10-16,0.973494,0.006803
2024-10-17,0.970636,0.006800
2024-10-18,0.968440,0.006558
2024-10-21,0.963871,0.006425
2024-10-22,0.962249,0.006086
2024-10-23,0.964704,0.006393
2024-10-24,0.968722,0.006340
2024-10-25,0.972923,0.006748
2024-10-28,0.979518,0.007014
2024-10-29,0.983990,0.007162
2024-10-30,0.987337,0.007210
2024-10-31,0.989861,0.007339
2024-11-01,0.992633,0.007402
2024-11-04,0.992804,0.007169
2024-11-05,0.994217,0.007181
2024-11-06,0.994351,0.007045
2024-11-07,0.997234,0.007071
2024-11-08,0.997208,0.006816
2024-11-11,0.996047,0.006682
2024-11-12,0.996934,0.006695
2024-11-13,0.994461,0.006632
2024-11-14,0.992332,0.006618
2024-11-15,0.991234,0.006546
2024-11-18,0.987918,0.006329
2024-11-19,0.986432,0.006358
2024-11-20,0.984980,0.006284
2024-11-21,0.985725,0.006400
2024-11-22,0.982865,0.006173
2024-11-25,0.981612,0.005978
2024-11-26,0.979327,0.005824
2024-11-27,0.976615,0.005732
2024-11-28,0.976921,0.005723
2024-11-29,0.979236,0.005897
2024-12-02,0.986546,0.005881
2024-12-03,0.982313,0.005566
2024-12-04,0.980702,0.005549
2024-12-05,0.977919,0.005318
2024-12-06,0.974846,0.005175
2024-12-09,0.975621,0.005352
2024-12-10,0.983995,0.005573
2024-12-11,0.984799,0.005550
2024-12-12,0.991552,0.005928
2024-12-13,1.000991,0.005991
2024-12-16,1.003565,0.006007
2024-12-17,1.001508,0.005814
2024-12-18,1.003764,0.005958
2024-12-19,1.008936,0.006422
2024-12-20,1.018354,0.006834
2024-12-23,1.021938,0.006987
2024-12-24,1.022896,0.007222
2024-12-25,1.017912,0.006945
2024-12-26,1.018600,0.007141
2024-12-27,1.023037,0.007092
2024-12-30,1.020895,0.006844
2024-12-31,1.019181,0.006366
2025-01-02,1.016556,0.006284
2025-01-03,1.017457,0.006397
2025-01-06,1.012892,0.005972
2025-01-07,1.006339,0.005862
2025-01-08,1.001663,0.005604
2025-01-09,0.996268,0.005454
2025-01-10,0.994714,0.005538
2025-01-13,0.991611,0.005156
2025-01-14,1.000901,0.005810
2025-01-15,1.005264,0.005657
2025-01-16,1.004046,0.005666
2025-01-17,1.006985,0.005786
2025-01-20,1.008778,0.005891
2025-01-21,1.012148,0.006127
2025-01-22,1.014277,0.005918
2025-01-23,1.010601,0.005673
2025-01-24,1.009797,0.005637
2025-01-26,1.012235,0.005635
2025-01-27,1.013785,0.006091
2025-02-05,1.014764,0.006077
2025-02-06,1.016178,0.006229
2025-02-07,1.016064,0.005927
2025-02-08,1.013435,0.005946
2025-02-10,1.009309,0.005751
2025-02-11,1.007213,0.005904
2025-02-12,1.007046,0.005779
2025-02-13,1.003107,0.005589
2025-02-14,0.998527,0.005418
2025-02-17,0.995601,0.005402
2025-02-18,0.993452,0.005319
2025-02-19,0.998822,0.005454
2025-02-20,0.997350,0.005320
2025-02-21,0.992321,0.005370
2025-02-24,0.988641,0.005303
2025-02-25,0.991596,0.005873
2025-02-26,0.994245,0.005948
2025-02-27,0.991789,0.005771
2025-02-28,0.995423,0.006003
2025-03-03,1.005376,0.006434
2025-03-04,1.008188,0.006352
2025-03-05,1.007220,0.006358
2025-03-06,1.002009,0.006058
2025-03-07,0.999258,0.006102
2025-03-10,0.999781,0.006302
2025-03-11,0.994297,0.006290
2025-03-12,1.001538,0.006888
2025-03-13,1.002688,0.006746
2025-03-14,1.002974,0.006848
2025-03-17,0.998178,0.006588
2025-03-18,0.997920,0.006495
2025-03-19,0.997214,0.006449
2025-03-20,0.998834,0.006017
2025-03-21,0.994184,0.005712
2025-03-24,0.988810,0.005399
2025-03-25,0.989188,0.005256
2025-03-26,0.985111,0.005259
2025-03-27,0.984669,0.004965
2025-03-28,0.983668,0.004888
2025-03-31,0.982752,0.004862
2025-04-01,0.982785,0.004663
2025-04-02,0.984163,0.004744
2025-04-03,0.991941,0.004888
2025-04-07,0.996151,0.004807
2025-04-08,0.987847,0.004251
2025-04-09,0.988541,0.004448
2025-04-10,0.990874,0.004646
2025-04-11,0.998552,0.004842
2025-04-14,0.994965,0.005000
2025-04-15,0.994565,0.004806
2025-04-16,0.996436,0.004851
2025-04-17,0.996795,0.004804
2025-04-18,0.994575,0.004881
2025-04-21,0.992413,0.005013
2025-04-22,0.993541,0.005073
2025-04-23,0.993644,0.005150
2025-04-24,0.995187,0.005173
2025-04-25,0.995800,0.005280
2025-04-27,0.994485,0.005390
2025-04-28,0.996865,0.005389
2025-04-29,0.999830,0.005686
2025-04-30,1.003196,0.005626
2025-05-06,1.002171,0.005559
2025-05-07,1.004592,0.005527
2025-05-08,1.007358,0.005726
2025-05-09,1.007211,0.005630
2025-05-12,1.003618,0.005441
2025-05-13,1.002435,0.005570
2025-05-14,0.998555,0.005309
2025-05-15,0.993337,0.005042
2025-05-16,0.988336,0.005096
2025-05-19,0.989686,0.005199
2025-05-20,0.989476,0.005282
2025-05-21,0.987046,0.005157
2025-05-22,0.985789,0.005068
2025-05-23,0.983484,0.005050
2025-05-26,0.982631,0.004919
2025-05-27,0.980072,0.004782
2025-05-28,0.978061,0.004781
2025-05-29,0.976294,0.004830
2025-05-30,0.979573,0.004749
2025-06-03,0.977927,0.004680
2025-06-04,0.978602,0.004730
2025-06-05,0.980865,0.004807
2025-06-06,0.984411,0.004880
2025-06-09,0.984925,0.004854
2025-06-10,0.982350,0.004857
2025-06-11,0.982077,0.004865
2025-06-12,0.981675,0.004776
2025-06-13,0.980527,0.004792
2025-06-16,0.979944,0.004747
2025-06-17,0.981403,0.004931
2025-06-18,0.981972,0.004874
2025-06-19,0.981908,0.004921
2025-06-20,0.981506,0.004821
2025-06-23,0.981687,0.004718
2025-06-24,0.981802,0.004639
2025-06-25,0.982297,0.004584
2025-06-26,0.984008,0.004664
2025-06-27,0.985808,0.004621
2025-06-30,0.984762,0.004632
2025-07-01,0.983485,0.004756
2025-07-02,0.985474,0.004612
2025-07-03,0.983938,0.004536
2025-07-04,0.981474,0.004437
2025-07-07,0.979748,0.004275
2025-07-08,0.978072,0.004166
2025-07-09,0.976078,0.004181
2025-07-10,0.975253,0.004088
2025-07-11,0.975251,0.004156
2025-07-14,0.974379,0.004159
2025-07-15,0.978480,0.004186
2025-07-16,0.977715,0.004156
2025-07-17,0.977307,0.003920
2025-07-18,0.975927,0.003912
2025-07-21,0.975616,0.003973
2025-07-22,0.975013,0.003906
2025-07-23,0.972993,0.004047
2025-07-24,0.972043,0.004047
2025-07-25,0.973926,0.004302
2025-07-28,0.977744,0.004317
2025-07-29,0.977228,0.004439
2025-07-30,0.977749,0.004585
2025-07-31,0.981974,0.004499
2025-08-01,0.980284,0.004454
2025-08-04,0.980402,0.004260
2025-08-05,0.975827,0.004034
2025-08-06,0.975403,0.003931
2025-08-07,0.977159,0.003917
2025-08-08,0.979300,0.004081
2025-08-11,0.978316,0.004054
2025-08-12,0.977253,0.003862
2025-08-13,0.977524,0.003934
2025-08-14,0.979816,0.003978
2025-08-15,0.978861,0.003868
2025-08-18,0.974681,0.003963
2025-08-19,0.978326,0.004177
2025-08-20,0.980833,0.004102
2025-08-21,0.980917,0.004207
2025-08-22,0.982747,0.004296
2025-08-25,0.982603,0.004342
2025-08-26,0.986328,0.004465
2025-08-27,0.984861,0.004318
2025-08-28,0.984729,0.003918
2025-08-29,0.984840,0.004025
2025-09-01,0.986105,0.004098
2025-09-02,0.990098,0.004097
2025-09-03,0.993243,0.004220
2025-09-04,0.994369,0.004068
2025-09-05,0.989527,0.003983
2025-09-08,0.985975,0.003977
2025-09-09,0.984169,0.003806
2025-09-10,0.980708,0.003567
2025-09-11,0.980627,0.003715
2025-09-12,0.983753,0.003790
2025-09-15,0.986194,0.003463
2025-09-16,0.987979,0.003302
2025-09-17,0.993730,0.003430
2025-09-18,0.994436,0.003356
2025-09-19,0.993821,0.003416
2025-09-22,0.994823,0.003663
2025-09-23,0.995468,0.003579
2025-09-24,0.995266,0.003896
2025-09-25,0.996541,0.003896
2025-09-26,1.000302,0.003894
2025-09-28,1.002735,0.003968
2025-09-29,1.003361,0.003977
2025-09-30,1.006351,0.004173
2025-10-09,1.005673,0.004141
2025-10-10,1.006297,0.004083
2025-10-11,1.008346,0.004168
2025-10-13,1.005145,0.003971
2025-10-14,1.002169,0.004053
2025-10-15,1.002712,0.003987
2025-10-16,1.001482,0.003928
2025-10-17,1.001757,0.003903
2025-10-20,0.998976,0.003926
2025-10-21,0.996935,0.003859
2025-10-22,0.996222,0.003774
2025-10-23,0.994446,0.003702
2025-10-24,0.992455,0.003643
2025-10-27,0.992438,0.003762
2025-10-28,0.996359,0.003803
2025-10-29,0.994793,0.003848
2025-10-30,0.996230,0.003811
2025-10-31,0.997731,0.003671
2025-11-03,0.996154,0.003555
2025-11-04,0.993147,0.003462
2025-11-05,0.993481,0.003487
2025-11-06,0.990891,0.003398
2025-11-07,0.988556,0.003108
2025-11-10,0.987717,0.003219
2025-11-11,0.989928,0.003307
2025-11-12,0.991709,0.003270
2025-11-13,0.993170,0.003190
2025-11-14,0.994607,0.003281
2025-11-17,0.996333,0.003343
2025-11-18,0.995166,0.003252
2025-11-19,0.994728,0.003237
2025-11-20,0.996477,0.003198
2025-11-21,0.998327,0.003329
2025-11-24,0.999614,0.003396
2025-11-25,1.000103,0.003513
2025-11-26,0.999106,0.003486
2025-11-27,1.000929,0.003653
2025-11-28,1.001733,0.003813
2025-12-01,1.003813,0.003911
2025-12-02,1.003861,0.003912
2025-12-03,1.003998,0.003810
2025-12-04,1.003256,0.003549
2025-12-05,1.004060,0.003547
2025-12-08,1.006856,0.003697
2025-12-09,1.009067,0.003862
2025-12-10,1.011113,0.003862
2025-12-11,1.013909,0.003830
2025-12-12,1.014217,0.003737
2025-12-15,1.011492,0.003785
2025-12-16,1.011427,0.003841
2025-12-17,1.014502,0.003808
2025-12-18,1.017311,0.004116
2025-12-19,1.018934,0.004214
2025-12-22,1.018866,0.004122
2025-12-23,1.019652,0.004278
2025-12-24,1.020818,0.004231
2025-12-25,1.020217,0.004147
2025-12-26,1.020233,0.004251
2025-12-29,1.018779,0.004311
2025-12-30,1.016277,0.004454
2025-12-31,1.015416,0.004541
2026-01-04,1.016506,0.004621
2026-01-05,1.015740,0.004468
2026-01-06,1.011209,0.004420
2026-01-07,1.009185,0.004305
2026-01-08,1.011569,0.004301
2026-01-09,1.013420,0.004274
2026-01-12,1.014880,0.004297
2026-01-13,1.015247,0.004258
2026-01-14,1.016216,0.004184
2026-01-15,1.018611,0.004215
2026-01-16,1.018387,0.004117
2026-01-19,1.018910,0.004068
2026-01-20,1.019204,0.004042
2026-01-21,1.018109,0.003821
2026-01-22,1.017017,0.003588
2026-01-23,1.016511,0.003749
2026-01-26,1.015697,0.003599
2026-01-27,1.014058,0.003462
2026-01-28,1.014153,0.003332
2026-01-29,1.016290,0.003460
2026-01-30,1.015297,0.003432
2026-02-02,1.016124,0.003333
2026-02-03,1.015869,0.003330
2026-02-04,1.016615,0.003273
2026-02-05,1.018332,0.003351
2026-02-06,1.020749,0.003453
2026-02-09,1.021726,0.003563
2026-02-10,1.020571,0.003466
2026-02-11,1.020983,0.003448
2026-02-12,1.021006,0.003443
2026-02-13,1.020733,0.003438
2026-02-14,1.018897,0.003457
2026-02-24,1.018349,0.003338
2026-02-25,1.016747,0.003296
2026-02-26,1.014898,0.003229
2026-02-27,1.015001,0.003238
2026-02-28,1.017177,0.003474
2026-03-02,1.018153,0.003566
2026-03-03,1.020208,0.003591
2026-03-04,1.022563,0.003741
2026-03-05,1.023975,0.003629
2026-03-06,1.022194,0.003611
2026-03-09,1.020039,0.003465
2026-03-10,1.019327,0.003452
2026-03-11,1.019739,0.003406
2026-03-12,1.022311,0.003660
2026-03-13,1.025154,0.003659
2026-03-16,1.025329,0.003616
2026-03-17,1.026264,0.003596
2026-03-18,1.028069,0.003722
2026-03-19,1.028681,0.003470
2026-03-20,1.028743,0.003490
2026-03-23,1.028165,0.003410
2026-03-24,1.026419,0.003347
2026-03-25,1.025633,0.003398
2026-03-26,1.025176,0.003359
2026-03-27,1.025210,0.003553
2026-03-30,1.028874,0.003724
2026-03-31,1.028700,0.003668
2026-04-01,1.025880,0.003506
2026-04-02,1.024814,0.003561
2026-04-03,1.026719,0.003546
2026-04-07,1.026708,0.003392
2026-04-08,1.022476,0.003316
2026-04-09,1.021281,0.003105
2026-04-10,1.019647,0.002989
2026-04-13,1.020440,0.002906
2026-04-14,1.020746,0.002750
2026-04-15,1.022891,0.002919
2026-04-16,1.026143,0.003054
2026-04-17,1.029631,0.003214
2026-04-20,1.030875,0.003159
2026-04-21,1.030704,0.003180
2026-04-22,1.032814,0.003177
2026-04-23,1.033567,0.003194
2026-04-24,1.033411,0.003153
2026-04-27,1.030512,0.003017
2026-04-28,1.031759,0.003096
2026-04-29,1.034685,0.003283
2026-04-30,1.034414,0.003291
2026-05-06,1.033132,0.003234
2026-05-07,1.036563,0.003323
2026-05-08,1.039374,0.003309
2026-05-09,1.041754,0.003437
2026-05-11,1.042602,0.003525
2026-05-12,1.044231,0.003501
2026-05-13,1.046431,0.003550
2026-05-14,1.046971,0.003544
2026-05-15,1.046025,0.003591
2026-05-18,1.044846,0.003568
2026-05-19,1.047032,0.003478
2026-05-20,1.047144,0.003413
2026-05-21,1.045518,0.003297
2026-05-22,1.043570,0.003314
2026-05-25,1.044115,0.003327
2026-05-26,1.046157,0.003499
2026-05-27,1.051288,0.003583
2026-05-28,1.053585,0.003532
2026-05-29,1.052043,0.003487
2026-06-01,1.052407,0.003375
2026-06-02,1.050414,0.003148
2026-06-03,1.048195,0.003007
2026-06-04,1.047743,0.003074
2026-06-05,1.046453,0.002913
2026-06-08,1.045334,0.003031
2026-06-09,1.045701,0.003060
2026-06-10,1.045461,0.003109
2026-06-11,1.046243,0.003200
2026-06-12,1.046956,0.003338
2026-06-15,1.046845,0.003281
2026-06-16,1.049493,0.003462
2026-06-17,1.052866,0.003395
2026-06-18,1.054918,0.003358
2026-06-22,1.054786,0.003282
2026-06-23,1.054649,0.003315
2026-06-24,1.055281,0.003249
2026-06-25,1.057695,0.003234
2026-06-26,1.058687,0.003207
2026-06-29,1.061923,0.003273
2026-06-30,1.063359,0.003090
2026-07-01,1.061885,0.003072
2026-07-02,1.061561,0.003247
2026-07-03,1.062191,0.003250
2026-07-06,1.064398,0.003234
2026-07-07,1.064292,0.003222
2026-07-08,1.064249,0.003137
2026-07-09,1.064419,0.003133
2026-07-10,1.062783,0.003099
2026-07-13,1.062331,0.003088
2026-07-14,1.061928,0.003027
2026-07-15,1.063445,0.002931
2026-07-16,1.063124,0.002934
2026-07-17,1.061729,0.003011
2026-07-20,1.062162,0.002932
2026-07-21,1.062371,0.002870
2026-07-22,1.063412,0.002922
2026-07-23,1.063105,0.002878
2026-07-24,1.062083,0.002899
2026-07-27,1.061966,0.002938
2026-07-28,1.062352,0.002938
2026-07-29,1.062934,0.002910
2026-07-30,1.064855,0.002912
2026-07-31,1.066043,0.002977
