date,credit_hf_ret,spread_ret
2020-01-03,-0.105475,-7.341065
2020-01-06,-0.069051,-16.816085
2020-01-07,-0.001557,-16.921412
2020-01-08,-0.052169,-12.050628
2020-01-09,-0.044669,-3.697125
2020-01-10,0.025342,-17.099616
2020-01-13,-0.075349,-43.516232
2020-01-14,-0.084281,-78.052530
2020-01-15,-0.052431,101.020816
2020-01-16,-0.028750,-140.630811
2020-01-17,-0.023363,-63.189783
2020-01-19,0.025973,-4.271062
2020-01-20,-0.031398,-995.822390
2020-01-21,0.007305,-131.275984
2020-01-22,-0.029131,155.593449
2020-01-23,0.004027,-4.698452
2020-02-03,0.143430,-364.024767
2020-02-04,-0.078501,-20.621664
2020-02-05,-0.052461,-56.899527
2020-02-06,-0.007113,2.961091
2020-02-07,0.100596,60.932625
2020-02-10,0.062056,86.778260
2020-02-11,-0.048098,-82.821516
2020-02-12,-0.102549,-303.837569
2020-02-13,-0.015038,-64.407093
2020-02-14,-0.054508,258.845492
2020-02-17,-0.159645,291.117385
2020-02-18,-0.063691,16.207343
2020-02-19,-0.036070,39.131210
2020-02-20,-0.128305,4.357276
2020-02-21,-0.030345,10.619324
2020-02-24,0.069805,-12.970621
2020-02-25,-0.037368,24.564078
2020-02-26,-0.019402,8.166619
2020-02-27,0.033421,2.685309
2020-02-28,0.107741,-21.123677
2020-03-02,-0.081167,25.183202
2020-03-03,-0.064592,-9.297876
2020-03-04,0.080826,-1.055706
2020-03-05,-0.020557,3.227007
2020-03-06,0.094994,-7.690395
2020-03-09,0.218663,-20.112681
2020-03-10,-0.225890,59.308548
2020-03-11,-0.010126,-2.892749
2020-03-12,-0.057237,9.289161
2020-03-13,-0.073162,0.306833
2020-03-16,0.043502,-9.216035
2020-03-17,0.005041,-11.571373
2020-03-18,-0.053591,0.442030
2020-03-19,0.000928,-9.041239
2020-03-20,0.062024,0.127364
2020-03-23,0.070819,0.734928
2020-03-24,0.098911,1.811770
2020-03-25,0.032319,-21.668798
2020-03-26,0.202558,-62.873205
2020-03-27,-0.056409,97.262804
2020-03-30,0.043995,-68.287403
2020-03-31,0.160091,-122.018526
2020-04-01,0.159013,622.937290
2020-04-02,-0.059267,-123.454179
2020-04-03,0.016781,-211.342468
2020-04-07,0.881197,1622.991074
2020-04-08,0.230094,-8.601764
2020-04-09,-0.088801,15.019947
2020-04-10,-0.127877,-5.789670
2020-04-13,-0.105928,-19.014380
2020-04-14,0.022069,13.932437
2020-04-15,0.070718,28.306903
2020-04-16,0.020453,8.075302
2020-04-17,-0.051676,-6.298691
2020-04-20,-0.033631,5.353800
2020-04-21,0.039044,-4.718963
2020-04-22,0.141981,5.119838
2020-04-23,0.049502,-4.105204
2020-04-24,-0.064195,-15.777068
2020-04-26,-0.040274,-9.220027
2020-04-27,-0.025835,-10.910559
2020-04-28,-0.004251,-7.544301
2020-04-29,0.054336,13.656422
2020-04-30,-0.026954,-15.348420
2020-05-06,-0.199328,-23.366401
2020-05-07,-0.279071,-14.222113
2020-05-08,0.032041,43.404991
2020-05-09,-0.048804,-1.689186
2020-05-11,-0.311279,-42.315748
2020-05-12,0.088220,64.267675
2020-05-13,0.029694,10.264429
2020-05-14,0.148144,16.056172
2020-05-15,0.249947,17.178992
2020-05-18,-0.185740,-28.084016
2020-05-19,-0.065947,-16.063938
2020-05-20,-0.043167,2.139533
2020-05-21,-0.030727,-10.369567
2020-05-22,0.236841,22.135201
2020-05-25,-0.232647,-56.292868
2020-05-26,-0.371227,-187.974442
2020-05-27,-0.189724,55.487593
2020-05-28,0.135298,-40.899537
2020-05-29,0.009843,-109.897294
2020-06-01,0.012870,428.808487
2020-06-02,-0.618182,-549.974078
2020-06-03,0.125058,-29.882935
2020-06-04,-0.230742,71.158237
2020-06-05,0.118498,1.795206
2020-06-08,0.210047,-76.288096
2020-06-09,0.118314,-170.068334
2020-06-10,0.007780,-129.463424
2020-06-11,0.097494,-70.744372
2020-06-12,0.087563,-514.809156
2020-06-15,0.029936,-131.778849
2020-06-16,-0.245126,1822.197320
2020-06-17,-0.107759,41.020277
2020-06-18,0.021804,40.561897
2020-06-19,-0.036715,-17.842439
2020-06-22,-0.260858,72.833815
2020-06-23,0.063668,-16.067089
2020-06-24,0.292554,-68.805441
2020-06-28,0.088130,11.359029
2020-06-29,0.014455,-78.185761
2020-06-30,0.171344,-285.894771
2020-07-01,-0.028908,-193.002244
2020-07-02,0.052035,-199.976352
2020-07-03,-0.011901,-281.682535
2020-07-06,-0.445808,388.403720
2020-07-07,-0.041248,-37.714803
2020-07-08,-0.097863,23.473085
2020-07-09,-0.176676,-4.754964
2020-07-10,0.186481,-87.650278
2020-07-13,-0.259474,418.165720
2020-07-14,0.177942,-135.356983
2020-07-15,0.292848,431.419014
2020-07-16,0.089254,-20.447175
2020-07-17,0.054859,8.859914
2020-07-20,0.162446,32.086237
2020-07-21,0.310997,38.529424
2020-07-22,0.012706,-12.559257
2020-07-23,-0.063693,-32.608053
2020-07-24,0.046491,20.016781
2020-07-27,-0.032977,-50.415742
2020-07-28,-0.129813,-55.533525
2020-07-29,-0.044225,-85.778610
2020-07-30,0.000818,431.482494
2020-07-31,-0.114932,-142.410609
2020-08-03,0.026244,-354.830443
2020-08-04,0.039916,35.835660
2020-08-05,0.004029,-0.205452
2020-08-06,0.042723,-147.682612
2020-08-07,-0.027909,-110.606123
2020-08-10,0.081305,2007.858626
2020-08-11,-0.005254,-53.502382
2020-08-12,-0.011222,-46.573531
2020-08-13,-0.017505,-30.342540
2020-08-14,0.024087,89.861496
2020-08-17,0.003920,-167.714325
2020-08-18,-0.037026,234.707748
2020-08-19,-0.044463,158.109064
2020-08-20,-0.137805,39.789858
2020-08-21,0.014432,-4.123528
2020-08-24,-0.080131,42.414865
2020-08-25,-0.182080,6.000475
2020-08-26,0.054798,-6.261848
2020-08-27,0.042434,0.859471
2020-08-28,-0.015452,-4.192431
2020-08-31,0.149601,-40.267070
2020-09-01,-0.030358,10.669676
2020-09-02,-0.058279,10.230830
2020-09-03,-0.022312,22.875376
2020-09-04,-0.010345,-15.755184
2020-09-07,-0.082909,15.661335
2020-09-08,0.008466,-20.578501
2020-09-09,0.177278,-60.496628
2020-09-10,0.093291,-26.221443
2020-09-11,-0.091202,89.384631
2020-09-14,-0.070681,-23.748521
2020-09-15,0.154714,-118.085226
2020-09-16,0.071451,299.222107
2020-09-17,-0.049536,-72.793140
2020-09-18,0.051202,-134.172819
2020-09-21,0.059777,-1009.109206
2020-09-22,0.041973,-110.308935
2020-09-23,-0.027872,25.503655
2020-09-24,-0.018594,716.454076
2020-09-25,-0.141273,101.430575
2020-09-27,0.002920,-11.889284
2020-09-28,-0.015825,-34.296619
2020-09-29,-0.049640,57.265278
2020-09-30,-0.022779,50.605800
2020-10-09,-0.174406,38.407411
2020-10-10,0.030835,-30.124487
2020-10-12,-0.027455,8.679319
2020-10-13,0.019173,-9.269277
2020-10-14,-0.013686,36.212051
2020-10-15,-0.026137,26.610174
2020-10-16,-0.015281,-1.245445
2020-10-19,0.050761,-8.948845
2020-10-20,0.005712,31.486287
2020-10-21,0.039120,-16.416974
2020-10-22,0.048371,-33.931872
2020-10-23,-0.013715,10.104641
2020-10-26,-0.049393,45.591139
2020-10-27,0.066239,0.501893
2020-10-28,0.022886,10.738519
2020-10-29,0.035328,4.786862
2020-10-30,-0.002893,-4.723153
2020-11-02,0.029894,-13.779706
2020-11-03,0.042635,-1.017606
2020-11-04,0.018822,-3.712909
2020-11-05,-0.052256,23.583402
2020-11-06,-0.110489,45.421294
2020-11-09,-0.048518,20.492780
2020-11-10,-0.032889,-8.412634
2020-11-11,0.034333,2.624954
2020-11-12,0.012747,-13.134924
2020-11-13,0.004817,-18.879521
2020-11-16,0.086293,-30.096021
2020-11-17,0.059750,-34.391094
2020-11-18,-0.001024,-74.970944
2020-11-19,-0.025889,-93.233860
2020-11-20,0.090751,-2627.007460
2020-11-23,0.103849,252.426341
2020-11-24,-0.013222,-29.639347
2020-11-25,0.082018,23.761675
2020-11-26,-0.000846,9.035109
2020-11-27,0.025162,2.096837
2020-11-30,0.148890,27.640968
2020-12-01,-0.094298,-13.111629
2020-12-02,-0.051884,-15.547201
2020-12-03,-0.021400,-14.098066
2020-12-04,0.033808,13.119749
2020-12-07,-0.035987,5.662582
2020-12-08,0.097575,34.084961
2020-12-09,-0.001682,-27.823806
2020-12-10,0.021757,3.860819
2020-12-11,-0.063365,-5.502601
2020-12-14,-0.021057,7.196228
2020-12-15,0.071163,18.162123
2020-12-16,0.030282,22.766467
2020-12-17,-0.003263,-1.931863
2020-12-18,-0.036521,-15.557159
2020-12-21,0.110067,29.590423
2020-12-22,0.073175,-1.342369
2020-12-23,0.049581,-12.230682
2020-12-24,-0.047610,-39.383551
2020-12-25,-0.000144,17.465731
2020-12-28,0.042452,20.454275
2020-12-29,0.062430,43.821208
2020-12-30,0.064719,12.086693
2020-12-31,-0.001693,20.361166
2021-01-04,-0.207855,-49.519424
2021-01-05,0.005659,73.752636
2021-01-06,-0.004599,-3.063324
2021-01-07,0.031592,-1.979881
2021-01-08,-0.076835,-23.375032
2021-01-11,-0.066273,-28.163877
2021-01-12,0.011144,43.082230
2021-01-13,0.106330,11.466707
2021-01-14,0.020136,-17.908830
2021-01-15,-0.186312,-37.190736
2021-01-18,-0.134778,-58.362228
2021-01-19,0.013591,13.829602
2021-01-20,0.085491,11.406998
2021-01-21,0.082655,67.000787
2021-01-22,0.032915,48.878169
2021-01-25,-0.031490,-54.156520
2021-01-26,-0.119275,-74.890695
2021-01-27,-0.025024,21.090837
2021-01-28,-0.103715,-433.883116
2021-01-29,0.055849,-63.480249
2021-02-01,0.106155,-175.714476
2021-02-02,-0.031568,-14.706930
2021-02-03,-0.157537,-555.089809
2021-02-04,-0.121876,97.060546
2021-02-05,0.018252,-5.446242
2021-02-07,0.026181,6.093630
2021-02-08,-0.036386,-3.815005
2021-02-09,0.047017,-37.175235
2021-02-10,0.024227,14.153488
2021-02-18,-0.203864,17.182103
2021-02-19,0.135949,-44.475915
2021-02-20,0.031319,-10.586296
2021-02-22,-0.012842,-44.289511
2021-02-23,0.022258,-130.345796
2021-02-24,0.037168,-158.959980
2021-02-25,-0.004753,-5.257241
2021-02-26,-0.002237,198.315917
2021-03-01,0.015808,-240.109906
2021-03-02,-0.014253,-109.718542
2021-03-03,-0.039992,481.078621
2021-03-04,-0.021747,160.060141
2021-03-05,0.031057,-47.168478
2021-03-08,0.018244,-65.096681
2021-03-09,-0.034213,139.519771
2021-03-10,-0.009026,50.618801
2021-03-11,-0.009191,7.807140
2021-03-12,-0.004716,40.521459
2021-03-15,-0.068842,47.442756
2021-03-16,0.005019,1.537308
2021-03-17,0.018914,-33.622057
2021-03-18,0.020345,11.029275
2021-03-19,0.054935,-41.981207
2021-03-22,0.004507,-103.131995
2021-03-23,-0.016675,-1268.747543
2021-03-24,0.101275,-261.044264
2021-03-25,0.016374,-111.417065
2021-03-26,-0.032806,2027.323731
2021-03-29,-0.043729,20.049024
2021-03-30,0.008991,-22.854974
2021-03-31,0.023398,-94.723450
2021-04-01,-0.001456,-494.691233
2021-04-02,0.046954,-146.638272
2021-04-06,-0.034416,655.568230
2021-04-07,-0.044549,28.893349
2021-04-08,0.036662,35.530436
2021-04-09,0.050023,-62.644612
2021-04-12,0.037793,-68.594016
2021-04-13,0.141430,-807.138282
2021-04-14,-0.019170,-70.955904
2021-04-15,-0.023855,-278.612729
2021-04-16,-0.005958,113.370110
2021-04-19,-0.011271,2.617397
2021-04-20,0.011542,-136.361308
2021-04-21,0.048934,215.421832
2021-04-22,-0.038530,16.362889
2021-04-23,0.009012,12.323508
2021-04-25,-0.045215,20.621853
2021-04-26,-0.122985,-96.486267
2021-04-27,-0.031761,-1305.076959
2021-04-28,0.036372,-131.395642
2021-04-29,0.052092,-21.572670
2021-04-30,0.026791,534.904661
2021-05-06,-0.019811,36.031743
2021-05-07,-0.003178,-4.744064
2021-05-08,-0.013553,-17.348736
2021-05-10,0.034871,-12.143691
2021-05-11,0.036457,46.732204
2021-05-12,-0.036304,-70.543094
2021-05-13,-0.087247,-104.129166
2021-05-14,0.002249,193.860324
2021-05-17,-0.064680,1238.283285
2021-05-18,-0.020267,-89.275609
2021-05-19,0.074486,-861.774991
2021-05-20,0.071192,132.325418
2021-05-21,0.071897,25.783142
2021-05-24,-0.089592,-58.492667
2021-05-25,-0.000343,-34.511796
2021-05-26,0.019966,-161.059856
2021-05-27,-0.039985,369.389884
2021-05-28,-0.034981,28.519215
2021-05-31,0.008032,-19.470730
2021-06-01,0.045239,77.098164
2021-06-02,-0.067775,32.600593
2021-06-03,-0.000078,-12.602641
2021-06-04,-0.047697,30.413582
2021-06-07,-0.130246,17.592291
2021-06-08,-0.008340,-21.467786
2021-06-09,-0.012317,-24.810095
2021-06-10,0.044692,-7.367671
2021-06-11,-0.063294,43.607932
2021-06-15,-0.069503,-12.152482
2021-06-16,0.024664,-4.144245
2021-06-17,-0.023131,12.771856
2021-06-18,0.030739,-18.814737
2021-06-21,0.082652,-1.610893
2021-06-22,0.017344,-67.327958
2021-06-23,0.049274,-86.196230
2021-06-24,0.007166,-530.102861
2021-06-25,0.027473,6.178072
2021-06-28,-0.055523,-49.229590
2021-06-29,0.024395,220.569540
2021-06-30,0.081236,94.051023
2021-07-01,-0.041274,8.636953
2021-07-02,0.011889,19.553873
2021-07-05,0.042772,-1.482890
2021-07-06,-0.041317,-24.109872
2021-07-07,0.051343,-17.509518
2021-07-08,0.188682,-20.365877
2021-07-09,-0.087228,-112.169609
2021-07-12,0.084646,-898.940238
2021-07-13,0.009297,-39.867344
2021-07-14,0.024693,-54.515980
2021-07-15,-0.111661,-596.993344
2021-07-16,0.001313,-63.138790
2021-07-19,-0.016611,132.164011
2021-07-20,0.038481,-91.098269
2021-07-21,0.049540,-128.185331
2021-07-22,-0.012400,-1005.985337
2021-07-23,0.085797,116.795738
2021-07-26,0.069923,-161.504361
2021-07-27,-0.090532,125.702460
2021-07-28,-0.098443,-113.688635
2021-07-29,0.080977,-616.452398
2021-07-30,0.100272,104.890680
2021-08-02,0.070619,-40.141057
2021-08-03,-0.098986,-239.340661
2021-08-04,-0.051910,117.470124
2021-08-05,0.069486,-38.501013
2021-08-06,-0.032926,23.908418
2021-08-09,-0.177236,48.120200
2021-08-10,-0.018371,14.015311
2021-08-11,-0.043178,-33.359096
2021-08-12,0.061636,-46.825466
2021-08-13,-0.032619,8.070601
2021-08-16,-0.053144,21.124203
2021-08-17,-0.017731,-35.308740
2021-08-18,0.079906,-216.610313
2021-08-19,0.070111,-1.005172
2021-08-20,0.004677,-25.684928
2021-08-23,-0.053478,-34.242807
2021-08-24,0.000527,-8.628093
2021-08-25,0.064561,62.021115
2021-08-26,-0.081798,-58.224074
2021-08-27,0.047125,422.911656
2021-08-30,-0.004829,1.146251
2021-08-31,0.032942,-12.266967
2021-09-01,0.073037,-70.088243
2021-09-02,-0.008109,-32.663909
2021-09-03,-0.004239,-238.886180
2021-09-06,-0.013781,83.293720
2021-09-07,-0.035557,152.368122
2021-09-08,-0.048689,-5.850090
2021-09-09,0.003110,6.095379
2021-09-10,0.015012,23.230477
2021-09-13,-0.070406,-44.671844
2021-09-14,-0.084202,13.967833
2021-09-15,0.040012,18.326838
2021-09-16,-0.053773,-1.368938
2021-09-17,0.073641,-49.860769
2021-09-18,0.000485,-1.496622
2021-09-22,0.065920,-229.813310
2021-09-23,0.000695,21.141396
2021-09-24,-0.013690,-24.580676
2021-09-26,-0.001479,42.086654
2021-09-27,0.014656,-20.768448
2021-09-28,-0.032029,-53.706183
2021-09-29,0.055010,399.459064
2021-09-30,0.051096,39.569360
2021-10-08,-0.118880,-26.019636
2021-10-09,0.010714,13.112322
2021-10-11,-0.066900,-49.003367
2021-10-12,-0.003486,6.680138
2021-10-13,-0.054608,-16.892576
2021-10-14,-0.009763,27.064776
2021-10-15,-0.034824,-13.525527
2021-10-18,-0.248441,-195.082956
2021-10-19,-0.006751,-17.685348
2021-10-20,0.053862,-65.034023
2021-10-21,0.080960,-203.295457
2021-10-22,0.016954,-191.358172
2021-10-25,-0.043909,-150.777460
2021-10-26,0.024639,-6.375251
2021-10-27,0.006331,-330.765277
2021-10-28,0.008946,-2.030423
2021-10-29,-0.017999,33.708611
2021-11-01,0.039462,-108.174458
2021-11-02,0.074726,971.873151
2021-11-03,-0.004137,-52.676435
2021-11-04,0.014868,245.367639
2021-11-05,0.094183,14.177519
2021-11-08,-0.018213,-219.967531
2021-11-09,-0.054628,15.900406
2021-11-10,0.007419,-3.800661
2021-11-11,-0.063993,13.692959
2021-11-12,0.033573,-7.688975
2021-11-15,0.005330,-83.972218
2021-11-16,0.032230,-277.563276
2021-11-17,-0.018846,-4.606493
2021-11-18,0.000812,-106.887250
2021-11-19,-0.012092,-451.991243
2021-11-22,0.031196,174.286072
2021-11-23,-0.018662,11.894192
2021-11-24,0.052081,231.707729
2021-11-25,0.022881,67.944466
2021-11-26,0.059022,32.688501
2021-11-29,-0.034567,-4.292312
2021-11-30,-0.014054,-24.864157
2021-12-01,-0.011465,-12.884622
2021-12-02,-0.061394,-42.240352
2021-12-03,-0.051355,-173.798561
2021-12-06,0.101791,-45.029644
2021-12-07,-0.031128,145.272876
2021-12-08,-0.060240,24.207014
2021-12-09,0.000042,-16.447888
2021-12-10,0.055245,-83.799358
2021-12-13,-0.033152,-338.023662
2021-12-14,0.100361,240.217848
2021-12-15,0.044690,23.369465
2021-12-16,0.031969,-11.396850
2021-12-17,0.016989,26.824630
2021-12-20,-0.107253,-141.675848
2021-12-21,-0.018442,150.792122
2021-12-22,0.077676,-51.845770
2021-12-23,0.065660,-123.736168
2021-12-24,0.027564,231.335375
2021-12-27,0.050561,117.418917
2021-12-28,0.022917,67.021270
2021-12-29,0.034458,1.853746
2021-12-30,0.037946,-14.303517
2021-12-31,0.017430,1.481937
2022-01-04,-0.118805,-25.305526
2022-01-05,-0.034465,-53.052724
2022-01-06,-0.084716,-21.393129
2022-01-07,0.006104,74.807454
2022-01-10,0.027619,-23.380076
2022-01-11,0.038630,0.495770
2022-01-12,-0.004048,-47.126371
2022-01-13,-0.036200,-136.158740
2022-01-14,-0.001928,791.775732
2022-01-17,-0.012414,-21.342848
2022-01-18,0.188281,-266.299726
2022-01-19,0.045498,-76.109686
2022-01-20,-0.012738,-66.268740
2022-01-21,0.074943,598.159479
2022-01-24,0.123653,38.125934
2022-01-25,-0.066031,-149.917235
2022-01-26,-0.133430,108.976478
2022-01-27,-0.050519,23.868510
2022-01-28,0.048375,-51.704119
2022-01-29,0.045791,-1.452976
2022-01-30,0.007081,37.690079
2022-02-07,-0.138284,-18.873518
2022-02-08,0.031720,-27.939673
2022-02-09,-0.055768,109.048527
2022-02-10,0.027968,-5.040035
2022-02-11,-0.218842,52.280068
2022-02-14,-0.038217,7.940883
2022-02-15,0.022844,-48.973917
2022-02-16,0.029348,-113.277919
2022-02-17,0.075539,642.325838
2022-02-18,-0.037279,-55.464852
2022-02-21,-0.160492,-70.807725
2022-02-22,-0.124493,-2525.949828
2022-02-23,0.043319,-44.834413
2022-02-24,0.033344,36.775409
2022-02-25,-0.000760,-44.667869
2022-02-28,0.047597,30.341586
2022-03-01,-0.047902,45.278745
2022-03-02,-0.110924,23.103438
2022-03-03,-0.111636,5.701680
2022-03-04,0.020751,-64.797106
2022-03-07,0.047359,-127.555879
2022-03-08,0.134464,51.014463
2022-03-09,-0.033192,64.504073
2022-03-10,0.027789,-272.402400
2022-03-11,0.199515,-127.433298
2022-03-14,0.108372,17.387777
2022-03-15,-0.213649,-880.630616
2022-03-16,0.048280,-97.164152
2022-03-17,0.049673,-479.494471
2022-03-18,0.073648,249.351588
2022-03-21,-0.013440,-56.375883
2022-03-22,-0.092361,-20.172999
2022-03-23,0.014715,121.910732
2022-03-24,0.033733,41.755012
2022-03-25,0.048308,-45.990787
2022-03-28,-0.004026,153.898655
2022-03-29,-0.034365,27.609574
2022-03-30,0.074683,75.213516
2022-03-31,0.011150,-4.345190
2022-04-01,0.064487,15.888519
2022-04-02,0.031846,-3.101767
2022-04-06,0.023706,4.070427
2022-04-07,0.052930,-12.405567
2022-04-08,-0.041392,1.630592
2022-04-11,-0.114632,-49.398087
2022-04-12,-0.038923,14.823536
2022-04-13,0.021724,8.177031
2022-04-14,0.087847,35.289234
2022-04-15,0.030201,7.335090
2022-04-18,-0.126487,-27.604487
2022-04-19,-0.010793,-9.044617
2022-04-20,-0.026407,-13.713901
2022-04-21,0.029889,-90.206053
2022-04-22,-0.001848,-141.574428
2022-04-24,-0.001237,-232.941325
2022-04-25,0.052775,517.467772
2022-04-26,-0.005549,-125.366173
2022-04-27,-0.069745,484.965666
2022-04-28,-0.083773,121.738485
2022-04-29,0.032649,-36.721030
2022-05-05,-0.001380,35.558952
2022-05-06,-0.021956,6.029712
2022-05-07,0.018245,-22.026924
2022-05-09,0.004783,-38.092778
2022-05-10,0.091141,-51.881536
2022-05-11,-0.057087,249.773666
2022-05-12,0.026005,-15.068599
2022-05-13,-0.015641,18.624275
2022-05-16,-0.077839,25.890157
2022-05-17,0.058303,-1.056863
2022-05-18,0.058111,-55.412335
2022-05-19,0.034440,-24.122776
2022-05-20,-0.070929,71.735404
2022-05-23,0.049392,-5.244104
2022-05-24,-0.014909,73.883372
2022-05-25,-0.012443,40.802338
2022-05-26,0.105747,-40.056409
2022-05-27,0.003050,0.394693
2022-05-30,-0.084998,-9.741452
2022-05-31,-0.088677,0.430596
2022-06-01,0.005635,6.210365
2022-06-02,-0.030989,-23.300971
2022-06-06,-0.063574,70.710613
2022-06-07,0.041363,-29.245867
2022-06-08,0.053019,-109.876121
2022-06-09,0.004450,111.737016
2022-06-10,0.014385,-57.760355
2022-06-13,-0.020748,-898.037312
2022-06-14,-0.040562,-12.859838
2022-06-15,-0.008161,-28.993048
2022-06-16,0.043387,-111.170873
2022-06-17,0.006740,-368.842142
2022-06-20,-0.075017,371.449287
2022-06-21,-0.020364,-67.304451
2022-06-22,0.028626,-118.554296
2022-06-23,0.007590,781.878175
2022-06-24,-0.030619,-112.489193
2022-06-27,-0.115455,770.882393
2022-06-28,-0.001076,-29.581267
2022-06-29,0.002216,-313.949113
2022-06-30,0.083098,82.841532
2022-07-01,0.030658,-15.227485
2022-07-04,-0.088048,-85.014583
2022-07-05,-0.076709,-217.344264
2022-07-06,0.034588,-344.851695
2022-07-07,-0.015106,-151.488749
2022-07-08,0.011539,-147.294400
2022-07-11,0.033885,348.640079
2022-07-12,0.066147,86.002174
2022-07-13,-0.002013,-7.990992
2022-07-14,0.040416,126.431350
2022-07-15,0.005444,26.904651
2022-07-18,0.003234,-10.611277
2022-07-19,-0.030611,0.848676
2022-07-20,0.019271,21.809423
2022-07-21,0.056742,-7.516918
2022-07-22,-0.062942,-30.186517
2022-07-25,-0.031320,15.479816
2022-07-26,0.039450,17.420387
2022-07-27,0.042639,-15.891274
2022-07-28,-0.075858,-42.952908
2022-07-29,0.079694,30.968270
2022-08-01,0.066275,44.205747
2022-08-02,0.025662,-20.874902
2022-08-03,0.064646,36.314756
2022-08-04,0.077303,-31.023092
2022-08-05,-0.073934,-47.842758
2022-08-08,-0.089061,-126.290541
2022-08-09,-0.081157,515.019735
2022-08-10,-0.021502,19.489397
2022-08-11,-0.070432,19.395420
2022-08-12,0.016192,8.829396
2022-08-15,0.222192,-80.488745
2022-08-16,0.075363,286.233827
2022-08-17,-0.076130,-29.146327
2022-08-18,0.082732,-47.325948
2022-08-19,-0.011076,58.482845
2022-08-22,-0.037510,26.307017
2022-08-23,-0.108697,5.408769
2022-08-24,-0.007001,-40.207159
2022-08-25,-0.020677,49.479962
2022-08-26,-0.017686,-23.288434
2022-08-29,0.037589,-136.583149
2022-08-30,0.090884,227.075828
2022-08-31,0.023633,3.533874
2022-09-01,0.039757,30.331272
2022-09-02,0.021043,-27.742594
2022-09-05,0.004054,30.243527
2022-09-06,0.002385,-16.899291
2022-09-07,-0.017911,-14.014486
2022-09-08,-0.033338,-35.868774
2022-09-09,-0.021410,-24.359446
2022-09-13,-0.088209,-124.372003
2022-09-14,-0.023737,375.669847
2022-09-15,0.003148,41.760591
2022-09-16,-0.079003,37.876195
2022-09-19,0.014360,19.876133
2022-09-20,0.059427,-14.255228
2022-09-21,0.043573,-123.400114
2022-09-22,0.017159,-75.002482
2022-09-23,-0.032061,-1151.613081
2022-09-26,-0.149634,262.265037
2022-09-27,0.002569,-54.315031
2022-09-28,-0.004651,7.115755
2022-09-29,-0.035111,-2.400258
2022-09-30,-0.047178,-15.299332
2022-10-08,-0.065584,54.505447
2022-10-09,0.073102,-50.909337
2022-10-10,0.059178,-37.273418
2022-10-11,0.015782,304.179808
2022-10-12,-0.051586,8.949570
2022-10-13,0.043321,-8.925304
2022-10-14,0.036517,27.326536
2022-10-17,-0.025649,50.766616
2022-10-18,-0.028417,19.927994
2022-10-19,0.015557,-10.402130
2022-10-20,-0.047228,14.267090
2022-10-21,-0.026422,13.197837
2022-10-24,-0.026514,-7.988369
2022-10-25,-0.018082,6.514701
2022-10-26,0.045790,-9.838592
2022-10-27,0.046064,-3.001895
2022-10-28,-0.005362,1.747368
2022-10-31,0.015344,16.630129
2022-11-01,-0.078131,5.338822
2022-11-02,-0.074978,19.913219
2022-11-03,-0.018949,7.438332
2022-11-04,-0.048934,10.569195
2022-11-07,-0.031780,4.328952
2022-11-08,-0.062451,-0.867077
2022-11-09,-0.027957,3.442824
2022-11-10,-0.026863,13.261619
2022-11-11,-0.081581,-1.601628
2022-11-14,-0.316499,21.498984
2022-11-15,0.154223,-14.760678
2022-11-16,-0.049288,-11.702850
2022-11-17,0.383798,-67.283592
2022-11-18,0.082523,-45.936933
2022-11-21,0.108135,-17.630800
2022-11-22,0.007642,-67.003448
2022-11-23,0.088343,-380.326524
2022-11-24,0.010158,-88.022569
2022-11-25,-0.097606,-1545.801741
2022-11-28,-0.086221,34.671710
2022-11-29,-0.156988,-16.939659
2022-11-30,0.035221,-59.864272
2022-12-01,0.081722,-185.248995
2022-12-02,0.086818,137.273402
2022-12-05,-0.001584,36.914521
2022-12-06,0.045627,-64.268005
2022-12-07,0.204428,397.975861
2022-12-08,0.146408,3.141941
2022-12-09,0.032630,0.075732
2022-12-12,0.022575,0.397215
2022-12-13,0.053546,68.892427
2022-12-14,0.229279,30.501631
2022-12-15,0.083047,0.682352
2022-12-16,-0.090605,-11.591879
2022-12-19,0.120869,17.108817
2022-12-20,-0.012689,-16.956607
2022-12-21,-0.031412,-6.527068
2022-12-22,0.135169,23.485200
2022-12-23,0.144690,15.777794
2022-12-26,-0.051330,-7.764562
2022-12-27,-0.120852,-20.240382
2022-12-28,-0.003275,11.557206
2022-12-29,0.097710,13.567766
2022-12-30,0.060924,4.109843
2022-12-31,-0.019228,-1.286455
2023-01-03,-0.043067,-13.034228
2023-01-04,-0.011248,-20.939142
2023-01-05,-0.069792,-37.253773
2023-01-06,-0.136665,-32.424324
2023-01-09,-0.075926,-61.926357
2023-01-10,-0.118769,-88.613510
2023-01-11,0.002073,1727.646582
2023-01-12,0.056503,-0.794631
2023-01-13,-0.072524,-30.510647
2023-01-16,-0.130759,-15.523063
2023-01-17,0.049391,1.252863
2023-01-18,0.047247,57.994149
2023-01-19,-0.031860,-24.540554
2023-01-20,0.034618,-0.617230
2023-01-28,-0.069670,89.051203
2023-01-29,0.017966,-9.571119
2023-01-30,-0.006262,-9.361951
2023-01-31,0.055886,31.226002
2023-02-01,0.013102,6.188436
2023-02-02,0.012025,2.756273
2023-02-03,0.051297,21.550207
2023-02-06,-0.051209,10.212335
2023-02-07,-0.046145,-9.105009
2023-02-08,-0.020106,-19.286785
2023-02-09,0.013701,-4.642091
2023-02-10,0.020464,-14.466490
2023-02-13,-0.050295,-16.505620
2023-02-14,-0.016961,-8.539479
2023-02-15,-0.013735,-24.518388
2023-02-16,-0.026563,-126.676533
2023-02-17,-0.035495,222.348392
2023-02-20,-0.137923,130.925608
2023-02-21,-0.044616,-3.938001
2023-02-22,0.045059,-21.829582
2023-02-23,-0.041176,30.419110
2023-02-24,-0.036010,9.516107
2023-02-27,-0.064949,9.276938
2023-02-28,-0.000949,-4.436102
2023-03-01,-0.018460,-20.667110
2023-03-02,-0.032992,8.703504
2023-03-03,-0.049207,-12.964313
2023-03-06,0.077674,-24.115994
2023-03-07,0.044208,-13.549453
2023-03-08,-0.013352,61.634881
2023-03-09,-0.015030,-18.459567
2023-03-10,0.010279,-0.077333
2023-03-13,-0.037474,19.443236
2023-03-14,-0.026066,14.093234
2023-03-15,-0.039590,-3.942925
2023-03-16,0.012951,3.797102
2023-03-17,-0.013674,-7.569715
2023-03-20,0.073522,-36.367169
2023-03-21,-0.020606,84.323093
2023-03-22,-0.061722,0.998193
2023-03-23,0.015008,-12.655621
2023-03-24,-0.036676,-8.142193
2023-03-27,0.006114,-19.380854
2023-03-28,0.017745,2.002633
2023-03-29,0.035674,-28.073895
2023-03-30,0.024510,8.375996
2023-03-31,-0.013383,-48.750466
2023-04-03,-0.004838,76.293878
2023-04-04,-0.018390,19.936181
2023-04-06,-0.035916,23.866526
2023-04-07,-0.023459,-27.995581
2023-04-10,0.010430,3.694078
2023-04-11,0.036901,-11.035324
2023-04-12,0.019081,-7.501544
2023-04-13,-0.022734,12.197744
2023-04-14,-0.020624,20.871746
2023-04-17,-0.080072,22.424101
2023-04-18,-0.013476,-8.788391
2023-04-19,0.045525,10.055265
2023-04-20,-0.030753,8.638338
2023-04-21,-0.018470,-8.267547
2023-04-23,-0.000664,-2.898519
2023-04-24,0.016494,6.585702
2023-04-25,0.021158,-13.124293
2023-04-26,0.036055,-20.062677
2023-04-27,0.088670,-36.790802
2023-04-28,-0.013591,0.878030
2023-05-04,0.009243,1.397991
2023-05-05,0.048770,-51.234526
2023-05-06,0.017967,-40.016155
2023-05-08,-0.082323,296.333303
2023-05-09,0.013659,-46.223152
2023-05-10,0.047268,-67.623428
2023-05-11,0.115995,-319.165593
2023-05-12,-0.039227,68.463734
2023-05-15,-0.039162,-67.248152
2023-05-16,-0.039956,-269.932728
2023-05-17,-0.026253,144.687307
2023-05-18,-0.046903,5.038937
2023-05-19,0.047220,-37.719536
2023-05-22,0.046970,-103.687757
2023-05-23,0.091741,782.878816
2023-05-24,-0.026085,-284.214036
2023-05-25,-0.035157,-5.716780
2023-05-26,-0.016179,37.905004
2023-05-29,0.010168,-159.079479
2023-05-30,0.051674,-63.933282
2023-05-31,0.009053,1080.742923
2023-06-01,0.081931,24.657436
2023-06-02,-0.032246,-35.376722
2023-06-05,0.014356,13.090704
2023-06-06,0.070190,46.183548
2023-06-07,0.034953,-20.018807
2023-06-08,-0.056789,-29.163857
2023-06-09,0.030660,-8.274017
2023-06-12,0.024840,-19.011520
2023-06-13,0.049254,47.080735
2023-06-14,0.063792,-52.349760
2023-06-15,-0.119346,-176.121244
2023-06-16,-0.086822,-148.379423
2023-06-19,-0.060419,-311.974874
2023-06-20,0.042188,-180.653770
2023-06-21,0.071838,3.239767
2023-06-25,0.006229,83.232319
2023-06-26,0.007473,-8.797953
2023-06-27,-0.035322,17.120379
2023-06-28,0.071672,59.352684
2023-06-29,0.023264,53.710259
2023-06-30,0.067881,45.485064
2023-07-03,-0.020809,-22.864584
2023-07-04,0.024041,-2.951995
2023-07-05,-0.006087,6.171391
2023-07-06,0.010848,-24.863848
2023-07-07,-0.002115,-23.319049
2023-07-10,-0.028784,-15.087602
2023-07-11,0.003683,-27.346853
2023-07-12,-0.041173,3.493120
2023-07-13,-0.038193,-36.009874
2023-07-14,-0.028923,72.080957
2023-07-17,0.010060,-1.580727
2023-07-18,0.001001,5.634401
2023-07-19,0.014135,-30.485015
2023-07-20,-0.009245,28.399838
2023-07-21,0.016346,-38.167046
2023-07-24,-0.012847,3.073392
2023-07-25,-0.138838,-305.494153
2023-07-26,0.016718,-153.736192
2023-07-27,0.076942,103.292402
2023-07-28,-0.017521,5.900205
2023-07-31,-0.049722,-8.153831
2023-08-01,0.067985,-51.081162
2023-08-02,0.016060,8.954530
2023-08-03,0.070593,90.427953
2023-08-04,-0.038506,-20.400795
2023-08-07,-0.009974,-90.890190
2023-08-08,-0.019264,187.677342
2023-08-09,-0.004202,18.659123
2023-08-10,-0.047410,-309.467056
2023-08-11,-0.014823,23.527720
2023-08-14,0.019966,-68.834494
2023-08-15,0.027872,21.301249
2023-08-16,0.046107,71.651508
2023-08-17,-0.004467,125.763381
2023-08-18,0.015256,-27.218037
2023-08-21,0.036131,78.058468
2023-08-22,-0.058085,70.035106
2023-08-23,-0.042141,22.096912
2023-08-24,0.006355,-5.294338
2023-08-25,-0.065285,23.648291
2023-08-28,-0.125100,-14.286732
2023-08-29,0.006184,3.523077
2023-08-30,0.054101,-11.005116
2023-08-31,0.081788,6.312398
2023-09-01,-0.086106,18.095185
2023-09-04,-0.102223,-15.328984
2023-09-05,0.037027,-29.283297
2023-09-06,-0.038331,-43.832226
2023-09-07,0.039552,-97.400413
2023-09-08,0.115654,-3542.155954
2023-09-11,0.088694,79.844229
2023-09-12,0.112826,30.696787
2023-09-13,0.016017,-0.484151
2023-09-14,-0.029830,-17.520889
2023-09-15,-0.030177,-41.892543
2023-09-18,-0.112061,7.795490
2023-09-19,0.014265,-33.337480
2023-09-20,-0.006687,21.416815
2023-09-21,0.021925,-10.102064
2023-09-22,-0.018340,-40.287971
2023-09-25,-0.066578,-40.007375
2023-09-26,-0.026138,-63.186532
2023-09-27,0.027878,663.859789
2023-09-28,0.106876,103.914656
2023-10-07,-0.020366,35.948182
2023-10-08,0.029032,6.489348
2023-10-09,-0.037113,-0.635625
2023-10-10,-0.067490,-45.739778
2023-10-11,-0.081503,-83.281946
2023-10-12,-0.007431,38.073755
2023-10-13,0.088053,34.886514
2023-10-16,-0.005193,-14.959495
2023-10-17,-0.063621,-187.091627
2023-10-18,-0.020602,124.602153
2023-10-19,-0.069637,47.016917
2023-10-20,0.018836,-97.260894
2023-10-23,0.100258,-2757.753980
2023-10-24,-0.016934,20.353614
2023-10-25,0.143663,154.638130
2023-10-26,0.070781,-35.081366
2023-10-27,-0.027244,30.497160
2023-10-30,0.032088,2.649231
2023-10-31,0.064834,-24.307118
2023-11-01,-0.031169,-20.363548
2023-11-02,0.043507,26.817407
2023-11-03,-0.046761,-14.635066
2023-11-06,-0.037538,-55.798346
2023-11-07,-0.032171,-78.026701
2023-11-08,-0.039303,-97.317150
2023-11-09,0.013617,-21333.674792
2023-11-10,-0.040944,-141.287321
2023-11-13,-0.001549,-40.611346
2023-11-14,-0.041984,-25.035533
2023-11-15,0.004922,24.371652
2023-11-16,0.018324,-24.394062
2023-11-17,-0.028974,-446.743151
2023-11-20,-0.047268,156.209283
2023-11-21,-0.049027,77.151488
2023-11-22,-0.032387,33.309512
2023-11-23,-0.078717,-16.071502
2023-11-24,0.019864,2.464638
2023-11-27,-0.039985,30.398036
2023-11-28,0.029038,-23.979948
2023-11-29,0.007462,-14.080662
2023-11-30,0.050209,-22.102378
2023-12-01,-0.024184,14.230755
2023-12-04,-0.035849,17.278275
2023-12-05,-0.029989,-11.740050
2023-12-06,0.013868,13.247508
2023-12-07,0.024799,-66.393762
2023-12-08,0.072997,-84.327762
2023-12-11,0.058448,-127.723035
2023-12-12,0.037518,4245.497468
2023-12-13,0.106856,52.366074
2023-12-14,-0.001988,-8.923820
2023-12-15,0.025276,15.799733
2023-12-18,0.009652,-30.090299
2023-12-19,-0.059062,-41.959187
2023-12-20,-0.026345,-39.520096
2023-12-21,-0.012310,192.648363
2023-12-22,0.053387,-50.365206
2023-12-25,0.017939,50.171824
2023-12-26,0.113165,51.275676
2023-12-27,0.044038,85.343483
2023-12-28,0.012022,-1.000049
2023-12-29,-0.104007,-13.867977
2023-12-31,0.026401,4.315840
2024-01-02,-0.130495,-75.373398
2024-01-03,-0.053752,-4.555013
2024-01-04,0.023441,-10.980649
2024-01-05,0.007406,12.210636
2024-01-08,-0.040705,-115.860307
2024-01-09,-0.012989,511.655029
2024-01-10,-0.045811,86.179876
2024-01-11,-0.039240,-5.879756
2024-01-12,-0.031767,46.763826
2024-01-15,-0.009467,-49.230439
2024-01-16,-0.025689,5.026712
2024-01-17,0.020099,68.967516
2024-01-18,0.032536,-13.156782
2024-01-19,0.024051,-43.625474
2024-01-22,0.027045,72.069631
2024-01-23,-0.034042,51.020643
2024-01-24,-0.008357,-13.628580
2024-01-25,0.107659,-46.566287
2024-01-26,-0.013418,37.486555
2024-01-29,0.009822,-37.475222
2024-01-30,0.094643,-25.778208
2024-01-31,-0.003272,168.537446
2024-02-01,-0.054428,-0.139558
2024-02-02,-0.038839,-2.592108
2024-02-04,0.085203,-4.096092
2024-02-05,-0.065041,23.358867
2024-02-06,-0.084386,53.962289
2024-02-07,-0.010019,-54.307546
2024-02-08,0.035689,10.806038
2024-02-09,0.006745,-6.839170
2024-02-18,-0.023714,-24.145681
2024-02-19,0.007553,-12.788075
2024-02-20,0.041547,-95.701857
2024-02-21,0.041054,-203.062321
2024-02-22,0.027457,1269.854780
2024-02-23,0.059826,-17.331508
2024-02-26,-0.043134,19.871456
2024-02-27,0.005974,-189.476710
2024-02-28,-0.001101,-12.565894
2024-02-29,0.033757,88.633188
2024-03-01,-0.116991,102.874283
2024-03-04,-0.002058,-15.075248
2024-03-05,0.019145,-40.145075
2024-03-06,0.200479,-221.897682
2024-03-07,-0.036799,-214.525183
2024-03-08,-0.063121,8.703220
2024-03-11,-0.059730,20.915131
2024-03-12,-0.107159,30.690757
2024-03-13,-0.035855,-22.174923
2024-03-14,0.019975,-65.974973
2024-03-15,0.019102,-186.722236
2024-03-18,0.094387,269.803032
2024-03-19,0.062604,22.280789
2024-03-20,-0.043475,-50.302247
2024-03-21,-0.009570,63.338244
2024-03-22,0.011489,-40.889677
2024-03-25,-0.062718,76.537137
2024-03-26,0.004861,47.740857
2024-03-27,0.082037,59.197661
2024-03-28,0.015555,-31.351343
2024-03-29,-0.006405,12.059326
2024-04-01,-0.062879,-20.624310
2024-04-02,0.039778,9.235980
2024-04-03,0.006791,0.312687
2024-04-07,-0.027871,1.349618
2024-04-08,0.025602,11.759568
2024-04-09,0.036584,-21.558659
2024-04-10,-0.040394,-24.625598
2024-04-11,0.046586,16.250410
2024-04-12,0.065522,-12.244522
2024-04-15,-0.080455,-57.055953
2024-04-16,-0.043961,-108.421318
2024-04-17,0.009451,-104.119396
2024-04-18,0.041537,12031.368303
2024-04-19,0.024048,-144.490895
2024-04-22,-0.013118,23.222919
2024-04-23,0.025246,246.623188
2024-04-24,-0.069555,-18.132064
2024-04-25,0.049381,-251.974967
2024-04-26,-0.099116,-9.481790
2024-04-28,-0.120068,-160.464831
2024-04-29,-0.066603,-215.734206
2024-04-30,0.180565,230.437272
2024-05-06,0.064498,22.509498
2024-05-07,0.033607,-17.500110
2024-05-08,-0.072602,-77.901220
2024-05-09,-0.068871,-53.105988
2024-05-10,-0.010453,250.825462
2024-05-11,-0.080201,-13.542799
2024-05-13,0.118575,171.518913
2024-05-14,0.040984,-47.547388
2024-05-15,-0.033056,-9.600274
2024-05-16,-0.020421,-147.802501
2024-05-17,0.009849,-329.687210
2024-05-20,0.010423,-75.588093
2024-05-21,-0.053508,-237.514014
2024-05-22,0.006163,26.379807
2024-05-23,0.023696,-32.399835
2024-05-24,-0.028768,168.138996
2024-05-27,-0.031986,-11.217044
2024-05-28,0.022083,14.578910
2024-05-29,0.024572,79.143266
2024-05-30,-0.023229,6.256145
2024-05-31,-0.022253,-29.485391
2024-06-03,0.045612,-75.860901
2024-06-04,-0.001474,226.338767
2024-06-05,0.032313,14.013848
2024-06-06,-0.005644,24.342766
2024-06-07,-0.037223,23.433735
2024-06-11,0.003621,-14.194375
2024-06-12,-0.014467,34.588762
2024-06-13,-0.013205,31.980352
2024-06-14,-0.030701,-8.502380
2024-06-17,-0.026784,6.333700
2024-06-18,0.011489,-34.706100
2024-06-19,0.067420,-101.727521
2024-06-20,0.047017,-1153.906845
2024-06-21,-0.049185,165.164709
2024-06-24,0.026747,-71.394111
2024-06-25,0.063545,-324.872530
2024-06-26,0.037204,154.834509
2024-06-27,0.047810,38.034993
2024-06-28,0.000094,-48.618332
2024-07-01,-0.044670,-147.016282
2024-07-02,0.000470,-325.943424
2024-07-03,0.078032,-2.435620
2024-07-04,-0.034639,-119.789357
2024-07-05,-0.088687,260.448912
2024-07-08,-0.129673,121.983165
2024-07-09,0.073964,-7.254438
2024-07-10,-0.018344,32.759401
2024-07-11,-0.016012,11.543474
2024-07-12,0.009690,16.108232
2024-07-15,-0.007855,-11.578784
2024-07-16,-0.006386,5.326707
2024-07-17,-0.006853,13.729601
2024-07-18,-0.030464,41.708206
2024-07-19,-0.000925,-27.900313
2024-07-22,0.112706,-46.410845
2024-07-23,0.060541,-9.502969
2024-07-24,-0.023997,61.584138
2024-07-25,-0.027367,31.673217
2024-07-26,-0.036821,22.543680
2024-07-29,-0.028847,10.186417
2024-07-30,-0.031553,-3.655379
2024-07-31,0.059628,-18.560395
2024-08-01,0.005160,-22.157250
2024-08-02,0.000375,13.571816
2024-08-05,-0.029553,17.542607
2024-08-06,-0.064981,0.897522
2024-08-07,0.012353,6.493792
2024-08-08,-0.046427,21.945493
2024-08-09,-0.065282,2.182699
2024-08-12,-0.082722,24.828873
2024-08-13,0.081074,-38.868594
2024-08-14,0.059239,27.303051
2024-08-15,-0.135423,47.848311
2024-08-16,-0.056709,4.293121
2024-08-19,-0.017158,6.193150
2024-08-20,0.012530,2.695939
2024-08-21,-0.013456,-20.827375
2024-08-22,0.062584,-15.260997
2024-08-23,0.060679,-50.642091
2024-08-26,0.118517,-56.775318
2024-08-27,0.003619,12.705438
2024-08-28,0.004991,-169.067313
2024-08-29,-0.008328,-138.038553
2024-08-30,-0.040061,303.519349
2024-09-02,0.091343,-191.065103
2024-09-03,0.012269,-0.342950
2024-09-04,0.025108,-73.932683
2024-09-05,-0.016585,-535.178581
2024-09-06,-0.038844,-11.522298
2024-09-09,0.007291,-3.943031
2024-09-10,0.016805,31.245360
2024-09-11,0.080981,-72.473362
2024-09-12,0.022913,147.466642
2024-09-13,0.011117,45.308542
2024-09-14,0.015944,-2.887939
2024-09-18,-0.033270,34.956353
2024-09-19,-0.021987,31.622179
2024-09-20,-0.001671,-12.274599
2024-09-23,0.033394,1.025511
2024-09-24,0.006735,47.254359
2024-09-25,0.112399,-67.840908
2024-09-26,0.048022,27.990120
2024-09-27,-0.263464,-151.771289
2024-09-29,-0.163190,211.598599
2024-09-30,0.393535,216.224596
2024-10-08,-0.014407,22.194204
2024-10-09,0.294798,82.516207
2024-10-10,0.169059,22.212055
2024-10-11,0.004066,-13.795480
2024-10-12,-0.186747,-12.282399
2024-10-14,-0.126604,-21.356009
2024-10-15,-0.144494,-19.429726
2024-10-16,-0.059554,-36.612193
2024-10-17,-0.053178,-4.093617
2024-10-18,-0.045328,-31.160270
2024-10-21,-0.088796,-27.112349
2024-10-22,-0.055359,-83.346469
2024-10-23,-0.005547,376.448811
2024-10-24,0.039864,-22.929725
2024-10-25,0.036393,140.821542
2024-10-28,0.077089,36.942559
2024-10-29,0.041346,13.936795
2024-10-30,0.025223,2.553668
2024-10-31,0.018929,10.377984
2024-11-01,0.034672,3.798724
2024-11-04,-0.006432,-20.956992
2024-11-05,0.000511,-0.473934
2024-11-06,-0.013861,-16.054738
2024-11-07,0.030952,1.533645
2024-11-08,-0.016206,-33.348104
2024-11-11,-0.026223,-27.184614
2024-11-12,0.005621,0.710598
2024-11-13,-0.046931,-18.380145
2024-11-14,-0.042602,-6.872727
2024-11-15,-0.025443,-26.481062
2024-11-18,-0.061805,-101.711116
2024-11-19,-0.033536,-640.117478
2024-11-20,-0.030152,-385.409370
2024-11-21,0.002643,-195.071211
2024-11-22,-0.048625,-417.301848
2024-11-25,-0.021504,112.724544
2024-11-26,-0.039406,41.743789
2024-11-27,-0.046778,17.530673
2024-11-28,-0.001555,1.383521
2024-11-29,0.036071,-27.934220
2024-12-02,0.131794,3.183386
2024-12-03,-0.069105,67.135220
2024-12-04,-0.022250,1.841323
2024-12-05,-0.046815,28.728904
2024-12-06,-0.051871,13.655160
2024-12-09,0.010481,-15.596954
2024-12-10,0.142030,-23.012597
2024-12-11,0.002463,2.414835
2024-12-12,0.100116,-49.615506
2024-12-13,0.152193,-17.614390
2024-12-16,0.044779,-6.832353
2024-12-17,-0.047143,62.524488
2024-12-18,0.021057,-31.028550
2024-12-19,0.066170,-140.674468
2024-12-20,0.145176,307.925760
2024-12-23,0.056050,28.923218
2024-12-24,-0.001966,33.932704
2024-12-25,-0.090964,-28.008562
2024-12-26,-0.000086,29.641355
2024-12-27,0.071102,-4.468841
2024-12-30,-0.036837,-27.912500
2024-12-31,-0.026657,-75.983160
2025-01-02,-0.027427,-48.743685
2025-01-03,0.022883,162.158787
2025-01-06,-0.064795,-208.453755
2025-01-07,-0.105251,46.132097
2025-01-08,-0.074910,78.454571
2025-01-09,-0.092010,24.744835
2025-01-10,-0.039986,-13.517622
2025-01-13,-0.057635,61.117809
2025-01-14,0.135463,-67.999909
2025-01-15,0.064420,45.320651
2025-01-16,-0.034040,-4.446809
2025-01-17,0.037293,-30.208759
2025-01-20,0.018727,-38.357354
2025-01-21,0.049218,-132.317595
2025-01-22,0.032815,-326.957100
2025-01-23,-0.063927,170.281401
2025-01-24,-0.023638,6.604220
2025-01-26,0.039938,-2.418891
2025-01-27,0.040553,-121.271824
2025-02-05,0.031395,-2.888759
2025-02-06,0.032966,205.485362
2025-02-07,0.004637,-119.306745
2025-02-08,-0.038685,-65.442245
2025-02-10,-0.067003,1128.618750
2025-02-11,-0.034349,-82.632533
2025-02-12,0.000586,326.639723
2025-02-13,-0.057623,120.517774
2025-02-14,-0.078223,48.810649
2025-02-17,-0.047842,0.831948
2025-02-18,-0.046771,14.517158
2025-02-19,0.083813,-26.260616
2025-02-20,-0.029626,29.515366
2025-02-21,-0.095015,-11.627695
2025-02-24,-0.076817,11.580035
2025-02-25,0.033890,-110.428590
2025-02-26,0.045503,159.054327
2025-02-27,-0.050633,-115.389653
2025-02-28,0.050681,-1116.233775
2025-03-03,0.166379,199.221411
2025-03-04,0.052157,-10.337876
2025-03-05,-0.011323,3.221767
2025-03-06,-0.082932,-46.437654
2025-03-07,-0.069773,17.444167
2025-03-10,0.003052,55.095603
2025-03-11,-0.103094,0.344277
2025-03-12,0.119400,101.355242
2025-03-13,0.035046,-10.482050
2025-03-14,0.013940,10.717876
2025-03-17,-0.074968,-20.330143
2025-03-18,0.002619,-8.111981
2025-03-19,-0.000147,-3.484141
2025-03-20,0.043570,-48.907637
2025-03-21,-0.058935,-66.516122
2025-03-24,-0.066843,-204.078628
2025-03-25,0.019052,83.955048
2025-03-26,-0.051246,-6.702564
2025-03-27,0.004480,106.908123
2025-03-28,-0.008120,11.381995
2025-03-31,-0.006909,1.723559
2025-04-01,0.003209,30.053294
2025-04-02,0.029901,-12.162875
2025-04-03,0.153598,-22.871627
2025-04-07,0.106445,12.212389
2025-04-08,-0.133354,89.631655
2025-04-09,0.008546,-18.539342
2025-04-10,0.035429,-22.852943
2025-04-11,0.122746,-29.327683
2025-04-14,-0.050687,-33.996892
2025-04-15,-0.005987,53.478614
2025-04-16,0.027765,-11.566160
2025-04-17,0.005545,7.152344
2025-04-18,-0.032772,-18.729848
2025-04-21,-0.031667,-36.903089
2025-04-22,0.019655,-29.677946
2025-04-23,-0.005949,-51.844738
2025-04-24,0.022266,-43.878660
2025-04-25,0.009196,-254.878930
2025-04-27,-0.015315,168.652855
2025-04-28,0.035993,6.669041
2025-04-29,0.051068,147.517893
2025-04-30,0.056110,-8.753954
2025-05-06,-0.003515,-11.048622
2025-05-07,0.039311,-4.144776
2025-05-08,0.056637,52.554699
2025-05-09,0.010933,-13.130774
2025-05-12,-0.050579,-32.369816
2025-05-13,-0.012719,39.496223
2025-05-14,-0.054636,-48.445026
2025-05-15,-0.074342,-96.219182
2025-05-16,-0.078874,698.207786
2025-05-19,0.029270,149.600853
2025-05-20,0.007198,49.847223
2025-05-21,-0.032110,-37.070042
2025-05-22,-0.009402,-39.503959
2025-05-23,-0.028574,-2.128786
2025-05-26,-0.000390,-104.700999
2025-05-27,-0.035200,2341.610137
2025-05-28,-0.031572,-11.735195
2025-05-29,-0.035596,-58.166166
2025-05-30,0.058012,139.332093
2025-06-03,-0.018176,47.424105
2025-06-04,0.011332,-40.118871
2025-06-05,0.039708,-94.425853
2025-06-06,0.060671,-1622.091584
2025-06-09,0.017770,-11.693978
2025-06-10,-0.033517,26.061218
2025-06-11,0.000172,26.081802
2025-06-12,-0.004808,-61.880840
2025-06-13,-0.014798,72.279175
2025-06-16,-0.001125,-37.106575
2025-06-17,0.027987,413.150179
2025-06-18,0.015515,-16.304393
2025-06-19,0.003912,30.445765
2025-06-20,-0.002519,-30.753013
2025-06-23,0.009248,-46.007858
2025-06-24,-0.002334,-61.604694
2025-06-25,0.007754,-98.986481
2025-06-26,0.023534,24369.653043
2025-06-27,0.029364,-27.586686
2025-06-30,-0.013014,38.909208
2025-07-01,-0.013053,144.062546
2025-07-02,0.035839,-53.838143
2025-07-03,-0.011479,-54.684173
2025-07-04,-0.028326,-167.155154
2025-07-07,-0.019623,438.042367
2025-07-08,-0.029120,51.957127
2025-07-09,-0.029228,-11.215637
2025-07-10,-0.017753,32.015739
2025-07-11,-0.009125,-26.054976
2025-07-14,-0.014447,-7.678203
2025-07-15,0.066383,-19.237459
2025-07-16,-0.005576,8.608713
2025-07-17,-0.004892,115.607806
2025-07-18,-0.019299,-1.567974
2025-07-21,-0.008259,-18.529294
2025-07-22,-0.014321,15.976186
2025-07-23,-0.048085,-40.352564
2025-07-24,-0.033836,-6.003929
2025-07-25,0.015736,-124.766302
2025-07-28,0.066881,53.268751
2025-07-29,-0.019261,165.496253
2025-07-30,0.005618,73.320443
2025-07-31,0.073829,-19.442878
2025-08-01,-0.022415,-10.653926
2025-08-04,0.005588,-67.043481
2025-08-05,-0.066224,-239.496973
2025-08-06,-0.001751,72.959672
2025-08-07,0.027219,0.903321
2025-08-08,0.031852,-81.003589
2025-08-11,-0.017675,37.062786
2025-08-12,-0.029197,319.200805
2025-08-13,-0.001333,-35.178348
2025-08-14,0.028046,-35.932708
2025-08-15,-0.023251,100.553109
2025-08-18,-0.092418,-53.634625
2025-08-19,0.039852,-245.527829
2025-08-20,0.032714,-48.391466
2025-08-21,-0.004332,167.880162
2025-08-22,0.023301,53.897690
2025-08-25,0.000885,19.794354
2025-08-26,0.054707,39.162555
2025-08-27,-0.026282,-29.044391
2025-08-28,-0.007174,-116.456261
2025-08-29,-0.003327,-211.173303
2025-09-01,0.021014,134.247736
2025-09-02,0.056108,5.683292
2025-09-03,0.050283,86.946192
2025-09-04,0.020110,-50.446711
2025-09-05,-0.079946,-54.289206
2025-09-08,-0.063535,3.833772
2025-09-09,-0.036437,-243.778637
2025-09-10,-0.064559,240.609476
2025-09-11,-0.011510,-47.682140
2025-09-12,0.041751,-48.333219
2025-09-15,0.040278,361.632503
2025-09-16,0.023368,37.696626
2025-09-17,0.085930,-24.036276
2025-09-18,0.004446,15.752720
2025-09-19,-0.018039,-13.477924
2025-09-22,0.011720,-59.287242
2025-09-23,-0.004654,44.755330
2025-09-24,-0.020528,-128.228689
2025-09-25,-0.003707,8.059662
2025-09-26,0.052484,4.602684
2025-09-28,0.032817,98.745078
2025-09-29,0.002766,8.869979
2025-09-30,0.038688,115.597044
2025-10-09,0.002928,-7.251856
2025-10-10,0.003292,-15.346005
2025-10-11,0.036258,30.401386
2025-10-13,-0.051988,-50.206314
2025-10-14,-0.051223,45.074228
2025-10-15,0.004156,-22.374004
2025-10-16,-0.020930,-25.651277
2025-10-17,0.006993,-13.364050
2025-10-20,-0.042343,19.068069
2025-10-21,-0.030326,-38.625133
2025-10-22,-0.009628,-80.892392
2025-10-23,-0.026694,-357.224776
2025-10-24,-0.031406,113.181165
2025-10-27,0.001240,-114.403790
2025-10-28,0.070526,282.663979
2025-10-29,-0.019541,80.322640
2025-10-30,0.024306,-33.400074
2025-10-31,0.027897,-197.080676
2025-11-03,-0.019934,168.176945
2025-11-04,-0.047476,50.273567
2025-11-05,0.001765,-9.379527
2025-11-06,-0.046760,35.517474
2025-11-07,-0.043954,85.827933
2025-11-10,-0.015363,-17.694059
2025-11-11,0.030967,-16.992162
2025-11-12,0.022515,8.756213
2025-11-13,0.017034,17.331731
2025-11-14,0.015553,-16.449593
2025-11-17,0.024358,-13.288277
2025-11-18,-0.020767,23.349513
2025-11-19,-0.012124,3.424617
2025-11-20,0.018630,8.100623
2025-11-21,0.017886,-23.582825
2025-11-24,0.012353,-15.491178
2025-11-25,-0.002807,-32.455891
2025-11-26,-0.030851,12.422676
2025-11-27,0.011942,-61.308200
2025-11-28,0.006219,-151.612188
2025-12-01,0.028090,177.756094
2025-12-02,-0.007175,-1.298653
2025-12-03,-0.009112,-71.545660
2025-12-04,-0.033386,-632.364855
2025-12-05,0.002048,2.221605
2025-12-08,0.034507,-64.760674
2025-12-09,0.029594,-202.594139
2025-12-10,0.024739,-3.338156
2025-12-11,0.040932,-43.623982
2025-12-12,-0.000475,-213.384852
2025-12-15,-0.049328,-89.989740
2025-12-16,-0.008336,-1060.027990
2025-12-17,0.042668,-71.677550
2025-12-18,0.037641,2217.576722
2025-12-19,0.022541,30.155352
2025-12-22,-0.002755,-22.372792
2025-12-23,0.007875,47.954067
2025-12-24,0.012536,-9.949586
2025-12-25,-0.012112,-19.560459
2025-12-26,-0.006363,30.023181
2025-12-29,-0.027313,13.405651
2025-12-30,-0.045957,28.133078
2025-12-31,-0.019824,13.461893
2026-01-04,0.020504,10.974082
2026-01-05,-0.021607,-18.322391
2026-01-06,-0.080131,-6.783939
2026-01-07,-0.038822,-17.888716
2026-01-08,0.032004,-0.178325
2026-01-09,0.021955,-4.575503
2026-01-12,0.021439,5.462958
2026-01-13,0.001578,-6.723954
2026-01-14,0.010031,-14.383399
2026-01-15,0.032639,8.670481
2026-01-16,-0.003665,-20.656281
2026-01-19,0.009811,-12.208602
2026-01-20,0.002364,-6.470256
2026-01-21,-0.015465,-73.431995
2026-01-22,-0.019718,-291.515896
2026-01-23,-0.008078,-112.404535
2026-01-26,-0.009132,-775.741624
2026-01-27,-0.028502,104.250489
2026-01-28,-0.002562,48.236807
2026-01-29,0.027228,-35.732751
2026-01-30,-0.019484,8.554605
2026-02-02,0.011005,34.761384
2026-02-03,-0.009241,-1.234610
2026-02-04,0.006658,14.112934
2026-02-05,0.021598,-21.342909
2026-02-06,0.035067,-34.762785
2026-02-09,0.016657,-57.192205
2026-02-10,-0.019817,101.599620
2026-02-11,0.000529,5.862007
2026-02-12,-0.003177,-1.384788
2026-02-13,-0.006417,-1.400239
2026-02-14,-0.034757,-14.554401
2026-02-24,0.003804,71.420273
2026-02-25,-0.030203,12.886799
2026-02-26,-0.038945,19.705801
2026-02-27,-0.004873,-4.554618
2026-02-28,0.027598,-70.560253
2026-03-02,0.013733,-97.855854
2026-03-03,0.027088,-1485.386884
2026-03-04,0.031648,521.416259
2026-03-05,0.016395,-55.864588
2026-03-06,-0.030184,-13.021554
2026-03-09,-0.042825,-192.885285
2026-03-10,-0.017955,8.770193
2026-03-11,-0.000720,53.512263
2026-03-12,0.031269,-233.865134
2026-03-13,0.040468,4.011008
2026-03-16,-0.004304,-23.200671
2026-03-17,0.010611,-10.983798
2026-03-18,0.025654,125.023802
2026-03-19,0.009528,-102.568773
2026-03-20,-0.005033,-434.976171
2026-03-23,-0.014081,-356.555343
2026-03-24,-0.029889,106.901952
2026-03-25,-0.017995,-52.657354
2026-03-26,-0.010844,63.007400
2026-03-27,-0.003538,-237.730910
2026-03-30,0.053796,152.717849
2026-03-31,-0.006620,-16.986113
2026-04-01,-0.049593,-64.029985
2026-04-02,-0.021098,69.627166
2026-04-03,0.026797,-6.136085
2026-04-07,0.000193,-106.286584
2026-04-08,-0.066785,802.330292
2026-04-09,-0.027263,259.723706
2026-04-10,-0.030067,38.863106
2026-04-13,0.005858,19.669896
2026-04-14,-0.003519,31.902928
2026-04-15,0.024967,-27.893727
2026-04-16,0.042278,-31.093613
2026-04-17,0.043655,-53.146380
2026-04-20,0.015712,34.723514
2026-04-21,-0.008385,-13.007770
2026-04-22,0.025633,-0.776541
2026-04-23,0.001416,-12.555291
2026-04-24,-0.012061,24.998256
2026-04-27,-0.052633,71.526731
2026-04-28,0.012777,-26.178514
2026-04-29,0.037735,-81.633028
2026-04-30,-0.014684,-27.272860
2026-05-06,-0.027766,170.934801
2026-05-07,0.039714,-109.446850
2026-05-08,0.032863,-131.123218
2026-05-09,0.021570,-5286.979511
2026-05-11,0.005346,70.894994
2026-05-12,0.021290,-9.331231
2026-05-13,0.025929,26.225171
2026-05-14,0.000434,-1.025171
2026-05-15,-0.019649,20.190374
2026-05-18,-0.020260,-6.522054
2026-05-19,0.025473,-30.853845
2026-05-20,-0.004076,-31.724622
2026-05-21,-0.031427,-84.955987
2026-05-22,-0.038501,102.895550
2026-05-25,0.004508,40.883319
2026-05-26,0.026793,308.233618
2026-05-27,0.071306,37.669673
2026-05-28,0.029132,-14.802402
2026-05-29,-0.027853,-15.162680
2026-06-01,0.001909,-46.818287
2026-06-02,-0.034511,-181.474577
2026-06-03,-0.040138,136.926588
2026-06-04,-0.012466,-29.789258
2026-06-05,-0.026670,94.279747
2026-06-08,-0.027929,-37.593336
2026-06-09,-0.011942,-16.231819
2026-06-10,-0.018444,-31.199154
2026-06-11,-0.011535,-81.411486
2026-06-12,-0.004003,-655.076312
2026-06-15,-0.009096,-44.142530
2026-06-16,0.031327,275.400200
2026-06-17,0.045216,-24.991135
2026-06-18,0.024274,-17.435077
2026-06-22,-0.006762,-46.071640
2026-06-23,-0.015861,44.059245
2026-06-24,0.001390,-51.001461
2026-06-25,0.030224,-18.226003
2026-06-26,0.006850,-46.912448
2026-06-29,0.043910,272.178865
2026-06-30,0.010852,-186.129573
2026-07-01,-0.041893,16.583811
2026-07-02,-0.015315,-185.949429
2026-07-03,0.000200,8.844625
2026-07-06,0.027553,-12.912786
2026-07-07,-0.009547,-9.711813
2026-07-08,-0.010324,-113.649514
2026-07-09,-0.007500,-4.135570
2026-07-10,-0.032608,318.794525
2026-07-13,-0.014450,16.928947
2026-07-14,-0.015494,124.475441
2026-07-15,0.012856,89.753669
2026-07-16,-0.014446,-3.838203
2026-07-17,-0.027354,-43.741279
