日期,国开债_3Y,中短期票据AA_3Y,企业债AA财富_3-5年,国开债总财富_3-5年,利差_AA中票减国开_bp
2020-01-02,2.9489,3.7771,222.4630,196.1484,82.8200
2020-01-03,2.9662,3.7871,222.5730,196.0862,82.0900
2020-01-06,2.9569,3.7572,222.7298,196.1366,80.0300
2020-01-07,2.9740,3.7578,222.7539,196.2025,78.3800
2020-01-08,2.9599,3.7358,222.8251,196.2106,77.5900
2020-01-09,2.9591,3.7362,222.8856,196.2240,77.7100
2020-01-10,2.9503,3.7170,222.9407,196.3701,76.6700
2020-01-13,2.9574,3.6971,223.1000,196.4103,73.9700
2020-01-14,2.9931,3.7054,223.1446,196.3320,71.2300
2020-01-15,2.9868,3.7128,223.1984,196.3244,72.6000
2020-01-16,2.9888,3.6940,223.2295,196.3434,70.5200
2020-01-17,2.9798,3.6943,223.2703,196.3816,71.4500
2020-01-19,2.9770,3.6963,223.3247,196.5288,71.9300
2020-01-20,2.9664,3.7162,223.4100,196.5906,74.9800
2020-01-21,2.9767,3.7008,223.4622,196.6995,72.4100
2020-01-22,2.9783,3.6959,223.5368,196.7566,71.7600
2020-01-23,2.9759,3.6992,223.5905,196.8607,72.3300
2020-02-03,2.7691,3.5616,224.6458,198.1231,79.2500
2020-02-04,2.7892,3.5770,224.6156,197.9905,78.7800
2020-02-05,2.8031,3.5748,224.7215,198.0296,77.1700
2020-02-06,2.7898,3.5670,224.7824,198.1190,77.7200
2020-02-07,2.7453,3.5376,224.8764,198.4514,79.2300
2020-02-10,2.6921,3.5125,225.0671,198.7933,82.0400
2020-02-11,2.7178,3.5025,225.1028,198.7797,78.4700
2020-02-12,2.7060,3.4702,225.2725,198.7763,76.4200
2020-02-13,2.6919,3.4726,225.3314,198.8492,78.0700
2020-02-14,2.7046,3.4748,225.4326,198.8811,77.0200
2020-02-17,2.7420,3.4534,225.6230,198.7827,71.1400
2020-02-18,2.7404,3.4434,225.7045,198.7792,70.3000
2020-02-19,2.7518,3.4212,225.7822,198.8274,66.9400
2020-02-20,2.7515,3.4206,225.8698,198.7011,66.9100
2020-02-21,2.7544,3.4139,225.9342,198.7492,65.9500
2020-02-24,2.7255,3.4119,226.0414,199.0343,68.6400
2020-02-25,2.7422,3.4002,226.1140,199.0759,65.8000
2020-02-26,2.7332,3.3831,226.1953,199.1610,64.9900
2020-02-27,2.7220,3.3731,226.2357,199.3154,65.1100
2020-02-28,2.6769,3.3754,226.3094,199.6476,69.8500
2020-03-02,2.6753,3.3417,226.4176,199.6333,66.6400
2020-03-03,2.6666,3.3574,226.5011,199.6302,69.0800
2020-03-04,2.6235,3.3228,226.6505,199.9756,69.9300
2020-03-05,2.6297,3.3302,226.6915,200.0227,70.0500
2020-03-06,2.5700,3.2910,226.7204,200.2902,72.1000
2020-03-09,2.4859,3.2468,226.9201,200.9572,76.0900
2020-03-10,2.5723,3.2625,226.8621,200.5038,69.0200
2020-03-11,2.5852,3.2885,226.7885,200.4693,70.3300
2020-03-12,2.5955,3.2871,226.7990,200.4142,69.1600
2020-03-13,2.6299,3.3280,226.5786,200.1227,69.8100
2020-03-16,2.6327,3.3585,226.5119,200.1999,72.5800
2020-03-17,2.6466,3.4030,226.4242,200.1808,75.6400
2020-03-18,2.6375,3.4004,226.5003,200.1883,76.2900
2020-03-19,2.6121,3.3985,226.4422,200.1854,78.6400
2020-03-20,2.5975,3.3910,226.4242,200.3393,79.3500
2020-03-23,2.5420,3.3416,226.5132,200.6046,79.9600
2020-03-24,2.4974,3.3013,226.6387,200.9578,80.3900
2020-03-25,2.4640,3.3114,226.6500,201.0749,84.7400
2020-03-26,2.3925,3.3295,226.6822,201.5520,93.7000
2020-03-27,2.4229,3.3197,226.7823,201.5665,89.6800
2020-03-30,2.3770,3.3464,226.8225,201.7285,96.9400
2020-03-31,2.3193,3.3328,226.8970,202.1539,101.3500
2020-04-01,2.2753,3.3374,226.8604,202.4769,106.2100
2020-04-02,2.3000,3.3090,226.9320,202.4527,100.9000
2020-04-03,2.2686,3.3082,226.9089,202.4958,103.9600
2020-04-07,1.9783,3.2297,227.1777,204.5578,125.1400
2020-04-08,1.8930,3.1319,227.3489,205.2089,123.8900
2020-04-09,1.8575,3.1324,227.4892,205.1761,127.4900
2020-04-10,1.8760,3.1435,227.6278,205.0589,126.7500
2020-04-13,1.9118,3.1439,227.7068,204.9303,123.2100
2020-04-14,1.8824,3.1443,227.7782,205.0544,126.1900
2020-04-15,1.8227,3.1462,227.9111,205.3309,132.3500
2020-04-16,1.7929,3.1420,227.9864,205.4495,134.9100
2020-04-17,1.8111,3.1475,228.0697,205.4241,133.6400
2020-04-20,1.7949,3.1496,228.1074,205.3916,135.4700
2020-04-21,1.7809,3.1269,228.1841,205.5404,134.6000
2020-04-22,1.7418,3.1050,228.2052,205.8478,136.3200
2020-04-23,1.6865,3.0421,228.4087,206.1265,135.5600
2020-04-24,1.7187,3.0363,228.4925,206.0597,131.7600
2020-04-26,1.7366,3.0369,228.5930,206.0540,130.0300
2020-04-27,1.7593,3.0405,228.6721,206.0555,128.1200
2020-04-28,1.7579,3.0281,228.7061,206.0576,127.0200
2020-04-29,1.7561,3.0510,228.7629,206.1978,129.4900
2020-04-30,1.7616,3.0296,228.8322,206.1785,126.8000
2020-05-06,1.8183,3.0508,229.0371,205.9229,123.2500
2020-05-07,1.8898,3.1063,228.9216,205.2132,121.6500
2020-05-08,1.8894,3.1522,228.8002,205.1348,126.2800
2020-05-09,1.8994,3.1604,228.7613,204.9616,126.1000
2020-05-11,2.0004,3.1996,228.6674,204.1997,119.9200
2020-05-12,1.9587,3.2126,228.6066,204.2817,125.3900
2020-05-13,1.9421,3.2102,228.6668,204.3495,126.8100
2020-05-14,1.9218,3.2142,228.6022,204.5452,129.2400
2020-05-15,1.8797,3.2021,228.6438,205.0422,132.2400
2020-05-18,1.9447,3.2075,228.7536,204.7053,126.2800
2020-05-19,1.9898,3.2273,228.7425,204.5033,123.7500
2020-05-20,1.9985,3.2373,228.7600,204.3712,123.8800
2020-05-21,2.0061,3.2299,228.7737,204.2589,122.3800
2020-05-22,1.9665,3.2140,228.8445,204.7425,124.7500
2020-05-25,2.0489,3.2149,228.9335,204.2801,116.6000
2020-05-26,2.1923,3.2401,228.8811,203.4088,104.7800
2020-05-27,2.2778,3.2930,228.8232,202.9024,101.5200
2020-05-28,2.2684,3.3154,228.7767,203.0645,104.7000
2020-05-29,2.2360,3.3349,228.7831,203.0172,109.8900
2020-06-01,2.2386,3.3556,228.8258,203.0067,111.7000
2020-06-02,2.5024,3.4727,228.5918,201.4739,97.0300
2020-06-03,2.5478,3.5498,228.1253,201.2377,100.2000
2020-06-04,2.6546,3.5945,227.9659,200.5560,93.9900
2020-06-05,2.7198,3.6535,227.5577,200.3556,93.3700
2020-06-08,2.6633,3.7026,227.4871,200.6348,103.9300
2020-06-09,2.6026,3.6958,227.6262,200.9143,109.3200
2020-06-10,2.6275,3.6858,227.6709,200.8877,105.8300
2020-06-11,2.5968,3.6559,227.7720,201.0904,105.9100
2020-06-12,2.5552,3.6206,227.9004,201.2967,106.5400
2020-06-15,2.5620,3.6118,228.0695,201.4224,104.9800
2020-06-16,2.6221,3.6181,228.0947,200.8672,99.6000
2020-06-17,2.6789,3.6490,228.0871,200.5596,97.0100
2020-06-18,2.6984,3.6341,228.1112,200.5396,93.5700
2020-06-19,2.7109,3.6603,228.1617,200.4252,94.9400
2020-06-22,2.8108,3.6937,228.1894,199.8422,88.2900
2020-06-23,2.8570,3.7586,227.9338,199.6603,90.1600
2020-06-24,2.7616,3.7429,227.9617,200.1843,98.1300
2020-06-28,2.7775,3.7495,228.0899,200.3879,97.2000
2020-06-29,2.7408,3.7412,228.1578,200.3910,100.0400
2020-06-30,2.7186,3.7406,228.1953,200.6821,102.2000
2020-07-01,2.7397,3.7232,228.2809,200.6140,98.3500
2020-07-02,2.7130,3.7236,228.3930,200.7318,101.0600
2020-07-03,2.7511,3.7112,228.4576,200.6798,96.0100
2020-07-06,2.9315,3.7728,228.3218,199.5843,84.1300
2020-07-07,2.9776,3.8676,228.0324,199.1656,89.0000
2020-07-08,3.0472,3.9111,227.8972,198.7699,86.3900
2020-07-09,3.1826,4.0465,227.4931,197.9851,86.3900
2020-07-10,3.1459,4.0963,227.3324,198.1329,95.0400
2020-07-13,3.2773,4.1684,227.1992,197.4229,89.1100
2020-07-14,3.2264,4.2029,227.1463,197.6482,97.6500
2020-07-15,3.1298,4.2032,227.1786,198.1762,107.3400
2020-07-16,3.1261,4.1685,227.2975,198.3777,104.2400
2020-07-17,3.0917,4.1377,227.4088,198.5051,104.6000
2020-07-20,3.0404,4.1161,227.6006,198.9174,107.5700
2020-07-21,2.9552,4.0811,227.8009,199.6349,112.5900
2020-07-22,2.9603,4.0559,227.9803,199.7405,109.5600
2020-07-23,2.9774,4.0109,228.1489,199.6847,103.3500
2020-07-24,2.9199,3.9717,228.3500,199.8781,105.1800
2020-07-27,2.9669,3.9424,228.5111,199.8784,97.5500
2020-07-28,2.9993,3.9308,228.6205,199.6408,93.1500
2020-07-29,3.0314,3.9311,228.6013,199.4628,89.9700
2020-07-30,3.0416,3.9553,228.6181,199.4070,91.3700
2020-07-31,3.1001,3.9753,228.6185,199.1072,87.5200
2020-08-03,3.0845,3.9901,228.6973,199.1579,90.5600
2020-08-04,3.0748,3.9846,228.7340,199.2001,90.9800
2020-08-05,3.0819,3.9868,228.8223,199.2167,90.4900
2020-08-06,3.1188,3.9681,228.8539,199.2620,84.9300
2020-08-07,3.1038,3.9666,228.9540,199.2272,86.2800
2020-08-10,3.0668,3.9600,229.0964,199.4479,89.3200
2020-08-11,3.0817,3.9508,229.1739,199.4406,86.9100
2020-08-12,3.0817,3.9385,229.2189,199.3942,85.6800
2020-08-13,3.0822,3.9320,229.3344,199.3977,84.9800
2020-08-14,3.0703,3.9217,229.4373,199.4743,85.1400
2020-08-17,3.0639,3.8911,229.6253,199.5858,82.7200
2020-08-18,3.0740,3.8782,229.7295,199.5439,80.4200
2020-08-19,3.1042,3.8615,229.7608,199.4251,75.7300
2020-08-20,3.1437,3.8694,229.7763,199.1080,72.5700
2020-08-21,3.1532,3.8796,229.8118,199.1129,72.6400
2020-08-24,3.2026,3.8857,229.8802,198.9594,68.3100
2020-08-25,3.2458,3.9178,229.8289,198.5014,67.2000
2020-08-26,3.2562,3.9343,229.7277,198.4724,67.8100
2020-08-27,3.2753,3.9496,229.6364,198.4288,67.4300
2020-08-28,3.2958,3.9733,229.5525,198.2782,67.7500
2020-08-31,3.2709,3.9982,229.5724,198.5462,72.7300
2020-09-01,3.2764,3.9934,229.6297,198.4909,71.7000
2020-09-02,3.3075,4.0139,229.6048,198.3107,70.6400
2020-09-03,3.3373,4.0205,229.5685,198.1936,68.3200
2020-09-04,3.3346,4.0346,229.5562,198.1225,70.0000
2020-09-07,3.3762,4.0597,229.5736,197.9349,68.3500
2020-09-08,3.3553,4.0610,229.6279,197.9616,70.5700
2020-09-09,3.3020,4.0611,229.6965,198.3367,75.9100
2020-09-10,3.2833,4.0511,229.7859,198.5652,76.7800
2020-09-11,3.3113,4.0554,229.8473,198.4049,74.4100
2020-09-14,3.3172,4.0729,229.9484,198.3212,75.5700
2020-09-15,3.2476,4.0479,230.0017,198.6451,80.0300
2020-09-16,3.2269,4.0479,230.0387,198.7914,82.1000
2020-09-17,3.2503,4.0520,230.1030,198.7224,80.1700
2020-09-18,3.2524,4.0449,230.1430,198.8342,79.2500
2020-09-21,3.2217,4.0407,230.3038,199.0691,81.9000
2020-09-22,3.2318,4.0266,230.3550,199.1755,79.4800
2020-09-23,3.2423,4.0379,230.4023,199.1410,79.5600
2020-09-24,3.2543,4.0302,230.4565,199.1325,77.5900
2020-09-25,3.2916,4.0447,230.5276,198.8960,75.3100
2020-09-27,3.2887,4.0497,230.5855,198.9366,76.1000
2020-09-28,3.2762,4.0543,230.6519,198.9488,77.8100
2020-09-29,3.2879,4.0523,230.7392,198.9133,76.4400
2020-09-30,3.3044,4.0490,230.7778,198.8908,74.4600
2020-10-09,3.3334,4.0552,231.1052,198.8170,72.1800
2020-10-10,3.3317,4.0847,231.0527,198.8258,75.3000
2020-10-12,3.3378,4.0886,231.1818,198.8765,75.0800
2020-10-13,3.3275,4.0885,231.2262,198.9486,76.1000
2020-10-14,3.3347,4.0764,231.2668,198.9536,74.1700
2020-10-15,3.3424,4.0650,231.3070,198.9350,72.2600
2020-10-16,3.3370,4.0653,231.3686,198.9579,72.8300
2020-10-19,3.3091,4.0517,231.5049,199.1780,74.2600
2020-10-20,3.3211,4.0372,231.5784,199.2559,71.6100
2020-10-21,3.2961,4.0386,231.6710,199.4183,74.2500
2020-10-22,3.2524,4.0371,231.7678,199.6043,78.4700
2020-10-23,3.2491,4.0319,231.8338,199.6413,78.2800
2020-10-26,3.2687,4.0209,231.9574,199.6580,75.2200
2020-10-27,3.2607,4.0181,231.9987,199.8361,75.7400
2020-10-28,3.2571,4.0080,232.0353,199.9249,75.0900
2020-10-29,3.2451,3.9960,232.0355,200.0085,75.0900
2020-10-30,3.2462,4.0098,232.0530,200.0318,76.3600
2020-11-02,3.2288,4.0166,232.1764,200.2132,78.7800
2020-11-03,3.2103,4.0059,232.2304,200.3615,79.5600
2020-11-04,3.1959,4.0024,232.3103,200.4856,80.6500
2020-11-05,3.1990,3.9876,232.3579,200.4404,78.8600
2020-11-06,3.2418,3.9783,232.3841,200.2611,73.6500
2020-11-09,3.2809,3.9858,232.4164,200.2122,70.4900
2020-11-10,3.2699,4.0014,232.3853,200.1409,73.1500
2020-11-11,3.2748,4.0083,232.3536,200.2045,73.3500
2020-11-12,3.2882,4.0575,232.2162,200.1346,76.9300
2020-11-13,3.3182,4.1304,231.9197,199.9124,81.2200
2020-11-16,3.3117,4.1772,231.8250,200.0277,86.5500
2020-11-17,3.3179,4.2276,231.6318,200.0055,90.9700
2020-11-18,3.3579,4.3275,231.4506,199.8726,96.9600
2020-11-19,3.4139,4.4076,231.2549,199.6780,99.3700
2020-11-20,3.4334,4.4659,230.9944,199.6607,103.2500
2020-11-23,3.3740,4.4894,231.0903,199.9781,111.5400
2020-11-24,3.3829,4.4752,231.1412,200.0230,109.2300
2020-11-25,3.3546,4.4723,231.0807,200.1623,111.7700
2020-11-26,3.3284,4.4622,231.1374,200.2375,113.3800
2020-11-27,3.3157,4.4594,231.0985,200.2821,114.3700
2020-11-30,3.2561,4.4356,231.3013,200.7846,117.9500
2020-12-01,3.2635,4.4337,231.3714,200.6842,117.0200
2020-12-02,3.2780,4.4383,231.3661,200.6035,116.0300
2020-12-03,3.2822,4.4366,231.3620,200.5849,115.4400
2020-12-04,3.2642,4.4367,231.3624,200.6808,117.2500
2020-12-07,3.2644,4.4494,231.4723,200.7314,118.5000
2020-12-08,3.2271,4.4525,231.4490,200.9344,122.5400
2020-12-09,3.2316,4.4276,231.4692,200.9755,119.6000
2020-12-10,3.2046,4.4111,231.5377,201.1053,120.6500
2020-12-11,3.2290,4.4368,231.5115,200.9813,120.7800
2020-12-14,3.2136,4.4346,231.6118,201.0517,122.1000
2020-12-15,3.1843,4.4297,231.6490,201.2523,124.5400
2020-12-16,3.1508,4.4291,231.7044,201.3860,127.8300
2020-12-17,3.1399,4.4214,231.7527,201.4454,128.1500
2020-12-18,3.1466,4.4119,231.7998,201.4361,126.5300
2020-12-21,3.1073,4.4135,231.8921,201.7609,130.6200
2020-12-22,3.0729,4.3824,231.9272,201.9611,130.9500
2020-12-23,3.0640,4.3600,231.9718,202.1213,129.6000
2020-12-24,3.0960,4.3442,231.9769,202.0499,124.8200
2020-12-25,3.0793,4.3464,231.9795,202.0714,126.7100
2020-12-28,3.0538,4.3449,232.0820,202.2652,129.1100
2020-12-29,3.0347,4.3804,232.0805,202.4080,134.5700
2020-12-30,3.0007,4.3704,232.2081,202.6673,136.9700
2020-12-31,2.9817,4.3929,232.2509,202.7172,141.1200
2021-01-04,3.0837,4.3881,232.4579,202.4916,130.4400
2021-01-05,3.0212,4.4119,232.5645,202.6100,139.0700
2021-01-06,3.0157,4.4035,232.6391,202.6788,138.7800
2021-01-07,2.9874,4.3743,232.7568,202.8576,138.6900
2021-01-08,2.9941,4.3402,232.8282,202.7752,134.6100
2021-01-11,3.0277,4.3361,232.9457,202.7534,130.8400
2021-01-12,2.9806,4.3352,232.9552,202.7936,135.4600
2021-01-13,2.9460,4.3193,232.9642,203.0256,137.3300
2021-01-14,2.9512,4.2970,233.0739,203.1696,134.5800
2021-01-15,2.9904,4.2879,233.1570,202.8703,129.7500
2021-01-18,3.0406,4.2903,233.1710,202.6149,124.9700
2021-01-19,3.0406,4.2962,233.0934,202.5798,125.5600
2021-01-20,3.0312,4.2922,233.0812,202.7464,126.1000
2021-01-21,3.0018,4.2932,233.1196,202.9506,129.1400
2021-01-22,2.9610,4.2891,233.0694,202.9760,132.8100
2021-01-25,3.0115,4.2801,233.1220,202.9594,126.8600
2021-01-26,3.0922,4.3230,232.9534,202.5716,123.0800
2021-01-27,3.1122,4.3456,232.9574,202.5244,123.3400
2021-01-28,3.1936,4.3600,232.8172,202.1920,116.6400
2021-01-29,3.1733,4.3719,232.6926,202.1953,119.8600
2021-02-01,3.1333,4.3643,232.8487,202.5438,123.1000
2021-02-02,3.1229,4.3511,232.9262,202.5446,122.8200
2021-02-03,3.2060,4.3661,232.9081,202.2068,116.0100
2021-02-04,3.2766,4.3822,232.8554,201.9110,110.5600
2021-02-05,3.2840,4.3944,232.7862,201.8835,111.0400
2021-02-07,3.2834,4.3863,232.8814,202.0141,110.2900
2021-02-08,3.2997,4.4054,232.7948,201.8602,110.5700
2021-02-09,3.2585,4.4017,232.8172,201.9688,114.3200
2021-02-10,3.2712,4.4035,232.8055,202.0014,113.2300
2021-02-18,3.3117,4.4294,233.0631,201.8065,111.7700
2021-02-19,3.2708,4.4259,233.0510,202.0636,115.5100
2021-02-20,3.2688,4.4272,233.0796,202.1444,115.8400
2021-02-22,3.2488,4.4246,233.1392,202.1625,117.5800
2021-02-23,3.2220,4.4275,233.1970,202.2497,120.5500
2021-02-24,3.2245,4.4161,233.2881,202.3957,119.1600
2021-02-25,3.2195,4.4091,233.3182,202.4037,118.9600
2021-02-26,3.2310,4.4101,233.3124,202.3854,117.9100
2021-03-01,3.2044,4.4107,233.4545,202.5317,120.6300
2021-03-02,3.2092,4.3941,233.5310,202.5600,118.4900
2021-03-03,3.2102,4.3845,233.6071,202.5356,117.4300
2021-03-04,3.2396,4.3957,233.6333,202.5047,115.6100
2021-03-05,3.2211,4.3865,233.6691,202.5889,116.5400
2021-03-08,3.2218,4.3932,233.7855,202.7169,117.1400
2021-03-09,3.2348,4.3969,233.8517,202.6949,116.2100
2021-03-10,3.2301,4.3837,233.9495,202.7512,115.3600
2021-03-11,3.2419,4.3913,233.9726,202.7423,114.9400
2021-03-12,3.2418,4.3809,233.9670,202.7175,113.9100
2021-03-15,3.2590,4.3830,234.0789,202.6644,112.4000
2021-03-16,3.2546,4.3750,234.1527,202.7279,112.0400
2021-03-17,3.2390,4.3692,234.1892,202.7872,113.0200
2021-03-18,3.2414,4.3657,234.1827,202.8121,112.4300
2021-03-19,3.2234,4.3564,234.1927,202.9214,113.3000
2021-03-22,3.2146,4.3613,234.3467,203.0531,114.6700
2021-03-23,3.2043,4.3413,234.4341,203.0840,113.7000
2021-03-24,3.1786,4.3280,234.4517,203.2940,114.9400
2021-03-25,3.1856,4.3210,234.4922,203.3513,113.5400
2021-03-26,3.1992,4.3090,234.5224,203.2996,110.9800
2021-03-29,3.2056,4.3074,234.6300,203.2927,110.1800
2021-03-30,3.2033,4.3082,234.6656,203.3305,110.4900
2021-03-31,3.1894,4.3115,234.7479,203.4380,112.2100
2021-04-01,3.1917,4.3161,234.7573,203.4317,112.4400
2021-04-02,3.1849,4.2993,234.7631,203.5207,111.4400
2021-04-06,3.1962,4.2934,234.8899,203.5489,109.7200
2021-04-07,3.2092,4.2984,234.9370,203.4873,108.9200
2021-04-08,3.2082,4.2867,234.8987,203.5169,107.8500
2021-04-09,3.1964,4.2889,234.9152,203.6211,109.2500
2021-04-12,3.1807,4.2769,235.0170,203.7743,109.6200
2021-04-13,3.1278,4.2469,235.1023,204.1246,111.9100
2021-04-14,3.1227,4.2220,235.1773,204.1383,109.9300
2021-04-15,3.1354,4.2126,235.2667,204.1548,107.7200
2021-04-16,3.1310,4.1912,235.3342,204.1887,106.0200
2021-04-19,3.1321,4.1882,235.5249,204.3185,105.6100
2021-04-20,3.1036,4.1920,235.6996,204.4809,108.8400
2021-04-21,3.0803,4.1858,235.7633,204.6234,110.5500
2021-04-22,3.0788,4.1858,235.8614,204.6167,110.7000
2021-04-23,3.1004,4.2083,235.9018,204.6571,110.7900
2021-04-25,3.1063,4.2189,235.9206,204.5677,111.2600
2021-04-26,3.1526,4.2161,236.0012,204.3728,106.3500
2021-04-27,3.1727,4.2111,236.0492,204.3361,103.8400
2021-04-28,3.1412,4.2026,236.0641,204.4099,106.1400
2021-04-29,3.1358,4.1925,236.0992,204.5333,105.6700
2021-04-30,3.1152,4.1950,236.1615,204.6285,107.9800
2021-05-06,3.1068,4.1946,236.4966,204.8646,108.7800
2021-05-07,3.1047,4.1872,236.5547,204.8947,108.2500
2021-05-08,3.0985,4.1707,236.5993,204.8918,107.2200
2021-05-10,3.0896,4.1545,236.6835,205.0224,106.4900
2021-05-11,3.0713,4.1468,236.7691,205.1575,107.5500
2021-05-12,3.0801,4.1219,236.9393,205.2166,104.1800
2021-05-13,3.0918,4.1172,237.0587,205.1271,102.5400
2021-05-14,3.0918,4.1131,237.1512,205.1979,102.1300
2021-05-17,3.1112,4.1103,237.2745,205.1580,99.9100
2021-05-18,3.1010,4.1156,237.3786,205.1926,101.4600
2021-05-19,3.0808,4.1116,237.4468,205.3907,103.0800
2021-05-20,3.0537,4.1040,237.5094,205.5774,105.0300
2021-05-21,3.0319,4.0895,237.5799,205.7726,105.7600
2021-05-24,3.0504,4.0763,237.7579,205.7287,102.5900
2021-05-25,3.0520,4.0681,237.7921,205.7440,101.6100
2021-05-26,3.0472,4.0390,237.8647,205.8344,99.1800
2021-05-27,3.0598,4.0187,237.9380,205.8021,95.8900
2021-05-28,3.0711,4.0165,237.9654,205.7405,94.5400
2021-05-31,3.0681,4.0207,238.0594,205.8251,95.2600
2021-06-01,3.0642,3.9837,238.0879,205.9298,91.9500
2021-06-02,3.0776,3.9718,238.1508,205.8317,89.4200
2021-06-03,3.0532,3.9570,238.2704,205.9221,90.3800
2021-06-04,3.0947,3.9715,238.2488,205.7926,87.6800
2021-06-07,3.1332,3.9892,238.3112,205.5661,85.6000
2021-06-08,3.1319,4.0129,238.3611,205.5797,88.1000
2021-06-09,3.1342,4.0378,238.3536,205.5358,90.3600
2021-06-10,3.1187,4.0260,238.4049,205.6600,90.7300
2021-06-11,3.1379,4.0136,238.4740,205.5777,87.5700
2021-06-15,3.1331,4.0192,238.7130,205.6292,88.6100
2021-06-16,3.1438,4.0320,238.6426,205.6079,88.8200
2021-06-17,3.1549,4.0311,238.6496,205.5552,87.6200
2021-06-18,3.1388,4.0313,238.6503,205.6080,89.2500
2021-06-21,3.1214,4.0139,238.7372,205.8421,89.2500
2021-06-22,3.0825,4.0242,238.7490,205.8773,94.1700
2021-06-23,3.0528,4.0145,238.8046,206.0162,96.1700
2021-06-24,3.0358,4.0144,238.8888,206.0932,97.8600
2021-06-25,3.0288,4.0074,238.8949,206.1448,97.8600
2021-06-28,3.0326,4.0028,239.0518,206.1555,97.0200
2021-06-29,3.0247,4.0114,239.0510,206.1950,98.6700
2021-06-30,3.0049,4.0145,239.0497,206.3514,100.9600
2021-07-01,2.9952,4.0084,239.1470,206.3402,101.3200
2021-07-02,2.9834,4.0064,239.2502,206.4438,102.3000
2021-07-05,2.9767,3.9983,239.3133,206.5766,102.1600
2021-07-06,2.9823,3.9885,239.4085,206.5634,100.6200
2021-07-07,2.9704,3.9680,239.4606,206.7044,99.7600
2021-07-08,2.9064,3.8958,239.6443,207.2435,98.9400
2021-07-09,2.9227,3.8771,239.7382,207.1337,95.4400
2021-07-12,2.8785,3.8667,240.0393,207.5591,98.8200
2021-07-13,2.8696,3.8457,240.2314,207.7340,97.6100
2021-07-14,2.8461,3.8123,240.4092,207.9284,96.6200
2021-07-15,2.8828,3.7998,240.4496,207.7204,91.7000
2021-07-16,2.8626,3.8056,240.5750,207.8204,94.3000
2021-07-19,2.8541,3.7773,240.7599,207.9343,92.3200
2021-07-20,2.8027,3.7581,240.8629,208.0918,95.5400
2021-07-21,2.7821,3.7418,240.9413,208.2509,95.9700
2021-07-22,2.7829,3.7341,240.9997,208.2635,95.1200
2021-07-23,2.7576,3.6999,241.0435,208.4678,94.2300
2021-07-26,2.7161,3.6868,241.2357,208.7673,97.0700
2021-07-27,2.7289,3.7135,241.2647,208.5905,98.4600
2021-07-28,2.7592,3.7171,241.2940,208.3973,95.7900
2021-07-29,2.7376,3.7164,241.3332,208.5864,97.8800
2021-07-30,2.7106,3.7079,241.4437,208.8773,99.7300
2021-08-02,2.7028,3.6869,241.6175,209.1610,98.4100
2021-08-03,2.7344,3.6695,241.7440,209.0488,93.5100
2021-08-04,2.7598,3.6617,241.7949,208.9693,90.1900
2021-08-05,2.7393,3.6664,241.9117,209.2002,92.7100
2021-08-06,2.7372,3.6560,242.0048,209.1961,91.8800
2021-08-09,2.7774,3.6741,242.1399,208.9262,89.6700
2021-08-10,2.7928,3.6806,242.1345,208.8668,88.7800
2021-08-11,2.7854,3.7014,242.2379,208.8491,91.6000
2021-08-12,2.7592,3.7017,242.2994,209.0139,94.2500
2021-08-13,2.7610,3.7024,242.3539,208.9754,94.1400
2021-08-16,2.7747,3.7108,242.4989,208.9717,93.6100
2021-08-17,2.7717,3.7224,242.5886,208.9940,95.0700
2021-08-18,2.7373,3.7421,242.6461,209.1924,100.4800
2021-08-19,2.7337,3.7396,242.7115,209.3770,100.5900
2021-08-20,2.7400,3.7401,242.7470,209.3986,100.0100
2021-08-23,2.7472,3.7416,242.8505,209.3568,99.4400
2021-08-24,2.7470,3.7417,242.9046,209.3852,99.4700
2021-08-25,2.7381,3.7421,242.9324,209.5248,100.4000
2021-08-26,2.7689,3.7626,242.8851,209.2929,99.3700
2021-08-27,2.7510,3.7822,242.8713,209.3596,103.1200
2021-08-30,2.7404,3.7737,243.0235,209.4604,103.3300
2021-08-31,2.7430,3.7724,243.0570,209.5378,102.9400
2021-09-01,2.7312,3.7346,243.0839,209.6934,100.3400
2021-09-02,2.7344,3.7356,243.1713,209.7309,100.1200
2021-09-03,2.7471,3.7310,243.1950,209.7214,98.3900
2021-09-06,2.7513,3.7277,243.3104,209.7708,97.6400
2021-09-07,2.7730,3.7203,243.3408,209.7011,94.7300
2021-09-08,2.7809,3.7329,243.3963,209.6254,95.2000
2021-09-09,2.7800,3.7308,243.3711,209.5887,95.0800
2021-09-10,2.7809,3.7216,243.3270,209.5606,94.0700
2021-09-13,2.8023,3.7728,243.4840,209.5266,97.0500
2021-09-14,2.8291,3.7965,243.5226,209.3618,96.7400
2021-09-15,2.8385,3.8004,243.5186,209.4205,96.1900
2021-09-16,2.8344,3.7987,243.5613,209.3230,96.4300
2021-09-17,2.8201,3.8092,243.5778,209.4698,98.9100
2021-09-18,2.8214,3.8126,243.5891,209.4590,99.1200
2021-09-22,2.7906,3.8360,243.6740,209.6487,104.5400
2021-09-23,2.7878,3.8412,243.7276,209.6749,105.3400
2021-09-24,2.7973,3.8436,243.7344,209.6308,104.6300
2021-09-26,2.7963,3.8557,243.8094,209.6711,105.9400
2021-09-27,2.8238,3.8769,243.7672,209.6446,105.3100
2021-09-28,2.8366,3.8750,243.7731,209.5618,103.8400
2021-09-29,2.7886,3.8850,243.7358,209.6245,109.6400
2021-09-30,2.7700,3.8959,243.8084,209.7738,112.5900
2021-10-08,2.8227,3.9246,244.1435,209.7925,110.1900
2021-10-09,2.8201,3.9331,244.0960,209.7544,111.3000
2021-10-11,2.8795,3.9537,244.0273,209.5357,107.4200
2021-10-12,2.8943,3.9728,243.9800,209.4687,107.8500
2021-10-13,2.8985,3.9709,244.0204,209.3703,107.2400
2021-10-14,2.8970,3.9809,244.0861,209.3879,108.3900
2021-10-15,2.9093,3.9882,244.1232,209.3289,107.8900
2021-10-18,3.0089,4.0094,244.1837,208.8438,100.0500
2021-10-19,3.0128,4.0215,244.1604,208.7928,100.8700
2021-10-20,2.9786,4.0094,244.2482,208.9639,103.0800
2021-10-21,2.9438,3.9986,244.2893,209.1523,105.4800
2021-10-22,2.9558,3.9897,244.3514,209.2254,103.3900
2021-10-25,2.9352,3.9862,244.5486,209.2873,105.1000
2021-10-26,2.9162,3.9680,244.6032,209.3711,105.1800
2021-10-27,2.9085,3.9448,244.7127,209.4641,103.6300
2021-10-28,2.8926,3.9302,244.7848,209.5311,103.7600
2021-10-29,2.8951,3.9299,244.9080,209.5859,103.4800
2021-11-01,2.8727,3.9249,245.0520,209.7795,105.2200
2021-11-02,2.8396,3.9048,245.1325,209.9934,106.5200
2021-11-03,2.8477,3.9068,245.2905,210.1087,105.9100
2021-11-04,2.8099,3.8853,245.3610,210.1895,107.5400
2021-11-05,2.7848,3.8641,245.4734,210.4736,107.9300
2021-11-08,2.8099,3.8354,245.6138,210.5458,102.5500
2021-11-09,2.8229,3.8444,245.5991,210.4089,102.1500
2021-11-10,2.8273,3.8508,245.6967,210.4993,102.3500
2021-11-11,2.8416,3.8612,245.7495,210.4015,101.9600
2021-11-12,2.8387,3.8618,245.7493,210.4641,102.3100
2021-11-15,2.8077,3.8606,245.9276,210.6206,105.2900
2021-11-16,2.7917,3.8606,245.9849,210.7306,106.8900
2021-11-17,2.7870,3.8559,246.0214,210.7156,106.8900
2021-11-18,2.7774,3.8366,246.1313,210.8053,105.9200
2021-11-19,2.7775,3.8400,246.1840,210.8192,106.2500
2021-11-22,2.7637,3.8305,246.2629,210.9472,106.6800
2021-11-23,2.7588,3.8266,246.3314,210.9615,106.7800
2021-11-24,2.7369,3.8212,246.4029,211.1280,108.4300
2021-11-25,2.7139,3.8142,246.4866,211.2437,110.0300
2021-11-26,2.6940,3.8072,246.5369,211.4075,111.3200
2021-11-29,2.6990,3.8100,246.6830,211.4559,111.1000
2021-11-30,2.7119,3.8105,246.6352,211.3817,109.8600
2021-12-01,2.7170,3.8107,246.7022,211.4116,109.3700
2021-12-02,2.7320,3.8118,246.7877,211.3520,107.9800
2021-12-03,2.7448,3.7917,246.8072,211.2573,104.6900
2021-12-06,2.7170,3.7699,247.0002,211.6351,105.2900
2021-12-07,2.7387,3.7802,247.0410,211.6016,104.1500
2021-12-08,2.7565,3.7931,247.0466,211.4765,103.6600
2021-12-09,2.7468,3.7868,247.0842,211.5064,104.0000
2021-12-10,2.7187,3.7745,247.1132,211.6458,105.5800
2021-12-13,2.7098,3.7757,247.3111,211.7428,106.5900
2021-12-14,2.6857,3.7690,247.2854,211.9311,108.3300
2021-12-15,2.6628,3.7514,247.3388,212.0693,108.8600
2021-12-16,2.6597,3.7440,247.3432,212.1385,108.4300
2021-12-17,2.6396,3.7306,247.4098,212.2292,109.1000
2021-12-20,2.6882,3.7283,247.5440,212.1141,104.0100
2021-12-21,2.7098,3.7268,247.5052,212.0390,101.7000
2021-12-22,2.6946,3.7298,247.4669,212.1680,103.5200
2021-12-23,2.6707,3.7269,247.5493,212.3749,105.6200
2021-12-24,2.6555,3.7204,247.5243,212.4086,106.4900
2021-12-27,2.6407,3.7209,247.6279,212.6013,108.0200
2021-12-28,2.6178,3.7172,247.6594,212.6731,109.9400
2021-12-29,2.5986,3.6977,247.7749,212.8413,109.9100
2021-12-30,2.5837,3.6741,247.8716,213.0005,109.0400
2021-12-31,2.5705,3.6602,247.8984,213.0556,108.9700
2022-01-04,2.5794,3.6563,248.2195,213.0728,107.6900
2022-01-05,2.5875,3.6451,248.3455,213.1016,105.7600
2022-01-06,2.6035,3.6562,248.3918,212.9545,105.2700
2022-01-07,2.5973,3.6577,248.4205,212.9853,106.0400
2022-01-10,2.5804,3.6341,248.6216,213.2093,105.3700
2022-01-11,2.5582,3.6103,248.6679,213.3236,105.2100
2022-01-12,2.5616,3.6041,248.7871,213.4089,104.2500
2022-01-13,2.5627,3.5914,248.8847,213.4065,102.8700
2022-01-14,2.5835,3.5851,248.9302,213.4320,100.1600
2022-01-17,2.5555,3.5613,249.1575,213.5904,100.5800
2022-01-18,2.4791,3.5426,249.2536,214.0649,106.3500
2022-01-19,2.4649,3.4981,249.4450,214.3156,103.3200
2022-01-20,2.4643,3.4896,249.5048,214.3279,102.5300
2022-01-21,2.4282,3.4694,249.6009,214.5588,104.1200
2022-01-24,2.3981,3.4452,249.8028,214.9850,104.7100
2022-01-25,2.4299,3.4315,249.9059,214.9181,100.1600
2022-01-26,2.4595,3.4432,249.9722,214.6742,98.3700
2022-01-27,2.4688,3.4431,250.0484,214.6163,97.4300
2022-01-28,2.4416,3.4330,250.1039,214.7523,99.1400
2022-01-29,2.4304,3.4198,250.1496,214.8738,98.9400
2022-01-30,2.4258,3.4062,250.2560,214.9637,98.0400
2022-02-07,2.4384,3.4211,250.6283,214.9687,98.2700
2022-02-08,2.4337,3.4196,250.6834,215.0663,98.5900
2022-02-09,2.4431,3.4110,250.7534,214.9880,96.7900
2022-02-10,2.4370,3.4040,250.7849,215.0562,96.7000
2022-02-11,2.4932,3.4429,250.7175,214.5090,94.9700
2022-02-14,2.5144,3.4582,250.8090,214.4854,94.3800
2022-02-15,2.5097,3.4739,250.7879,214.4960,96.4200
2022-02-16,2.4925,3.4812,250.7973,214.5462,98.8700
2022-02-17,2.4751,3.4816,250.8528,214.7346,100.6500
2022-02-18,2.4946,3.4855,250.8932,214.6675,99.0900
2022-02-21,2.5203,3.5012,250.9095,214.3152,98.0900
2022-02-22,2.6251,3.5262,250.9092,214.0260,90.1100
2022-02-23,2.5944,3.5261,250.9357,214.1187,93.1700
2022-02-24,2.6061,3.5201,250.9653,214.1924,91.4000
2022-02-25,2.5784,3.5147,250.9544,214.1582,93.6300
2022-02-28,2.5773,3.5015,251.0924,214.3544,92.4200
2022-03-01,2.6159,3.5191,251.0761,214.2140,90.3200
2022-03-02,2.6497,3.5366,251.0859,213.9608,88.6900
2022-03-03,2.6921,3.5721,250.9985,213.6234,88.0000
2022-03-04,2.6810,3.6076,250.8897,213.5506,92.6600
2022-03-07,2.6544,3.6124,250.9496,213.6780,95.8000
2022-03-08,2.6567,3.6156,250.8796,213.8808,95.8900
2022-03-09,2.6889,3.6521,250.7265,213.6541,96.3200
2022-03-10,2.7183,3.6285,250.6249,213.6014,91.0200
2022-03-11,2.6390,3.5866,250.5073,213.9018,94.7600
2022-03-14,2.6073,3.5534,250.7839,214.3441,94.6100
2022-03-15,2.7181,3.5713,250.6879,213.7785,85.3200
2022-03-16,2.6690,3.5965,250.6497,213.8226,92.7500
2022-03-17,2.6577,3.5929,250.6436,213.8968,93.5200
2022-03-18,2.6359,3.5893,250.6734,214.0527,95.3400
2022-03-21,2.6513,3.5846,250.6584,213.9837,93.3300
2022-03-22,2.6863,3.6137,250.6710,213.7692,92.7400
2022-03-23,2.6846,3.6214,250.7046,213.8013,93.6800
2022-03-24,2.6773,3.6204,250.7236,213.8613,94.3100
2022-03-25,2.6727,3.5973,250.7567,213.9642,92.4600
2022-03-28,2.6633,3.6117,250.9022,214.0507,94.8400
2022-03-29,2.6636,3.6209,250.9870,214.0201,95.7300
2022-03-30,2.6340,3.6309,251.0153,214.1744,99.6900
2022-03-31,2.6196,3.6085,251.0778,214.2215,98.8900
2022-04-01,2.5903,3.5908,251.1734,214.4108,100.0500
2022-04-02,2.5806,3.5739,251.2808,214.5399,99.3300
2022-04-06,2.5589,3.5528,251.5058,214.7516,99.3900
2022-04-07,2.5468,3.5229,251.6189,214.9302,97.6100
2022-04-08,2.5467,3.5205,251.7506,214.9216,97.3800
2022-04-11,2.5684,3.4888,251.9543,214.8166,92.0400
2022-04-12,2.5739,3.4978,252.0616,214.7916,92.3900
2022-04-13,2.5545,3.4791,252.1349,214.8675,92.4600
2022-04-14,2.5296,3.4723,252.2463,215.1177,94.2700
2022-04-15,2.5002,3.4450,252.3391,215.2278,94.4800
2022-04-18,2.5464,3.4618,252.4172,214.9879,91.5400
2022-04-19,2.5462,3.4514,252.4804,214.9838,90.5200
2022-04-20,2.5461,3.4388,252.4494,214.8656,89.2700
2022-04-21,2.5715,3.4131,252.4712,214.9130,84.1600
2022-04-22,2.5738,3.4039,252.5566,214.9460,83.0100
2022-04-24,2.5696,3.4003,252.6157,214.9576,83.0700
2022-04-25,2.5550,3.3959,252.6790,215.0886,84.0900
2022-04-26,2.5668,3.3816,252.7704,215.1178,81.4800
2022-04-27,2.5831,3.3722,252.8466,214.9957,78.9100
2022-04-28,2.6243,3.3777,252.8839,214.8102,75.3400
2022-04-29,2.5942,3.3642,252.9466,214.8962,77.0000
2022-05-05,2.5997,3.3525,253.2121,215.0811,75.2800
2022-05-06,2.6029,3.3484,253.3074,215.0769,74.5500
2022-05-07,2.6040,3.3566,253.3791,215.1389,75.2600
2022-05-09,2.5837,3.3474,253.5199,215.2304,76.3700
2022-05-10,2.5582,3.3306,253.6123,215.4666,77.2400
2022-05-11,2.5723,3.3103,253.7164,215.3933,73.8000
2022-05-12,2.5509,3.2910,253.8180,215.4967,74.0100
2022-05-13,2.5505,3.2797,253.9527,215.5383,72.9200
2022-05-16,2.5543,3.2683,254.1642,215.5108,71.4000
2022-05-17,2.5316,3.2420,254.2690,215.6861,71.0400
2022-05-18,2.4971,3.2327,254.3672,215.8554,73.5600
2022-05-19,2.5015,3.2387,254.4680,215.9758,73.7200
2022-05-20,2.5128,3.2331,254.5622,215.8630,72.0300
2022-05-23,2.5026,3.2205,254.7502,216.0895,71.7900
2022-05-24,2.5187,3.2111,254.8780,216.1260,69.2400
2022-05-25,2.5288,3.1966,254.9170,216.0925,66.7800
2022-05-26,2.4796,3.1721,255.0294,216.3768,69.2500
2022-05-27,2.4741,3.1626,255.1113,216.4132,68.8500
2022-05-30,2.4952,3.1841,255.2610,216.3166,68.8900
2022-05-31,2.5255,3.2105,255.2497,216.0758,68.5000
2022-06-01,2.5488,3.2277,255.2099,216.0149,67.8900
2022-06-02,2.5630,3.2479,255.2101,215.9089,68.4900
2022-06-06,2.6220,3.2809,255.2206,215.7415,65.8900
2022-06-07,2.6106,3.2818,255.1336,215.7183,67.1200
2022-06-08,2.6035,3.3133,255.1550,215.8121,70.9800
2022-06-09,2.5867,3.2973,255.2815,215.8902,71.0600
2022-06-10,2.5726,3.2752,255.3832,215.9690,70.2600
2022-06-13,2.5901,3.2590,255.4724,215.9616,66.8900
2022-06-14,2.5921,3.2612,255.5582,215.9088,66.9100
2022-06-15,2.6008,3.2735,255.6250,215.9102,67.2700
2022-06-16,2.5844,3.2725,255.6766,216.0104,68.8100
2022-06-17,2.5852,3.2633,255.8339,216.1211,67.8100
2022-06-20,2.6062,3.2626,255.9690,216.0367,65.6400
2022-06-21,2.6028,3.2721,256.0307,216.0088,66.9300
2022-06-22,2.5888,3.2643,256.1183,216.1090,67.5500
2022-06-23,2.5842,3.2680,256.2186,216.1749,68.3800
2022-06-24,2.5960,3.2627,256.2566,216.1061,66.6700
2022-06-27,2.6397,3.2914,256.3548,215.9053,65.1700
2022-06-28,2.6591,3.3121,256.3157,215.8364,65.3000
2022-06-29,2.6392,3.3199,256.3749,215.8579,68.0700
2022-06-30,2.6153,3.3105,256.4030,216.0284,69.5200
2022-07-01,2.6121,3.2989,256.5076,216.1507,68.6800
2022-07-04,2.6618,3.3187,256.5750,215.9857,65.6900
2022-07-05,2.6764,3.3203,256.6025,215.8123,64.3900
2022-07-06,2.6656,3.3265,256.7311,215.9648,66.0900
2022-07-07,2.6697,3.3072,256.8124,215.9708,63.7500
2022-07-08,2.6622,3.3078,256.8543,216.0018,64.5600
2022-07-11,2.6297,3.2847,257.0308,216.1949,65.5000
2022-07-12,2.6097,3.2754,257.1139,216.3799,66.5700
2022-07-13,2.5997,3.2609,257.2890,216.4955,66.1200
2022-07-14,2.5673,3.2590,257.3883,216.6398,69.1700
2022-07-15,2.5548,3.2601,257.5146,216.7317,70.5300
2022-07-18,2.5448,3.2401,257.7047,216.8731,69.5300
2022-07-19,2.5473,3.2411,257.8252,216.8831,69.3800
2022-07-20,2.5248,3.2312,257.9525,217.0076,70.6400
2022-07-21,2.5068,3.2051,258.0735,217.2088,69.8300
2022-07-22,2.5298,3.2034,258.1737,217.1332,67.3600
2022-07-25,2.5185,3.1984,258.4066,217.2384,67.9900
2022-07-26,2.4847,3.1734,258.5555,217.4273,68.8700
2022-07-27,2.4949,3.1705,258.6699,217.5948,67.5600
2022-07-28,2.5224,3.1705,258.7265,217.4565,64.8100
2022-07-29,2.4724,3.1295,258.8571,217.7194,65.7100
2022-08-01,2.4274,3.1028,259.1094,218.0563,67.5400
2022-08-02,2.4074,3.0678,259.2821,218.2384,66.0400
2022-08-03,2.3674,3.0450,259.4103,218.4688,67.7600
2022-08-04,2.3624,3.0170,259.5558,218.7422,65.4600
2022-08-05,2.3876,3.0179,259.6249,218.6211,63.0300
2022-08-08,2.4051,3.0025,259.7963,218.5536,59.7400
2022-08-09,2.4401,3.0024,259.8080,218.3696,56.2300
2022-08-10,2.4626,3.0160,259.8822,218.3690,55.3400
2022-08-11,2.4702,3.0133,259.9395,218.2479,54.3100
2022-08-12,2.4652,3.0024,260.0237,218.3390,53.7200
2022-08-15,2.3677,2.9550,260.2856,219.0306,58.7300
2022-08-16,2.3602,2.9117,260.4367,219.3090,55.1500
2022-08-17,2.3602,2.9251,260.5032,219.1846,56.4900
2022-08-18,2.3402,2.9207,260.5934,219.4290,58.0500
2022-08-19,2.3377,2.9076,260.6455,219.4361,56.9900
2022-08-22,2.3552,2.9176,260.7329,219.4154,56.2400
2022-08-23,2.3777,2.9382,260.7849,219.2093,56.0500
2022-08-24,2.3752,2.9509,260.7944,219.1910,57.5700
2022-08-25,2.4152,2.9801,260.6783,219.0377,56.4900
2022-08-26,2.4152,2.9883,260.5917,218.9163,57.3100
2022-08-29,2.3752,2.9839,260.7126,219.0908,60.8700
2022-08-30,2.3417,2.9724,260.7183,219.2859,63.0700
2022-08-31,2.3322,2.9648,260.7469,219.3534,63.2600
2022-09-01,2.3125,2.9557,260.8097,219.4856,64.3200
2022-09-02,2.3101,2.9429,260.8870,219.5895,63.2800
2022-09-05,2.2942,2.9373,261.0631,219.7398,64.3100
2022-09-06,2.2843,2.9222,261.1771,219.8347,63.7900
2022-09-07,2.2849,2.9198,261.2104,219.8176,63.4900
2022-09-08,2.2935,2.9201,261.2648,219.7849,62.6600
2022-09-09,2.2967,2.9208,261.2939,219.7577,62.4100
2022-09-13,2.3188,2.9281,261.4711,219.7088,60.9300
2022-09-14,2.3316,2.9307,261.4937,219.6722,59.9100
2022-09-15,2.3290,2.9239,261.5843,219.7524,59.4900
2022-09-16,2.3468,2.9358,261.6208,219.6073,58.9000
2022-09-19,2.3507,2.9363,261.6874,219.6932,58.5600
2022-09-20,2.3380,2.9317,261.6918,219.8266,59.3700
2022-09-21,2.2998,2.9354,261.7381,219.9611,63.5600
2022-09-22,2.2891,2.9224,261.7652,220.0221,63.3300
2022-09-23,2.3085,2.9240,261.7361,219.9283,61.5500
2022-09-26,2.3696,2.9379,261.8073,219.6611,56.8300
2022-09-27,2.3619,2.9721,261.7283,219.6031,61.0200
2022-09-28,2.3850,2.9969,261.6437,219.5253,61.1900
2022-09-29,2.3850,3.0019,261.6474,219.4555,61.6900
2022-09-30,2.3921,3.0185,261.6247,219.3379,62.6400
2022-10-08,2.3980,3.0135,261.9141,219.4423,61.5500
2022-10-09,2.3758,3.0184,261.9093,219.6053,64.2600
2022-10-10,2.3539,3.0095,261.9917,219.8118,65.5600
2022-10-11,2.3649,2.9846,262.0706,219.9209,61.9700
2022-10-12,2.3597,2.9799,262.1587,219.8904,62.0200
2022-10-13,2.3526,2.9837,262.1795,220.0130,63.1100
2022-10-14,2.3339,2.9560,262.2416,220.1562,62.2100
2022-10-17,2.3387,2.9318,262.4370,220.2753,59.3100
2022-10-18,2.3315,2.9101,262.4688,220.2518,57.8600
2022-10-19,2.3148,2.9128,262.5573,220.3736,59.8000
2022-10-20,2.3253,2.9140,262.6439,220.3563,58.8700
2022-10-21,2.3401,2.9188,262.6751,220.3392,57.8700
2022-10-24,2.3364,2.9337,262.8051,220.4056,59.7300
2022-10-25,2.3502,2.9461,262.7486,220.3350,59.5900
2022-10-26,2.3246,2.9419,262.7050,220.4168,61.7300
2022-10-27,2.3083,2.9371,262.7446,220.5699,62.8800
2022-10-28,2.3001,2.9346,262.8162,220.6373,63.4500
2022-10-31,2.2887,2.9103,262.9640,220.8152,62.1600
2022-11-01,2.3050,2.9270,263.0216,220.7118,62.2000
2022-11-02,2.3283,2.9279,263.0592,220.5994,59.9600
2022-11-03,2.3340,2.9284,263.0930,220.6082,59.4400
2022-11-04,2.3559,2.9380,263.0341,220.4739,58.2100
2022-11-07,2.3698,2.9513,263.1042,220.4863,58.1500
2022-11-08,2.3840,2.9766,263.0528,220.3300,59.2600
2022-11-09,2.4032,2.9972,263.0779,220.3145,59.4000
2022-11-10,2.4497,3.0218,263.0025,220.2179,57.2100
2022-11-11,2.4760,3.0619,262.8047,219.8991,58.5900
2022-11-14,2.6861,3.2251,262.0193,218.5758,53.9000
2022-11-15,2.7060,3.3019,261.4822,218.4916,59.5900
2022-11-16,2.7631,3.4007,261.1257,218.1138,63.7600
2022-11-17,2.6548,3.4641,260.7561,218.6707,80.9300
2022-11-18,2.6132,3.4686,260.6881,218.8226,85.5400
2022-11-21,2.5931,3.4660,260.7909,219.1745,87.2900
2022-11-22,2.5807,3.4871,260.7440,219.1808,90.6400
2022-11-23,2.5214,3.4818,260.8023,219.4527,96.0400
2022-11-24,2.5082,3.4501,261.0024,219.6726,94.1900
2022-11-25,2.5581,3.4500,260.9864,219.4740,89.1900
2022-11-28,2.5881,3.4705,260.9882,219.3154,88.2400
2022-11-29,2.6481,3.5532,260.6562,218.7216,90.5100
2022-11-30,2.6631,3.6156,260.4230,218.6314,95.2500
2022-12-01,2.6481,3.6570,260.2027,218.6532,100.8900
2022-12-02,2.6281,3.6761,260.0935,218.7790,104.8000
2022-12-05,2.6431,3.7194,260.0030,218.7266,107.6300
2022-12-06,2.7081,3.7489,259.5986,218.5126,104.0800
2022-12-07,2.6981,3.8473,258.9800,218.4638,114.9200
2022-12-08,2.7181,3.8802,258.7144,218.5845,116.2100
2022-12-09,2.7606,3.9316,258.3791,218.3965,117.1000
2022-12-12,2.8131,3.9932,258.2130,218.3284,118.0100
2022-12-13,2.8531,4.1302,257.6436,217.9855,127.7100
2022-12-14,2.7581,4.1096,257.6000,218.4696,135.1500
2022-12-15,2.7481,4.1094,257.5393,218.6190,136.1300
2022-12-16,2.7703,4.1061,257.5361,218.4363,133.5800
2022-12-19,2.7203,4.1066,257.6398,218.8051,138.6300
2022-12-20,2.7153,4.0585,257.6188,218.7745,134.3200
2022-12-21,2.7003,4.0342,257.6529,218.7481,133.3900
2022-12-22,2.6303,4.0245,257.6446,219.0486,139.4200
2022-12-23,2.5703,4.0153,257.6735,219.4003,144.5000
2022-12-26,2.6003,4.0256,257.7816,219.3878,142.5300
2022-12-27,2.6417,4.0112,257.7878,219.1343,136.9500
2022-12-28,2.6167,4.0192,257.7925,219.1354,140.2500
2022-12-29,2.5567,4.0005,257.9477,219.4840,144.3800
2022-12-30,2.5417,4.0025,258.0243,219.6833,146.0800
2022-12-31,2.5417,4.0025,258.0704,219.6786,146.0800
2023-01-03,2.5417,3.9653,258.3457,219.8145,142.3600
2023-01-04,2.5367,3.9065,258.5444,219.9530,136.9800
2023-01-05,2.5867,3.8791,258.6442,219.8765,129.2400
2023-01-06,2.6300,3.8812,258.7287,219.6380,125.1200
2023-01-09,2.6600,3.8569,258.9547,219.6510,119.6900
2023-01-10,2.7100,3.8781,258.9255,219.3515,116.8100
2023-01-11,2.6700,3.9085,258.9273,219.3415,123.8500
2023-01-12,2.6525,3.8919,258.9245,219.4450,123.9400
2023-01-13,2.6725,3.8911,258.9593,219.2953,121.8600
2023-01-16,2.7125,3.9242,258.9983,219.0197,121.1700
2023-01-17,2.7219,3.9347,258.9563,219.0684,121.2800
2023-01-18,2.7120,3.9499,258.9780,219.1644,123.7900
2023-01-19,2.7329,3.9542,258.9885,219.0757,122.1300
2023-01-20,2.7381,3.9588,258.9640,219.1012,122.0700
2023-01-28,2.7027,3.9680,259.3513,219.2446,126.5300
2023-01-29,2.7112,3.9665,259.3704,219.2669,125.5300
2023-01-30,2.7318,3.9779,259.3510,219.2018,124.6100
2023-01-31,2.7194,3.9887,259.3766,219.3093,126.9300
2023-02-01,2.7266,4.0007,259.3934,219.3139,127.4100
2023-02-02,2.7118,3.9871,259.5359,219.4208,127.5300
2023-02-03,2.7049,4.0024,259.6645,219.6006,129.7500
2023-02-06,2.7180,4.0272,259.8558,219.6068,130.9200
2023-02-07,2.7341,4.0271,259.9657,219.5538,129.3000
2023-02-08,2.7332,3.9971,260.1009,219.5779,126.3900
2023-02-09,2.7074,3.9633,260.2153,219.6573,125.5900
2023-02-10,2.7033,3.9409,260.3244,219.7458,123.7600
2023-02-13,2.6962,3.9157,260.5919,219.8112,121.9500
2023-02-14,2.6902,3.8999,260.7411,219.8488,120.9700
2023-02-15,2.6922,3.8815,260.8251,219.8374,118.9300
2023-02-16,2.6930,3.8128,260.9889,219.8640,111.9800
2023-02-17,2.6957,3.7809,261.1492,219.8670,108.5200
2023-02-20,2.7733,3.7961,261.2842,219.6227,102.2800
2023-02-21,2.7936,3.8165,261.3000,219.4825,102.2900
2023-02-22,2.7782,3.8187,261.3994,219.6087,104.0500
2023-02-23,2.8047,3.8175,261.5275,219.5690,101.2800
2023-02-24,2.8045,3.8035,261.6633,219.5465,99.9000
2023-02-27,2.8124,3.7969,261.9255,219.5659,98.4500
2023-02-28,2.8077,3.7933,261.9923,219.5615,98.5600
2023-03-01,2.8079,3.8131,262.1497,219.5942,100.5200
2023-03-02,2.8125,3.8054,262.2638,219.5584,99.2900
2023-03-03,2.8122,3.8137,262.3741,219.4836,100.1500
2023-03-06,2.7775,3.7956,262.6054,219.7885,101.8100
2023-03-07,2.7575,3.7802,262.7130,219.9164,102.2700
2023-03-08,2.7663,3.7496,262.8863,219.9727,98.3300
2023-03-09,2.7584,3.7544,263.0333,220.0033,99.6000
2023-03-10,2.7426,3.7344,263.1978,220.1043,99.1800
2023-03-13,2.7507,3.7237,263.4209,220.1493,97.3000
2023-03-14,2.7482,3.7044,263.6035,220.1857,95.6200
2023-03-15,2.7456,3.7017,263.7379,220.1523,95.6100
2023-03-16,2.7311,3.6794,263.9213,220.2758,94.8300
2023-03-17,2.7168,3.6688,264.1024,220.3391,95.2000
2023-03-20,2.6781,3.6604,264.3377,220.6403,98.2300
2023-03-21,2.7123,3.6402,264.4873,220.6629,92.7900
2023-03-22,2.7077,3.6307,264.5840,220.5512,92.3000
2023-03-23,2.7078,3.6412,264.6847,220.6127,93.3400
2023-03-24,2.7240,3.6617,264.7431,220.5256,93.7700
2023-03-27,2.7114,3.6629,264.9139,220.6272,95.1500
2023-03-28,2.7114,3.6580,264.9800,220.6680,94.6600
2023-03-29,2.6898,3.6537,265.0495,220.7520,96.3900
2023-03-30,2.6872,3.6434,265.1585,220.8451,95.6200
2023-03-31,2.6644,3.6454,265.2709,220.8582,98.1000
2023-04-03,2.6795,3.6350,265.4420,220.9399,95.5500
2023-04-04,2.6938,3.6360,265.5192,220.9144,94.2200
2023-04-06,2.7123,3.6368,265.6388,220.8864,92.4500
2023-04-07,2.6936,3.6369,265.7659,220.8931,94.3300
2023-04-10,2.6982,3.6368,265.9714,221.0408,93.8600
2023-04-11,2.6813,3.6237,266.0695,221.1588,94.2400
2023-04-12,2.6792,3.6230,266.2006,221.2659,94.3800
2023-04-13,2.6894,3.6251,266.2586,221.2208,93.5700
2023-04-14,2.6954,3.6178,266.3406,221.2014,92.2400
2023-04-17,2.7135,3.6194,266.5086,221.1230,90.5900
2023-04-18,2.7035,3.6143,266.6228,221.1483,91.0800
2023-04-19,2.6984,3.6001,266.7143,221.2864,90.1700
2023-04-20,2.6970,3.5901,266.8437,221.2883,89.3100
2023-04-21,2.6923,3.5908,266.9870,221.3300,89.8500
2023-04-23,2.6917,3.5909,267.0924,221.3808,89.9200
2023-04-24,2.6927,3.5854,267.1722,221.4495,89.2700
2023-04-25,2.6840,3.5860,267.2197,221.5029,90.2000
2023-04-26,2.6665,3.5814,267.3213,221.6353,91.4900
2023-04-27,2.6415,3.5760,267.4134,221.8777,93.4500
2023-04-28,2.6407,3.5738,267.4851,221.8775,93.3100
2023-05-04,2.6257,3.5573,267.8397,222.1637,93.1600
2023-05-05,2.5877,3.5371,268.0081,222.3844,94.9400
2023-05-06,2.5864,3.5421,268.1091,222.4818,95.5700
2023-05-08,2.6139,3.5372,268.2372,222.3796,92.3300
2023-05-09,2.5964,3.5386,268.3054,222.4422,94.2200
2023-05-10,2.5639,3.5209,268.4503,222.6442,95.7000
2023-05-11,2.5214,3.5014,268.5339,222.9496,98.0000
2023-05-12,2.5139,3.5045,268.6643,222.9489,99.0600
2023-05-15,2.5364,3.5083,268.8170,222.9677,97.1900
2023-05-16,2.5464,3.4939,268.8518,222.8878,94.7500
2023-05-17,2.5714,3.4967,268.9328,222.8776,92.5300
2023-05-18,2.5679,3.4911,268.9380,222.7594,92.3200
2023-05-19,2.5439,3.4816,269.0051,222.9030,93.7700
2023-05-22,2.5139,3.4766,269.1738,223.1311,96.2700
2023-05-23,2.4889,3.4585,269.2491,223.3826,96.9600
2023-05-24,2.5114,3.4585,269.2840,223.3382,94.7100
2023-05-25,2.5089,3.4568,269.3101,223.2669,94.7900
2023-05-26,2.5214,3.4641,269.3081,223.2153,94.2700
2023-05-29,2.4939,3.4667,269.4077,223.3073,97.2800
2023-05-30,2.4964,3.4621,269.4533,223.4478,96.5700
2023-05-31,2.4589,3.4682,269.5428,223.5300,100.9300
2023-06-01,2.4465,3.4676,269.5910,223.7414,102.1100
2023-06-02,2.4690,3.4692,269.6095,223.6732,100.0200
2023-06-05,2.4540,3.4593,269.6539,223.7311,100.5300
2023-06-06,2.4240,3.4494,269.6925,223.9095,102.5400
2023-06-07,2.4190,3.4318,269.7545,224.0288,101.2800
2023-06-08,2.4315,3.4296,269.8150,223.9416,99.8100
2023-06-09,2.4140,3.4092,269.8953,224.0669,99.5200
2023-06-12,2.4140,3.4030,270.0408,224.2335,98.9000
2023-06-13,2.3865,3.3881,270.1034,224.3862,100.1600
2023-06-14,2.3840,3.3651,270.1750,224.5792,98.1100
2023-06-15,2.4190,3.3672,270.2067,224.3280,94.8200
2023-06-16,2.4390,3.4083,270.1122,224.0453,96.9300
2023-06-19,2.4890,3.4368,270.0726,223.8675,94.7800
2023-06-20,2.4615,3.4356,270.0741,223.9535,97.4100
2023-06-21,2.4515,3.4259,270.1213,224.1438,97.4400
2023-06-25,2.4415,3.4259,270.2948,224.2918,98.4400
2023-06-26,2.4465,3.4288,270.3222,224.3212,98.2300
2023-06-27,2.4465,3.4321,270.3075,224.2195,98.5600
2023-06-28,2.4190,3.4185,270.3119,224.3734,99.9500
2023-06-29,2.3990,3.4186,270.3610,224.4556,101.9600
2023-06-30,2.3740,3.4198,270.4399,224.6625,104.5800
2023-07-03,2.3790,3.4051,270.5590,224.7033,102.6100
2023-07-04,2.3815,3.4053,270.6016,224.7810,102.3800
2023-07-05,2.3690,3.3963,270.6709,224.8128,102.7300
2023-07-06,2.3690,3.3791,270.7714,224.9082,101.0100
2023-07-07,2.3615,3.3593,270.8556,224.9605,99.7800
2023-07-10,2.3640,3.3554,270.9885,224.9928,99.1400
2023-07-11,2.3690,3.3508,271.0712,225.0560,98.1800
2023-07-12,2.3740,3.3560,271.1491,225.0138,98.2000
2023-07-13,2.3841,3.3565,271.2289,224.9794,97.2400
2023-07-14,2.3788,3.3619,271.2780,224.9399,98.3100
2023-07-17,2.3750,3.3569,271.4477,225.0876,98.1900
2023-07-18,2.3605,3.3431,271.5940,225.1950,98.2600
2023-07-19,2.3601,3.3332,271.6347,225.2439,97.3100
2023-07-20,2.3557,3.3335,271.7030,225.2625,97.7800
2023-07-21,2.3516,3.3188,271.8112,225.3713,96.7200
2023-07-24,2.3490,3.3157,271.9771,225.4616,96.6700
2023-07-25,2.4151,3.3315,271.8383,225.0151,91.6400
2023-07-26,2.3898,3.3561,271.8905,225.0766,96.6300
2023-07-27,2.3726,3.3562,271.9706,225.2963,98.3600
2023-07-28,2.3812,3.3658,271.9728,225.2382,98.4600
2023-07-31,2.3962,3.3765,271.9620,225.0963,98.0300
2023-08-01,2.3921,3.3532,271.9941,225.2544,96.1100
2023-08-02,2.3887,3.3501,272.0642,225.3265,96.1400
2023-08-03,2.3667,3.3438,272.1722,225.5524,97.7100
2023-08-04,2.3697,3.3382,272.3363,225.5782,96.8500
2023-08-07,2.3811,3.3224,272.4773,225.6486,94.1300
2023-08-08,2.3760,3.3208,272.6039,225.6855,94.4800
2023-08-09,2.3783,3.3231,272.6805,225.7144,94.4800
2023-08-10,2.3854,3.3014,272.7982,225.6792,91.6000
2023-08-11,2.3744,3.2846,272.9358,225.7334,91.0200
2023-08-14,2.3627,3.2872,273.1495,225.9285,92.4500
2023-08-15,2.3430,3.2645,273.3189,226.1043,92.1500
2023-08-16,2.3281,3.2419,273.4608,226.2981,91.3800
2023-08-17,2.3276,3.2212,273.4963,226.2889,89.3600
2023-08-18,2.3167,3.2179,273.5595,226.3467,90.1200
2023-08-21,2.3030,3.1836,273.7435,226.5512,88.0600
2023-08-22,2.3112,3.1598,273.9050,226.5231,84.8600
2023-08-23,2.3076,3.1383,273.9991,226.4748,83.0700
2023-08-24,2.3071,3.1410,274.0811,226.5258,83.3900
2023-08-25,2.3343,3.1464,274.1948,226.4402,81.2100
2023-08-28,2.3494,3.1750,274.2072,226.1352,82.5600
2023-08-29,2.3743,3.1951,274.1985,226.1094,82.0800
2023-08-30,2.3511,3.1806,274.2474,226.2390,82.9500
2023-08-31,2.3420,3.1646,274.3065,226.4393,82.2600
2023-09-01,2.3763,3.1812,274.3417,226.2394,80.4900
2023-09-04,2.4100,3.2293,274.2634,225.9093,81.9300
2023-09-05,2.4009,3.2445,274.2933,225.9827,84.3600
2023-09-06,2.4326,3.3020,274.1793,225.7669,86.9400
2023-09-07,2.4591,3.3611,273.9296,225.6148,90.2000
2023-09-08,2.4664,3.3991,273.6345,225.5964,93.2700
2023-09-11,2.4819,3.4380,273.4400,225.5995,95.6100
2023-09-12,2.4663,3.4380,273.4597,225.8334,97.1700
2023-09-13,2.4352,3.4047,273.6526,225.9914,96.9500
2023-09-14,2.4317,3.3864,273.8622,226.0591,95.4700
2023-09-15,2.4491,3.3764,274.0214,226.0839,92.7300
2023-09-18,2.4709,3.3990,274.0587,225.8227,92.8100
2023-09-19,2.4795,3.3929,274.0552,225.8129,91.3400
2023-09-20,2.4689,3.3857,274.1056,225.7998,91.6800
2023-09-21,2.4470,3.3586,274.2577,225.9347,91.1600
2023-09-22,2.4604,3.3587,274.3295,225.9121,89.8300
2023-09-25,2.4865,3.3760,274.4424,225.8140,88.9500
2023-09-26,2.4988,3.3798,274.3866,225.6681,88.1000
2023-09-27,2.4804,3.3834,274.4085,225.7077,90.3000
2023-09-28,2.4529,3.3826,274.5038,225.9858,92.9700
2023-10-07,2.4379,3.3857,274.8717,226.2005,94.7800
2023-10-08,2.4353,3.3857,274.8958,226.2436,95.0400
2023-10-09,2.4462,3.3936,274.9868,226.1918,94.7400
2023-10-10,2.4762,3.3836,275.0116,226.0166,90.7400
2023-10-11,2.5112,3.3790,275.0219,225.7977,86.7800
2023-10-12,2.5112,3.3792,275.0249,225.7399,86.8000
2023-10-13,2.4963,3.3652,275.0763,225.9372,86.8900
2023-10-16,2.5128,3.3769,275.2387,226.0148,86.4100
2023-10-17,2.5428,3.3821,275.2515,225.8373,83.9300
2023-10-18,2.5678,3.3915,275.2860,225.7746,82.3700
2023-10-19,2.6178,3.4278,275.2288,225.5259,81.0000
2023-10-20,2.5878,3.4278,275.1940,225.4950,84.0000
2023-10-23,2.5754,3.4380,275.2806,225.7471,86.2600
2023-10-24,2.5728,3.4374,275.2560,225.6434,86.4600
2023-10-25,2.5228,3.4302,275.3053,225.9627,90.7400
2023-10-26,2.5278,3.4056,275.3551,226.1178,87.7800
2023-10-27,2.5078,3.3974,275.4429,226.0823,88.9600
2023-10-30,2.4978,3.3859,275.6114,226.2470,88.8100
2023-10-31,2.4928,3.3617,275.6742,226.3989,86.8900
2023-11-01,2.5003,3.3558,275.7751,226.3646,85.5500
2023-11-02,2.4778,3.3406,275.8927,226.5129,86.2800
2023-11-03,2.4878,3.3399,275.9969,226.4456,85.2100
2023-11-06,2.5053,3.3301,276.1646,226.4511,82.4800
2023-11-07,2.5278,3.3344,276.2583,226.4079,80.6600
2023-11-08,2.5254,3.3245,276.3367,226.3359,79.9100
2023-11-09,2.5328,3.3046,276.4642,226.4238,77.1800
2023-11-10,2.5078,3.3096,276.6609,226.4447,80.1800
2023-11-13,2.4953,3.2896,276.8899,226.5811,79.4300
2023-11-14,2.5003,3.2896,277.0313,226.5541,78.9300
2023-11-15,2.4828,3.2696,277.1371,226.6042,78.6800
2023-11-16,2.4728,3.2547,277.2871,226.7208,78.1900
2023-11-17,2.4778,3.2378,277.4374,226.7304,76.0000
2023-11-20,2.4953,3.2295,277.6428,226.7435,73.4200
2023-11-21,2.5178,3.2203,277.7805,226.6973,70.2500
2023-11-22,2.5428,3.2202,277.8100,226.6006,67.7400
2023-11-23,2.5728,3.2604,277.8272,226.3891,68.7600
2023-11-24,2.5778,3.2600,277.8368,226.3948,68.2200
2023-11-27,2.6078,3.2639,277.9055,226.3133,65.6100
2023-11-28,2.5878,3.2634,277.9557,226.3731,67.5600
2023-11-29,2.5878,3.2701,277.9979,226.3777,68.2300
2023-11-30,2.5704,3.2630,278.0943,226.5234,69.2600
2023-12-01,2.5724,3.2544,278.1868,226.4976,68.2000
2023-12-04,2.6024,3.2711,278.3128,226.4728,66.8700
2023-12-05,2.6074,3.2802,278.3601,226.3974,67.2800
2023-12-06,2.6224,3.2839,278.3500,226.3748,66.1500
2023-12-07,2.5924,3.2939,278.4172,226.4400,70.1500
2023-12-08,2.5801,3.2966,278.4650,226.5988,71.6500
2023-12-11,2.5713,3.2886,278.5870,226.7853,71.7300
2023-12-12,2.5438,3.2982,278.6298,226.8601,75.4400
2023-12-13,2.5063,3.2789,278.7385,227.1462,77.2600
2023-12-14,2.5037,3.2670,278.8730,227.2064,76.3300
2023-12-15,2.4713,3.2401,279.0080,227.3291,76.8800
2023-12-18,2.4663,3.2113,279.1869,227.4522,74.5000
2023-12-19,2.4863,3.2080,279.2916,227.3587,72.1700
2023-12-20,2.4963,3.2036,279.3873,227.3324,70.7300
2023-12-21,2.4663,3.2016,279.4912,227.3448,73.5300
2023-12-22,2.4663,3.1737,279.6468,227.5488,70.7400
2023-12-25,2.4463,3.1620,279.8375,227.7009,71.5700
2023-12-26,2.4139,3.1443,279.9771,228.0286,73.0400
2023-12-27,2.3613,3.1343,280.1456,228.2226,77.3000
2023-12-28,2.3513,3.1196,280.3724,228.3912,76.8300
2023-12-29,2.3413,3.0921,280.6093,228.3031,75.0800
2023-12-31,2.3413,3.0921,280.6784,228.3763,75.0800
2024-01-02,2.4019,3.0816,280.8420,228.1683,67.9700
2024-01-03,2.4069,3.0819,280.9014,228.0510,67.5000
2024-01-04,2.4069,3.0759,281.0461,228.1792,66.9000
2024-01-05,2.3919,3.0595,281.1828,228.2645,66.7600
2024-01-08,2.3994,3.0390,281.4024,228.3074,63.9600
2024-01-09,2.3901,3.0090,281.5827,228.3818,61.8900
2024-01-10,2.4101,3.0078,281.6874,228.3201,59.7700
2024-01-11,2.4101,3.0064,281.7932,228.2745,59.6300
2024-01-12,2.4154,2.9914,281.8547,228.2103,57.6000
2024-01-15,2.4059,3.0041,281.9830,228.2513,59.8200
2024-01-16,2.4156,3.0089,282.0588,228.2130,59.3300
2024-01-17,2.4163,2.9868,282.1631,228.3025,57.0500
2024-01-18,2.4066,2.9798,282.2777,228.4290,57.3200
2024-01-19,2.3869,2.9745,282.3907,228.5351,58.7600
2024-01-22,2.3832,2.9507,282.5772,228.7078,56.7500
2024-01-23,2.3979,2.9417,282.6596,228.6568,54.3800
2024-01-24,2.3827,2.9313,282.7685,228.6862,54.8600
2024-01-25,2.3550,2.9244,282.9048,229.0035,56.9400
2024-01-26,2.3605,2.9162,283.0104,229.0191,55.5700
2024-01-29,2.3466,2.9133,283.2006,229.1566,56.6700
2024-01-30,2.3141,2.8837,283.3981,229.4948,56.9600
2024-01-31,2.3197,2.8563,283.6155,229.6248,53.6600
2024-02-01,2.3228,2.8563,283.7421,229.5640,53.3500
2024-02-02,2.3234,2.8550,283.8691,229.5395,53.1600
2024-02-04,2.3095,2.8399,283.9754,229.7833,53.0400
2024-02-05,2.3123,2.8293,284.1099,229.7050,51.7000
2024-02-06,2.3622,2.8467,284.0945,229.4614,48.4500
2024-02-07,2.3227,2.8499,284.2214,229.5037,52.7200
2024-02-08,2.3302,2.8503,284.2964,229.6092,52.0100
2024-02-09,2.3302,2.8503,284.3400,229.6231,52.0100
2024-02-18,2.3251,2.8519,284.5769,229.7233,52.6800
2024-02-19,2.3151,2.8429,284.6512,229.7642,52.7800
2024-02-20,2.2877,2.8378,284.7998,229.9434,55.0100
2024-02-21,2.2665,2.8161,284.9189,230.0979,54.9600
2024-02-22,2.2358,2.7974,285.0860,230.2601,56.1600
2024-02-23,2.2143,2.7704,285.2906,230.5274,55.6100
2024-02-26,2.1959,2.7519,285.5313,230.5867,55.6000
2024-02-27,2.2160,2.7394,285.6733,230.6796,52.3400
2024-02-28,2.2010,2.7235,285.7717,230.7211,52.2500
2024-02-29,2.1956,2.7045,285.9396,230.8993,50.8900
2024-03-01,2.2454,2.7277,285.9252,230.5826,48.2300
2024-03-04,2.2407,2.7275,286.0707,230.6602,48.6800
2024-03-05,2.2258,2.7261,286.1456,230.7299,50.0300
2024-03-06,2.1748,2.7258,286.2113,231.2112,55.1000
2024-03-07,2.2140,2.6996,286.3134,231.1739,48.5600
2024-03-08,2.2207,2.7008,286.3879,231.0536,48.0100
2024-03-11,2.2401,2.7100,286.5171,230.9854,46.9900
2024-03-12,2.2770,2.7308,286.4697,230.6656,45.3800
2024-03-13,2.2818,2.7458,286.3796,230.4763,46.4000
2024-03-14,2.2851,2.7761,286.3723,230.4825,49.1000
2024-03-15,2.2700,2.7869,286.4163,230.5281,51.6900
2024-03-18,2.2400,2.7900,286.5697,230.8356,55.0000
2024-03-19,2.2317,2.7900,286.6675,231.0253,55.8300
2024-03-20,2.2433,2.7689,286.7756,230.9784,52.5600
2024-03-21,2.2253,2.7671,286.8719,231.0004,54.1800
2024-03-22,2.2323,2.7516,286.9864,231.0858,51.9300
2024-03-25,2.2337,2.7723,287.0954,230.9954,53.8600
2024-03-26,2.2196,2.7797,287.1579,231.0238,56.0100
2024-03-27,2.1693,2.7710,287.2496,231.2542,60.1700
2024-03-28,2.1896,2.7512,287.3509,231.3388,56.1600
2024-03-29,2.1748,2.7435,287.4686,231.3859,56.8700
2024-04-01,2.1951,2.7421,287.6278,231.3358,54.7000
2024-04-02,2.1713,2.7222,287.7589,231.5007,55.0900
2024-04-03,2.1541,2.7024,287.9349,231.6255,54.8300
2024-04-07,2.1578,2.7043,288.1149,231.6733,54.6500
2024-04-08,2.1328,2.6859,288.2223,231.7867,55.3100
2024-04-09,2.1228,2.6535,288.4126,231.9924,53.0700
2024-04-10,2.1228,2.6331,288.5832,232.0038,51.0300
2024-04-11,2.1078,2.6238,288.7229,232.1923,51.6000
2024-04-12,2.0903,2.5957,288.9002,232.4553,50.5400
2024-04-15,2.1087,2.5800,289.1320,232.4230,47.1300
2024-04-16,2.1187,2.5616,289.2185,232.3588,44.2900
2024-04-17,2.1087,2.5506,289.3684,232.4698,44.1900
2024-04-18,2.0762,2.5248,289.5234,232.6597,44.8600
2024-04-19,2.0662,2.4975,289.6807,232.8110,43.1300
2024-04-22,2.0512,2.4784,289.9141,232.9371,42.7200
2024-04-23,2.0362,2.4470,290.1218,233.1321,41.0800
2024-04-24,2.0762,2.4873,290.0843,232.9094,41.1100
2024-04-25,2.0589,2.5055,290.0613,232.9757,44.6600
2024-04-26,2.1189,2.5602,289.9774,232.6476,44.1300
2024-04-28,2.1689,2.5733,289.9797,232.3406,40.4400
2024-04-29,2.1889,2.6177,289.7256,231.9531,42.8800
2024-04-30,2.1289,2.5886,289.8811,232.4679,45.9700
2024-05-06,2.1039,2.5715,290.1207,232.7813,46.7600
2024-05-07,2.0739,2.5280,290.3810,233.0399,45.4100
2024-05-08,2.0889,2.5016,290.5655,232.9905,41.2700
2024-05-09,2.1089,2.5128,290.6039,232.8330,40.3900
2024-05-10,2.0989,2.5126,290.6520,232.8197,41.3700
2024-05-11,2.1224,2.5307,290.6673,232.6182,40.8300
2024-05-13,2.0823,2.5142,290.8265,232.9950,43.1900
2024-05-14,2.0773,2.4863,290.9703,233.1794,40.9000
2024-05-15,2.0746,2.4786,291.0844,233.1678,40.4000
2024-05-16,2.0831,2.4548,291.0979,233.1055,37.1700
2024-05-17,2.0756,2.4759,291.1190,233.1203,40.0300
2024-05-20,2.0756,2.4566,291.2716,233.2422,38.1000
2024-05-21,2.0856,2.4512,291.3147,233.1278,36.5600
2024-05-22,2.0756,2.4366,291.4465,233.2240,36.1000
2024-05-23,2.0656,2.4270,291.5688,233.3540,36.1400
2024-05-24,2.0731,2.4214,291.6170,233.3028,34.8300
2024-05-27,2.0756,2.4233,291.7412,233.3054,34.7700
2024-05-28,2.0706,2.4137,291.8333,233.4090,34.3100
2024-05-29,2.0706,2.3978,291.9663,233.5517,32.7200
2024-05-30,2.0656,2.3886,292.0769,233.5654,32.3000
2024-05-31,2.0618,2.3922,292.1442,233.5473,33.0400
2024-06-03,2.0443,2.3900,292.3049,233.7630,34.5700
2024-06-04,2.0393,2.3704,292.3781,233.7993,33.1100
2024-06-05,2.0268,2.3534,292.4758,233.9348,32.6600
2024-06-06,2.0202,2.3399,292.5911,233.9962,31.9700
2024-06-07,2.0214,2.3333,292.6894,233.9707,31.1900
2024-06-11,2.0207,2.3354,292.8304,234.0755,31.4700
2024-06-12,2.0325,2.3362,292.9015,234.0827,30.3700
2024-06-13,2.0372,2.3277,292.9650,234.0874,29.0500
2024-06-14,2.0333,2.3265,293.0716,234.0862,29.3200
2024-06-17,2.0383,2.3274,293.1930,234.1066,28.9100
2024-06-18,2.0232,2.3274,293.2714,234.1829,30.4200
2024-06-19,1.9930,2.3273,293.2912,234.3441,33.4300
2024-06-20,1.9880,2.3152,293.3485,234.4882,32.7200
2024-06-21,1.9980,2.3151,293.3731,234.3813,31.7100
2024-06-24,1.9855,2.3124,293.4453,234.4911,32.6900
2024-06-25,1.9653,2.3053,293.5242,234.6933,34.0000
2024-06-26,1.9503,2.3045,293.5714,234.8091,35.4200
2024-06-27,1.9340,2.2970,293.6503,234.9759,36.3000
2024-06-28,1.9398,2.2862,293.7617,235.0573,34.6400
2024-07-01,1.9698,2.2907,293.8298,234.9995,32.0900
2024-07-02,1.9483,2.2955,293.8602,235.0183,34.7200
2024-07-03,1.9308,2.2776,293.9169,235.2412,34.6800
2024-07-04,1.9375,2.2631,294.0168,235.2344,32.5600
2024-07-05,1.9575,2.2742,294.0622,235.0576,31.6700
2024-07-08,1.9985,2.3001,294.0594,234.7469,30.1600
2024-07-09,1.9785,2.2827,294.1332,234.9764,30.4200
2024-07-10,1.9772,2.2735,294.2334,235.0109,29.6300
2024-07-11,1.9705,2.2636,294.3633,235.0753,29.3100
2024-07-12,1.9630,2.2508,294.4691,235.1816,28.7800
2024-07-15,1.9517,2.2458,294.6309,235.2921,29.4100
2024-07-16,1.9492,2.2424,294.7127,235.3429,29.3200
2024-07-17,1.9454,2.2342,294.7714,235.3749,28.8800
2024-07-18,1.9542,2.2246,294.8265,235.3492,27.0400
2024-07-19,1.9452,2.2361,294.8805,235.3929,29.0900
2024-07-22,1.9013,2.2166,295.0383,235.7880,31.5300
2024-07-23,1.8761,2.1958,295.1701,236.0405,31.9700
2024-07-24,1.8786,2.1858,295.2606,236.0613,30.7200
2024-07-25,1.8784,2.1757,295.4044,236.1175,29.7300
2024-07-26,1.8724,2.1607,295.5154,236.1259,28.8300
2024-07-29,1.8663,2.1508,295.6775,236.1947,28.4500
2024-07-30,1.8563,2.1459,295.8403,236.2584,28.9600
2024-07-31,1.8363,2.1408,295.9519,236.4975,30.4500
2024-08-01,1.8113,2.1305,296.1023,236.6397,31.9200
2024-08-02,1.8013,2.1179,296.2118,236.7387,31.6600
2024-08-05,1.8013,2.1128,296.3812,236.8155,31.1500
2024-08-06,1.8113,2.1256,296.4108,236.6975,31.4300
2024-08-07,1.8088,2.1229,296.4900,236.8030,31.4100
2024-08-08,1.8338,2.1384,296.4334,236.6617,30.4600
2024-08-09,1.8663,2.1730,296.2565,236.3807,30.6700
2024-08-12,1.9313,2.2234,295.9083,235.9230,29.2100
2024-08-13,1.8913,2.2233,295.9257,236.1444,33.2000
2024-08-14,1.8713,2.1919,296.1401,236.4725,32.0600
2024-08-15,1.9075,2.1978,296.2108,236.2266,29.0300
2024-08-16,1.9075,2.1975,296.2669,236.1559,29.0000
2024-08-19,1.9075,2.1950,296.3253,236.1812,28.7500
2024-08-20,1.9100,2.1988,296.2958,236.2073,28.8800
2024-08-21,1.9075,2.2261,296.1778,236.1022,31.8600
2024-08-22,1.9025,2.2404,296.1549,236.2532,33.7900
2024-08-23,1.8775,2.2613,296.0099,236.3030,38.3800
2024-08-26,1.8725,2.2839,295.8477,236.4764,41.1400
2024-08-27,1.9075,2.3216,295.5276,236.2525,41.4100
2024-08-28,1.8800,2.3321,295.5291,236.2895,45.2100
2024-08-29,1.8825,2.3210,295.5979,236.3494,43.8500
2024-08-30,1.8725,2.3005,295.6693,236.3369,42.8000
2024-09-02,1.8325,2.3052,295.8639,236.7342,47.2700
2024-09-03,1.8125,2.2903,295.9728,236.8765,47.7800
2024-09-04,1.8125,2.2816,296.0391,237.0156,46.9100
2024-09-05,1.8175,2.2656,296.1104,237.0603,44.8100
2024-09-06,1.8100,2.2658,296.1570,237.0328,45.5800
2024-09-09,1.8075,2.2693,296.2531,237.1546,46.1800
2024-09-10,1.8050,2.2664,296.2357,237.2084,46.1400
2024-09-11,1.7808,2.2647,296.2070,237.4057,48.3900
2024-09-12,1.7810,2.2605,296.1759,237.4635,47.9500
2024-09-13,1.7786,2.2560,296.1617,237.5070,47.7400
2024-09-14,1.7686,2.2519,296.2359,237.6330,48.3300
2024-09-18,1.7769,2.2574,296.3174,237.6480,48.0500
2024-09-19,1.7869,2.2628,296.2971,237.6082,47.5900
2024-09-20,1.7819,2.2679,296.2489,237.5943,48.6000
2024-09-23,1.7819,2.2726,296.2603,237.7115,49.0700
2024-09-24,1.7926,2.2713,296.2291,237.7311,47.8700
2024-09-25,1.7405,2.2601,296.2500,238.0438,51.9600
2024-09-26,1.7505,2.2702,296.2401,238.1786,51.9700
2024-09-27,1.8039,2.3615,295.9309,237.3321,55.7600
2024-09-29,1.9239,2.5101,295.2432,236.4223,58.6200
2024-09-30,1.8769,2.5438,294.9366,237.1357,66.6900
2024-10-08,1.9419,2.6380,294.4963,236.7749,69.6100
2024-10-09,1.9269,2.7396,293.5550,236.7419,81.2700
2024-10-10,1.8749,2.7470,293.6819,237.2717,87.2100
2024-10-11,1.8503,2.6847,294.0684,237.6200,83.4400
2024-10-12,1.8503,2.6566,294.5545,237.5947,80.6300
2024-10-14,1.8254,2.5866,295.0888,237.7501,76.1200
2024-10-15,1.8129,2.5428,295.5015,237.7640,72.9900
2024-10-16,1.8329,2.5132,295.6540,237.7698,68.0300
2024-10-17,1.8129,2.4929,295.8328,237.8114,68.0000
2024-10-18,1.8265,2.4823,295.9757,237.8423,65.5800
2024-10-21,1.8365,2.4790,296.0502,237.7144,64.2500
2024-10-22,1.8781,2.4867,295.9563,237.5304,60.8600
2024-10-23,1.8881,2.5274,295.6730,237.3123,63.9300
2024-10-24,1.8981,2.5321,295.6319,237.3959,63.4000
2024-10-25,1.8804,2.5552,295.5110,237.4067,67.4800
2024-10-28,1.8754,2.5768,295.4152,237.5338,70.1400
2024-10-29,1.8654,2.5816,295.2965,237.5571,71.6200
2024-10-30,1.8704,2.5914,295.1981,237.5579,72.1000
2024-10-31,1.8643,2.5982,295.1813,237.6089,73.3900
2024-11-01,1.8418,2.5820,295.3053,237.8102,74.0200
2024-11-04,1.8405,2.5574,295.4339,237.9170,71.6900
2024-11-05,1.8374,2.5555,295.4017,237.9103,71.8100
2024-11-06,1.8407,2.5452,295.4413,237.9267,70.4500
2024-11-07,1.8207,2.5278,295.4882,238.0551,70.7100
2024-11-08,1.8293,2.5109,295.5250,238.0626,68.1600
2024-11-11,1.8287,2.4969,295.6585,238.1236,66.8200
2024-11-12,1.8043,2.4738,295.7781,238.2487,66.9500
2024-11-13,1.8047,2.4679,295.9093,238.2574,66.3200
2024-11-14,1.7980,2.4598,296.0233,238.2620,66.1800
2024-11-15,1.7989,2.4535,296.1426,238.3112,65.4600
2024-11-18,1.8164,2.4493,296.2481,238.2621,63.2900
2024-11-19,1.8151,2.4509,296.3389,238.2680,63.5800
2024-11-20,1.8126,2.4410,296.4615,238.3070,62.8400
2024-11-21,1.7977,2.4377,296.5532,238.3988,64.0000
2024-11-22,1.8030,2.4203,296.7191,238.4275,61.7300
2024-11-25,1.7982,2.3960,296.8998,238.5322,59.7800
2024-11-26,1.7948,2.3772,297.0604,238.5775,58.2400
2024-11-27,1.7899,2.3631,297.2116,238.5971,57.3200
2024-11-28,1.7791,2.3514,297.3241,238.6930,57.2300
2024-11-29,1.7341,2.3238,297.5019,238.9307,58.9700
2024-12-02,1.6819,2.2700,297.8757,239.5547,58.8100
2024-12-03,1.6919,2.2485,298.0375,239.5270,55.6600
2024-12-04,1.6744,2.2293,298.2590,239.6589,55.4900
2024-12-05,1.6719,2.2037,298.4052,239.6708,53.1800
2024-12-06,1.6819,2.1994,298.5425,239.6628,51.7500
2024-12-09,1.6619,2.1971,298.6911,239.8127,53.5200
2024-12-10,1.5994,2.1567,298.9718,240.3841,55.7300
2024-12-11,1.5869,2.1419,299.0113,240.4260,55.5000
2024-12-12,1.5469,2.1397,299.0901,240.7338,59.2800
2024-12-13,1.5069,2.1060,299.2872,241.2622,59.9100
2024-12-16,1.4819,2.0826,299.4959,241.5407,60.0700
2024-12-17,1.5019,2.0833,299.4656,241.4038,58.1400
2024-12-18,1.5019,2.0977,299.4332,241.4291,59.5800
2024-12-19,1.4669,2.1091,299.3855,241.5502,64.2200
2024-12-20,1.4219,2.1053,299.4864,241.9816,68.3400
2024-12-23,1.3969,2.0956,299.6193,242.2228,69.8700
2024-12-24,1.3836,2.1058,299.5366,242.1484,72.2200
2024-12-25,1.4262,2.1207,299.5068,241.9005,69.4500
2024-12-26,1.4063,2.1204,299.4924,241.8841,71.4100
2024-12-27,1.3863,2.0955,299.6268,242.1593,70.9200
2024-12-30,1.4113,2.0957,299.7009,242.1236,68.4400
2024-12-31,1.4275,2.0641,299.8136,242.1428,63.6600
2025-01-02,1.4075,2.0359,300.0919,242.2929,62.8400
2025-01-03,1.3900,2.0297,300.3010,242.5081,63.9700
2025-01-06,1.4150,2.0122,300.4824,242.4874,59.7200
2025-01-07,1.4550,2.0412,300.5434,242.2706,58.6200
2025-01-08,1.4725,2.0329,300.6109,242.1318,56.0400
2025-01-09,1.5080,2.0534,300.6028,241.8900,54.5400
2025-01-10,1.5055,2.0593,300.4866,241.6864,55.3800
2025-01-13,1.5450,2.0606,300.4504,241.5038,51.5600
2025-01-14,1.4800,2.0610,300.3817,241.7608,58.1000
2025-01-15,1.4850,2.0507,300.3915,241.9086,56.5700
2025-01-16,1.5100,2.0766,300.2664,241.7089,56.6600
2025-01-17,1.5150,2.0936,300.2095,241.7358,57.8600
2025-01-20,1.5175,2.1066,300.1426,241.7090,58.9100
2025-01-21,1.4975,2.1102,300.1418,241.8084,61.2700
2025-01-22,1.5000,2.0918,300.1767,241.8962,59.1800
2025-01-23,1.5400,2.1073,300.1419,241.6932,56.7300
2025-01-24,1.5425,2.1062,300.0424,241.5349,56.3700
2025-01-26,1.5427,2.1062,300.0939,241.6511,56.3500
2025-01-27,1.4877,2.0968,300.3237,241.9118,60.9100
2025-02-05,1.4827,2.0904,300.5490,242.1462,60.7700
2025-02-06,1.4627,2.0856,300.7057,242.3286,62.2900
2025-02-07,1.4727,2.0654,300.8057,242.3961,59.2700
2025-02-08,1.4747,2.0693,300.8554,242.3175,59.4600
2025-02-10,1.5174,2.0925,300.8431,242.1199,57.5100
2025-02-11,1.5251,2.1155,300.8378,242.0066,59.0400
2025-02-12,1.5351,2.1130,300.8867,242.0210,57.7900
2025-02-13,1.5551,2.1140,300.9479,241.9040,55.8900
2025-02-14,1.5903,2.1321,300.8783,241.6318,54.1800
2025-02-17,1.6153,2.1555,300.8607,241.4746,54.0200
2025-02-18,1.6303,2.1622,300.7054,241.2093,53.1900
2025-02-19,1.6153,2.1607,300.6939,241.3742,54.5400
2025-02-20,1.6518,2.1838,300.6146,241.2107,53.2000
2025-02-21,1.6868,2.2238,300.4234,240.7998,53.7000
2025-02-24,1.7343,2.2646,300.1958,240.4039,53.0300
2025-02-25,1.7130,2.3003,300.0360,240.3285,58.7300
2025-02-26,1.7055,2.3003,300.0740,240.4393,59.4800
2025-02-27,1.7405,2.3176,299.9277,240.1713,57.7100
2025-02-28,1.7249,2.3252,299.8383,240.1922,60.0300
2025-03-03,1.6767,2.3201,299.9375,240.6424,64.3400
2025-03-04,1.6792,2.3144,300.0242,240.8081,63.5200
2025-03-05,1.6792,2.3150,300.0660,240.7849,63.5800
2025-03-06,1.7142,2.3200,300.0535,240.5458,60.5800
2025-03-07,1.7598,2.3700,299.7302,240.0896,61.0200
2025-03-10,1.7648,2.3950,299.6605,240.0117,63.0200
2025-03-11,1.8148,2.4438,299.4623,239.5765,62.9000
2025-03-12,1.7523,2.4411,299.5087,239.8706,68.8800
2025-03-13,1.7422,2.4168,299.7055,240.0831,67.4600
2025-03-14,1.7130,2.3978,299.8136,240.1740,68.4800
2025-03-17,1.7568,2.4156,299.8224,239.9720,65.8800
2025-03-18,1.7468,2.3963,299.8987,240.0104,64.9500
2025-03-19,1.7368,2.3817,300.0279,240.0846,64.4900
2025-03-20,1.7396,2.3413,300.2399,240.3302,60.1700
2025-03-21,1.7400,2.3112,300.4149,240.3000,57.1200
2025-03-24,1.7399,2.2798,300.6331,240.2854,53.9900
2025-03-25,1.7397,2.2653,300.7885,240.4271,52.5600
2025-03-26,1.7297,2.2556,300.9480,240.4032,52.5900
2025-03-27,1.7442,2.2407,301.0856,240.4959,49.6500
2025-03-28,1.7393,2.2281,301.1792,240.5233,48.8800
2025-03-31,1.7443,2.2305,301.2721,240.5532,48.6200
2025-04-01,1.7568,2.2231,301.3069,240.5612,46.6300
2025-04-02,1.7343,2.2087,301.4071,240.6858,47.4400
2025-04-03,1.6688,2.1576,301.7791,241.3260,48.8800
2025-04-07,1.6056,2.0863,302.2679,241.9471,48.0700
2025-04-08,1.6785,2.1036,302.2426,241.5774,42.5100
2025-04-09,1.6610,2.1058,302.2193,241.5525,44.4800
2025-04-10,1.6479,2.1125,302.2092,241.6032,46.4600
2025-04-11,1.6171,2.1013,302.2372,241.8956,48.4200
2025-04-14,1.6171,2.1171,302.3145,241.8082,50.0000
2025-04-15,1.6321,2.1127,302.3257,241.7761,48.0600
2025-04-16,1.6246,2.1097,302.3128,241.8064,48.5100
2025-04-17,1.6439,2.1243,302.3195,241.7987,48.0400
2025-04-18,1.6489,2.1370,302.3542,241.7208,48.8100
2025-04-21,1.6539,2.1552,302.3915,241.6477,50.1300
2025-04-22,1.6481,2.1554,302.4226,241.6937,50.7300
2025-04-23,1.6593,2.1743,302.3399,241.5869,51.5000
2025-04-24,1.6643,2.1816,302.3238,241.6015,51.7300
2025-04-25,1.6643,2.1923,302.3267,241.5997,52.8000
2025-04-27,1.6635,2.2025,302.4001,241.5950,53.9000
2025-04-28,1.6618,2.2007,302.3901,241.6476,53.8900
2025-04-29,1.6412,2.2098,302.4505,241.7929,56.8600
2025-04-30,1.6335,2.1961,302.4956,241.9382,56.2600
2025-05-06,1.6412,2.1971,302.6557,242.0312,55.5900
2025-05-07,1.6336,2.1863,302.6775,242.1172,55.2700
2025-05-08,1.5936,2.1662,302.8437,242.3607,57.2600
2025-05-09,1.5841,2.1471,303.0107,242.4941,56.3000
2025-05-12,1.6032,2.1473,303.0880,242.4065,54.4100
2025-05-13,1.5809,2.1379,303.1649,242.4103,55.7000
2025-05-14,1.5922,2.1231,303.2470,242.3166,53.0900
2025-05-15,1.6084,2.1126,303.3452,242.1880,50.4200
2025-05-16,1.6144,2.1240,303.3482,241.9725,50.9600
2025-05-19,1.6108,2.1307,303.4494,242.0971,51.9900
2025-05-20,1.6073,2.1355,303.5801,242.1918,52.8200
2025-05-21,1.6149,2.1306,303.6583,242.1494,51.5700
2025-05-22,1.6171,2.1239,303.7872,242.2024,50.6800
2025-05-23,1.6154,2.1204,303.8838,242.1832,50.5000
2025-05-26,1.6104,2.1023,304.0442,242.2831,49.1900
2025-05-27,1.6204,2.0986,304.1095,242.2229,47.8200
2025-05-28,1.6304,2.1085,304.1156,242.1244,47.8100
2025-05-29,1.6404,2.1234,304.0289,241.9424,48.3000
2025-05-30,1.6304,2.1053,304.1109,242.1213,47.4900
2025-06-03,1.6392,2.1072,304.2088,242.1285,46.8000
2025-06-04,1.6292,2.1022,304.2239,242.1413,47.3000
2025-06-05,1.6217,2.1024,304.2797,242.2553,48.0700
2025-06-06,1.6042,2.0922,304.3455,242.4282,48.8000
2025-06-09,1.6017,2.0871,304.4685,242.5428,48.5400
2025-06-10,1.6017,2.0874,304.5590,242.5072,48.5700
2025-06-11,1.5942,2.0807,304.6204,242.5302,48.6500
2025-06-12,1.6042,2.0818,304.6470,242.5135,47.7600
2025-06-13,1.6020,2.0812,304.6945,242.4893,47.9200
2025-06-16,1.6045,2.0792,304.7995,242.5441,47.4700
2025-06-17,1.5857,2.0788,304.8698,242.6420,49.3100
2025-06-18,1.5832,2.0706,304.9585,242.7244,48.7400
2025-06-19,1.5782,2.0703,305.0278,242.7633,49.2100
2025-06-20,1.5782,2.0603,305.0843,242.7765,48.2100
2025-06-23,1.5782,2.0500,305.1725,242.8436,47.1800
2025-06-24,1.5907,2.0546,305.1358,242.7833,46.3900
2025-06-25,1.5907,2.0491,305.1486,242.7870,45.8400
2025-06-26,1.5807,2.0471,305.1229,242.7985,46.6400
2025-06-27,1.5757,2.0378,305.1505,242.8667,46.2100
2025-06-30,1.5807,2.0439,305.2056,242.8540,46.3200
2025-07-01,1.5657,2.0413,305.3039,242.8757,47.5600
2025-07-02,1.5557,2.0169,305.3753,242.9949,46.1200
2025-07-03,1.5572,2.0108,305.5420,243.0751,45.3600
2025-07-04,1.5557,1.9994,305.6816,243.0929,44.3700
2025-07-07,1.5582,1.9857,305.7879,243.1055,42.7500
2025-07-08,1.5682,1.9848,305.7732,242.9990,41.6600
2025-07-09,1.5732,1.9913,305.8172,242.9391,41.8100
2025-07-10,1.5922,2.0010,305.7814,242.8439,40.8800
2025-07-11,1.5972,2.0128,305.6960,242.7305,41.5600
2025-07-14,1.6072,2.0231,305.7102,242.6835,41.5900
2025-07-15,1.6000,2.0186,305.7581,242.8597,41.8600
2025-07-16,1.6000,2.0156,305.8591,242.9036,41.5600
2025-07-17,1.6025,1.9945,305.9032,242.9042,39.2000
2025-07-18,1.6000,1.9912,305.9582,242.8787,39.1200
2025-07-21,1.6125,2.0098,305.9471,242.8278,39.7300
2025-07-22,1.6225,2.0131,305.9198,242.7496,39.0600
2025-07-23,1.6400,2.0447,305.7590,242.4839,40.4700
2025-07-24,1.6800,2.0847,305.5703,242.2311,40.4700
2025-07-25,1.6750,2.1052,305.4421,242.1467,43.0200
2025-07-28,1.6600,2.0917,305.5577,242.3798,43.1700
2025-07-29,1.6750,2.1189,305.4640,242.2385,44.3900
2025-07-30,1.6625,2.1210,305.4722,242.2386,45.8500
2025-07-31,1.6400,2.0899,305.5990,242.4984,44.9900
2025-08-01,1.6400,2.0854,305.6886,242.4957,44.5400
2025-08-04,1.6450,2.0710,305.7748,242.5585,42.6000
2025-08-05,1.6500,2.0534,305.8848,242.4663,40.3400
2025-08-06,1.6425,2.0356,305.9877,242.5251,39.3100
2025-08-07,1.6400,2.0317,306.0302,242.6066,39.1700
2025-08-08,1.6300,2.0381,306.0581,242.6881,40.8100
2025-08-11,1.6450,2.0504,306.0818,242.6464,40.5400
2025-08-12,1.6600,2.0462,305.9868,242.4830,38.6200
2025-08-13,1.6525,2.0459,305.9743,242.4529,39.3400
2025-08-14,1.6600,2.0578,305.9355,242.4735,39.7800
2025-08-15,1.6700,2.0568,305.8950,242.3687,38.6800
2025-08-18,1.7200,2.1163,305.6417,241.9283,39.6300
2025-08-19,1.7050,2.1227,305.4968,241.8943,41.7700
2025-08-20,1.7125,2.1227,305.4783,241.9434,41.0200
2025-08-21,1.7006,2.1213,305.4741,241.9145,42.0700
2025-08-22,1.6955,2.1251,305.4730,241.9552,42.9600
2025-08-25,1.6830,2.1172,305.5741,242.0229,43.4200
2025-08-26,1.6769,2.1234,305.5943,242.1571,44.6500
2025-08-27,1.6769,2.1087,305.6241,242.1031,43.1800
2025-08-28,1.7019,2.0937,305.6329,242.0790,39.1800
2025-08-29,1.6916,2.0941,305.6435,242.0659,40.2500
2025-09-01,1.6846,2.0944,305.7271,242.1698,40.9800
2025-09-02,1.6744,2.0841,305.7211,242.2880,40.9700
2025-09-03,1.6619,2.0839,305.8043,242.4631,42.2000
2025-09-04,1.6644,2.0712,305.9070,242.5808,40.6800
2025-09-05,1.6794,2.0777,305.9367,242.3982,39.8300
2025-09-08,1.7019,2.0996,305.9232,242.2215,39.7700
2025-09-09,1.7207,2.1013,305.9070,242.1086,38.0600
2025-09-10,1.7504,2.1071,305.8679,241.9098,35.6700
2025-09-11,1.7461,2.1176,305.8284,241.8393,37.1500
2025-09-12,1.7411,2.1201,305.8215,241.9236,37.9000
2025-09-15,1.7656,2.1119,305.9236,242.0908,34.6300
2025-09-16,1.7800,2.1102,305.9504,242.1577,33.0200
2025-09-17,1.7600,2.1030,305.9804,242.3789,34.3000
2025-09-18,1.7701,2.1057,305.9861,242.3836,33.5600
2025-09-19,1.7807,2.1223,305.9723,242.3185,34.1600
2025-09-22,1.7708,2.1371,306.0097,242.3662,36.6300
2025-09-23,1.7838,2.1417,305.9223,242.2755,35.7900
2025-09-24,1.7923,2.1819,305.8060,242.1236,38.9600
2025-09-25,1.8020,2.1916,305.6156,241.9539,38.9600
2025-09-26,1.8009,2.1903,305.6239,242.0776,38.9400
2025-09-28,1.7954,2.1922,305.6472,242.1657,39.6800
2025-09-29,1.7996,2.1973,305.6518,242.1663,39.7700
2025-09-30,1.7796,2.1969,305.6423,242.2428,41.7300
2025-10-09,1.7802,2.1943,305.8890,242.4358,41.4100
2025-10-10,1.7827,2.1910,305.9011,242.4438,40.8300
2025-10-11,1.7613,2.1781,306.0372,242.6301,41.6800
2025-10-13,1.7813,2.1784,306.1057,242.5488,39.7100
2025-10-14,1.7826,2.1879,306.1421,242.4440,40.5300
2025-10-15,1.7888,2.1875,306.1801,242.4748,39.8700
2025-10-16,1.7955,2.1883,306.2504,242.4704,39.2800
2025-10-17,1.7852,2.1755,306.3709,242.5735,39.0300
2025-10-20,1.7940,2.1866,306.4759,242.5447,39.2600
2025-10-21,1.7925,2.1784,306.5856,242.5488,38.5900
2025-10-22,1.7822,2.1596,306.6936,242.6018,37.7400
2025-10-23,1.7816,2.1518,306.7975,242.6102,37.0200
2025-10-24,1.7813,2.1456,306.8862,242.5952,36.4300
2025-10-27,1.7738,2.1500,306.9943,242.6748,37.6200
2025-10-28,1.7450,2.1253,307.1901,242.9921,38.0300
2025-10-29,1.7275,2.1123,307.3398,243.0543,38.4800
2025-10-30,1.7231,2.1042,307.4525,243.1939,38.1100
2025-10-31,1.7206,2.0877,307.5962,243.3669,36.7100
2025-11-03,1.7256,2.0811,307.7442,243.4270,35.5500
2025-11-04,1.7287,2.0749,307.8325,243.3729,34.6200
2025-11-05,1.7248,2.0735,307.8856,243.4109,34.8700
2025-11-06,1.7363,2.0761,307.9072,243.3060,33.9800
2025-11-07,1.7516,2.0624,307.9158,243.1978,31.0800
2025-11-10,1.7456,2.0675,307.9846,243.2068,32.1900
2025-11-11,1.7399,2.0706,308.0372,243.3158,33.0700
2025-11-12,1.7310,2.0580,308.0706,243.3892,32.7000
2025-11-13,1.7303,2.0493,308.0991,243.4455,31.9000
2025-11-14,1.7240,2.0521,308.1152,243.4885,32.8100
2025-11-17,1.7159,2.0502,308.1816,243.5928,33.4300
2025-11-18,1.7158,2.0410,308.2498,243.5887,32.5200
2025-11-19,1.7185,2.0422,308.2862,243.5806,32.3700
2025-11-20,1.7165,2.0363,308.2830,243.6162,31.9800
2025-11-21,1.7159,2.0488,308.2534,243.6292,33.2900
2025-11-24,1.7107,2.0503,308.2619,243.6589,33.9600
2025-11-25,1.7136,2.0649,308.2395,243.6273,35.1300
2025-11-26,1.7244,2.0730,308.1616,243.4836,34.8600
2025-11-27,1.7266,2.0919,308.0688,243.4324,36.5300
2025-11-28,1.7189,2.1002,308.0947,243.4611,38.1300
2025-12-01,1.7097,2.1008,308.1430,243.5608,39.1100
2025-12-02,1.7099,2.1011,308.1510,243.5428,39.1200
2025-12-03,1.7206,2.1016,308.1204,243.4896,38.1000
2025-12-04,1.7641,2.1190,307.9681,243.2812,35.4900
2025-12-05,1.7642,2.1189,307.9461,243.2620,35.4700
2025-12-08,1.7644,2.1341,307.9387,243.3333,36.9700
2025-12-09,1.7433,2.1295,307.9807,243.4317,38.6200
2025-12-10,1.7350,2.1212,307.9964,243.4975,38.6200
2025-12-11,1.7282,2.1112,308.0639,243.6437,38.3000
2025-12-12,1.7348,2.1085,308.1023,243.6660,37.3700
2025-12-15,1.7373,2.1158,308.1237,243.5558,37.8500
2025-12-16,1.7320,2.1161,308.1380,243.5398,38.4100
2025-12-17,1.7152,2.0960,308.1742,243.6653,38.0800
2025-12-18,1.7002,2.1118,308.2001,243.7704,41.1600
2025-12-19,1.6802,2.1016,308.2660,243.8703,42.1400
2025-12-22,1.6827,2.0949,308.3446,243.9185,41.2200
2025-12-23,1.6702,2.0980,308.3914,243.9674,42.7800
2025-12-24,1.6710,2.0941,308.4229,244.0155,42.3100
2025-12-25,1.6760,2.0907,308.4883,244.0302,41.4700
2025-12-26,1.6744,2.0995,308.5080,244.0227,42.5100
2025-12-29,1.6894,2.1205,308.5507,243.9822,43.1100
2025-12-30,1.6975,2.1429,308.5665,243.8749,44.5400
2025-12-31,1.6969,2.1510,308.5880,243.8358,45.4100
2026-01-04,1.6911,2.1532,308.7239,243.9854,46.2100
2026-01-05,1.7011,2.1479,308.7069,243.9114,44.6800
2026-01-06,1.7211,2.1631,308.6933,243.6974,44.2000
2026-01-07,1.7361,2.1666,308.7046,243.6038,43.0500
2026-01-08,1.7261,2.1562,308.7379,243.7001,43.0100
2026-01-09,1.7261,2.1535,308.7513,243.7562,42.7400
2026-01-12,1.7236,2.1533,308.8295,243.8622,42.9700
2026-01-13,1.7236,2.1494,308.8752,243.8941,42.5800
2026-01-14,1.7210,2.1394,308.9100,243.9380,41.8400
2026-01-15,1.7180,2.1395,308.9489,244.0403,42.1500
2026-01-16,1.7085,2.1202,309.0407,244.0958,41.1700
2026-01-19,1.7110,2.1178,309.1539,244.2011,40.6800
2026-01-20,1.7060,2.1102,309.2220,244.2526,40.4200
2026-01-21,1.7085,2.0906,309.3346,244.2957,38.2100
2026-01-22,1.7135,2.0723,309.3973,244.2890,35.8800
2026-01-23,1.7010,2.0759,309.4892,244.3338,37.4900
2026-01-26,1.7010,2.0609,309.6245,244.4103,35.9900
2026-01-27,1.7035,2.0497,309.6842,244.3798,34.6200
2026-01-28,1.6972,2.0304,309.7317,244.4031,33.3200
2026-01-29,1.6922,2.0382,309.7558,244.4808,34.6000
2026-01-30,1.6922,2.0354,309.8039,244.4633,34.3200
2026-02-02,1.6931,2.0264,309.8771,244.5402,33.3300
2026-02-03,1.6916,2.0246,309.9112,244.5368,33.3000
2026-02-04,1.6916,2.0189,309.9493,244.5755,32.7300
2026-02-05,1.6802,2.0153,309.9856,244.6494,33.5100
2026-02-06,1.6702,2.0155,310.0521,244.7802,34.5300
2026-02-09,1.6602,2.0165,310.1659,244.9034,35.6300
2026-02-10,1.6652,2.0118,310.2415,244.9072,34.6600
2026-02-11,1.6677,2.0125,310.2706,244.9242,34.4800
2026-02-12,1.6604,2.0047,310.3273,244.9540,34.4300
2026-02-13,1.6604,2.0042,310.4004,244.9889,34.3800
2026-02-14,1.6585,2.0042,310.4269,244.9177,34.5700
2026-02-24,1.6576,1.9914,310.6693,245.1114,33.3800
2026-02-25,1.6701,1.9997,310.7073,245.0606,32.9600
2026-02-26,1.6801,2.0030,310.6891,244.9442,32.2900
2026-02-27,1.6725,1.9963,310.7149,244.9461,32.3800
2026-02-28,1.6695,2.0169,310.7439,245.0302,34.7400
2026-03-02,1.6543,2.0109,310.8291,245.1248,35.6600
2026-03-03,1.6443,2.0034,310.8755,245.2217,35.9100
2026-03-04,1.6268,2.0009,310.9217,245.3298,37.4100
2026-03-05,1.6293,1.9922,310.9615,245.3956,36.2900
2026-03-06,1.6293,1.9904,311.0366,245.3751,36.1100
2026-03-09,1.6493,1.9958,311.0333,245.2619,34.6500
2026-03-10,1.6418,1.9870,311.0592,245.2329,34.5200
2026-03-11,1.6443,1.9849,311.0833,245.2449,34.0600
2026-03-12,1.6268,1.9928,311.0900,245.3218,36.6000
2026-03-13,1.6143,1.9802,311.1557,245.4680,36.5900
2026-03-16,1.6193,1.9809,311.1830,245.4742,36.1600
2026-03-17,1.6118,1.9714,311.2476,245.5466,35.9600
2026-03-18,1.5951,1.9673,311.3308,245.6708,37.2200
2026-03-19,1.5939,1.9409,311.4428,245.7783,34.7000
2026-03-20,1.5922,1.9412,311.4850,245.7951,34.9000
2026-03-23,1.6009,1.9419,311.5382,245.7985,34.1000
2026-03-24,1.6078,1.9425,311.6189,245.7849,33.4700
2026-03-25,1.6052,1.9450,311.6655,245.7738,33.9800
2026-03-26,1.5970,1.9329,311.7369,245.8000,33.5900
2026-03-27,1.5861,1.9414,311.8056,245.8422,35.5300
2026-03-30,1.5646,1.9370,311.8880,246.0364,37.2400
2026-03-31,1.5703,1.9371,311.9600,246.0740,36.6800
2026-04-01,1.5803,1.9309,312.0095,245.9883,35.0600
2026-04-02,1.5715,1.9276,312.0755,245.9859,35.6100
2026-04-03,1.5595,1.9141,312.1643,246.1195,35.4600
2026-04-07,1.5645,1.9037,312.2897,246.2167,33.9200
2026-04-08,1.5770,1.9086,312.3966,246.1346,33.1600
2026-04-09,1.5887,1.8992,312.4176,246.0823,31.0500
2026-04-10,1.5895,1.8884,312.4857,246.0604,29.8900
2026-04-13,1.5908,1.8814,312.5359,246.1130,29.0600
2026-04-14,1.5903,1.8653,312.5655,246.1265,27.5000
2026-04-15,1.5733,1.8652,312.5966,246.2115,29.1900
2026-04-16,1.5633,1.8687,312.6308,246.3418,30.5400
2026-04-17,1.5482,1.8696,312.6397,246.4558,32.1400
2026-04-20,1.5537,1.8696,312.7282,246.5639,31.5900
2026-04-21,1.5484,1.8664,312.7915,246.5929,31.8000
2026-04-22,1.5433,1.8610,312.8414,246.6954,31.7700
2026-04-23,1.5446,1.8640,312.8541,246.7090,31.9400
2026-04-24,1.5458,1.8611,312.8739,246.6951,31.5300
2026-04-27,1.5581,1.8598,312.9153,246.5983,30.1700
2026-04-28,1.5506,1.8602,312.9735,246.6762,30.9600
2026-04-29,1.5381,1.8664,313.0210,246.8074,32.8300
2026-04-30,1.5406,1.8697,313.0334,246.7817,32.9100
2026-05-06,1.5481,1.8715,313.0757,246.7474,32.3400
2026-05-07,1.5386,1.8709,313.0572,246.8318,33.2300
2026-05-08,1.5354,1.8663,313.0709,246.9248,33.0900
2026-05-09,1.5304,1.8741,313.0307,246.9475,34.3700
2026-05-11,1.5221,1.8746,313.0777,246.9990,35.2500
2026-05-12,1.5137,1.8638,313.1705,247.1261,35.0100
2026-05-13,1.5079,1.8629,313.2152,247.2268,35.5000
2026-05-14,1.5069,1.8613,313.2610,247.2654,35.4400
2026-05-15,1.5069,1.8660,313.3399,247.2805,35.9100
2026-05-18,1.5032,1.8600,313.4539,247.3218,35.6800
2026-05-19,1.5079,1.8557,313.4965,247.4199,34.7800
2026-05-20,1.5072,1.8485,313.5672,247.4671,34.1300
2026-05-21,1.5110,1.8407,313.6309,247.4411,32.9700
2026-05-22,1.5060,1.8374,313.6700,247.3782,33.1400
2026-05-25,1.4983,1.8310,313.7631,247.4643,33.2700
2026-05-26,1.4758,1.8257,313.8476,247.5988,34.9900
2026-05-27,1.4608,1.8191,313.8972,247.8161,35.8300
2026-05-28,1.4528,1.8060,313.9639,247.9425,35.3200
2026-05-29,1.4528,1.8015,314.0540,247.9461,34.8700
2026-06-01,1.4460,1.7835,314.1497,248.0279,33.7500
2026-06-02,1.4510,1.7658,314.2428,248.0173,31.4800
2026-06-03,1.4527,1.7534,314.3104,247.9726,30.0700
2026-06-04,1.4452,1.7526,314.3842,248.0014,30.7400
2026-06-05,1.4502,1.7415,314.4422,247.9825,29.1300
2026-06-08,1.4502,1.7533,314.4547,247.9246,30.3100
2026-06-09,1.4602,1.7662,314.3871,247.8432,30.6000
2026-06-10,1.4667,1.7776,314.3526,247.7718,31.0900
2026-06-11,1.4817,1.8017,314.2154,247.6366,32.0000
2026-06-12,1.4817,1.8155,314.1786,247.5992,33.3800
2026-06-15,1.4867,1.8148,314.2305,247.6191,32.8100
2026-06-16,1.4749,1.8211,314.2589,247.7206,34.6200
2026-06-17,1.4697,1.8092,314.3198,247.8822,33.9500
2026-06-18,1.4597,1.7955,314.3734,247.9862,33.5800
2026-06-22,1.4656,1.7938,314.4566,248.0366,32.8200
2026-06-23,1.4676,1.7991,314.4339,247.9809,33.1500
2026-06-24,1.4613,1.7862,314.4750,248.0183,32.4900
2026-06-25,1.4567,1.7801,314.5333,248.1408,32.3400
2026-06-26,1.4546,1.7753,314.5737,248.1912,32.0700
2026-06-29,1.4438,1.7711,314.6450,248.3580,32.7300
2026-06-30,1.4613,1.7703,314.6524,248.3923,30.9000
2026-07-01,1.4770,1.7842,314.5640,248.2200,30.7200
2026-07-02,1.4731,1.7978,314.5809,248.1968,32.4700
2026-07-03,1.4701,1.7951,314.6082,248.2203,32.5000
2026-07-06,1.4654,1.7888,314.6725,248.3409,32.3400
2026-07-07,1.4671,1.7893,314.7177,248.3543,32.2200
2026-07-08,1.4696,1.7833,314.7423,248.3495,31.3700
2026-07-09,1.4721,1.7854,314.7617,248.3476,31.3300
2026-07-10,1.4752,1.7851,314.8116,248.3074,30.9900
2026-07-13,1.4803,1.7891,314.8614,248.3122,30.8800
2026-07-14,1.4803,1.7830,314.8899,248.2976,30.2700
2026-07-15,1.4857,1.7788,314.9056,248.3433,29.3100
2026-07-16,1.4882,1.7816,314.9317,248.3294,29.3400
2026-07-17,1.4882,1.7893,314.9996,248.3164,30.1100
2026-07-20,1.4911,1.7843,315.0453,248.3508,29.3200
2026-07-21,1.4950,1.7820,315.0669,248.3526,28.7000
2026-07-22,1.4925,1.7847,315.0980,248.3956,29.2200
2026-07-23,1.5075,1.7953,315.1326,248.3907,28.7800
2026-07-24,1.5063,1.7962,315.1516,248.3430,28.9900
2026-07-27,1.5088,1.8026,315.2116,248.3708,29.3800
2026-07-28,1.5100,1.8038,315.1993,248.3454,29.3800
2026-07-29,1.5100,1.8010,315.2182,248.3587,29.1000
2026-07-30,1.5100,1.8012,315.2290,248.4149,29.1200
2026-07-31,1.5025,1.8002,315.2717,248.4751,29.7700
