date,恒生指数,CAD,申万房地产
2017-07-24,21.171582,22.195173,4.868324
2017-07-25,20.429697,25.144959,2.695812
2017-07-26,19.585556,26.982731,1.223625
2017-07-27,18.935758,27.741432,0.528999
2017-07-28,18.796933,28.049946,0.810583
2017-07-31,19.192085,27.909256,1.501032
2017-08-01,19.411656,27.827672,1.017067
2017-08-02,19.146067,28.281839,-2.133308
2017-08-03,18.752368,28.430562,-5.821279
2017-08-04,18.784835,28.588216,-7.961824
2017-08-07,19.082517,29.158604,-8.428137
2017-08-08,19.034899,29.516111,-8.598787
2017-08-09,18.557929,29.666048,-8.367482
2017-08-10,17.591507,30.109185,-8.309642
2017-08-11,16.848510,31.033166,-8.233905
2017-08-14,17.166242,31.979042,-7.230112
2017-08-15,17.518272,32.688636,-5.862966
2017-08-16,17.737741,33.622799,-4.971474
2017-08-17,17.533979,33.997594,-4.491242
2017-08-18,16.907920,34.400643,-4.078464
2017-08-21,16.681245,34.981921,-3.972753
2017-08-22,16.523692,35.419826,-3.349137
2017-08-23,16.142280,35.894202,-3.149062
2017-08-24,15.670109,36.509750,-3.117884
2017-08-25,15.564123,36.817838,-2.858599
2017-08-28,15.503477,37.061951,-2.401865
2017-08-29,15.461131,37.586726,-2.028018
2017-08-30,16.165994,37.986876,-1.376161
2017-08-31,17.518323,38.117664,-0.932646
2017-09-01,18.175622,37.962405,-0.940478
2017-09-04,17.982416,37.376648,-0.786038
2017-09-05,17.374878,36.889532,-0.344610
2017-09-06,16.685915,36.777671,0.168237
2017-09-07,16.127729,36.194810,0.666895
2017-09-08,16.133920,34.783863,0.423338
2017-09-11,16.327290,33.676786,-0.550868
2017-09-12,16.426929,32.010372,-1.324303
2017-09-13,16.620668,30.514019,-0.229533
2017-09-14,16.938501,29.852433,1.779859
2017-09-15,17.005757,29.920930,2.891437
2017-09-18,17.289368,30.033464,3.333308
2017-09-19,17.535381,29.917304,3.571717
2017-09-20,17.928279,29.529629,3.039594
2017-09-21,17.383913,29.421714,1.813725
2017-09-22,16.190400,29.731152,0.275316
2017-09-25,14.892650,29.878531,-1.496333
2017-09-26,14.184920,29.935454,-2.054252
2017-09-27,14.172852,29.859511,-1.919034
2017-09-28,14.472447,29.884222,-1.892672
2017-09-29,15.564499,29.981506,-2.131208
2017-10-02,17.141375,30.613023,-2.396911
2017-10-03,19.106762,31.989862,-2.519015
2017-10-04,20.119968,33.469746,-2.353435
2017-10-05,20.408414,34.883490,-1.982829
2017-10-06,20.029802,35.530607,-1.829041
2017-10-09,19.709109,36.164571,-1.490373
2017-10-10,19.516494,37.191148,-1.327385
2017-10-11,19.228466,38.165723,-1.405411
2017-10-12,19.038101,38.749340,-1.974850
2017-10-13,19.452967,38.854043,-2.732137
2017-10-16,20.480158,39.186221,-3.556217
2017-10-17,21.343420,38.404041,-3.745572
2017-10-18,21.611719,37.107018,-3.742410
2017-10-19,21.175660,36.113000,-3.909065
2017-10-20,21.075638,35.565005,-3.684031
2017-10-23,21.372080,35.545975,-2.903568
2017-10-24,21.649963,35.071882,-2.009445
2017-10-25,21.813574,33.639412,-1.315661
2017-10-26,21.705087,30.852759,-1.257998
2017-10-27,21.916127,27.003632,-1.906759
2017-10-30,22.368083,23.594827,-2.834538
2017-10-31,22.538833,21.455546,-3.513230
2017-11-01,23.514942,21.306870,-4.063911
2017-11-02,24.443094,21.814226,-4.926058
2017-11-03,24.943191,22.586939,-6.176256
2017-11-06,25.390589,23.346991,-6.901535
2017-11-07,25.926952,23.012791,-6.976185
2017-11-08,26.045045,22.398510,-6.928979
2017-11-09,25.974493,20.908062,-7.039690
2017-11-10,25.507759,19.122136,-7.611537
2017-11-13,25.198852,17.112135,-8.285136
2017-11-14,24.848593,14.958246,-8.621396
2017-11-15,24.292656,13.919732,-8.688915
2017-11-16,24.224495,14.449487,-8.202264
2017-11-17,24.713996,15.893241,-7.805016
2017-11-20,25.470464,16.849282,-7.451518
2017-11-21,26.653271,17.509277,-6.708232
2017-11-22,27.703837,17.615754,-5.724216
2017-11-23,27.822892,17.260513,-5.098139
2017-11-24,27.394150,17.280944,-4.815812
2017-11-27,26.714799,16.924905,-4.863007
2017-11-28,26.310171,16.227468,-4.152817
2017-11-29,26.215349,15.741335,-2.511432
2017-11-30,26.154967,16.166166,-1.324427
2017-12-01,26.060434,16.556642,-1.028726
2017-12-04,26.059607,15.963817,-1.350248
2017-12-05,25.995919,14.897878,-2.045188
2017-12-06,25.693486,15.330006,-2.479370
2017-12-07,26.201298,16.652600,-2.256382
2017-12-08,27.259953,17.711425,-1.708027
2017-12-11,28.242931,18.651091,-1.326783
2017-12-12,29.056281,19.476473,-1.139087
2017-12-13,29.802547,20.650216,-0.876635
2017-12-14,29.868821,21.730379,-1.170653
2017-12-15,29.448883,22.675280,-1.932935
2017-12-18,29.157347,23.154500,-2.288496
2017-12-19,29.013305,23.696926,-2.215783
2017-12-20,28.679822,24.398245,-2.370591
2017-12-21,28.477045,24.763127,-2.307611
2017-12-22,28.345361,24.462588,-2.261038
2017-12-25,27.812138,24.524263,-1.938565
2017-12-26,27.371353,24.704667,-1.628124
2017-12-27,27.115012,24.801287,-1.518663
2017-12-28,27.085383,24.046236,-0.828758
2017-12-29,27.388495,22.830747,0.907594
2018-01-02,28.348185,21.130542,3.175906
2018-01-03,29.077953,20.183026,5.331767
2018-01-04,29.698839,20.353500,7.918547
2018-01-05,29.757982,20.815315,10.572166
2018-01-08,29.597499,21.234890,12.378826
2018-01-09,29.837754,21.380037,13.006568
2018-01-10,30.350103,21.093147,12.643640
2018-01-11,30.752829,20.158020,12.338089
2018-01-12,31.015367,19.126467,12.863377
2018-01-15,30.996509,18.991492,14.117834
2018-01-16,31.116530,18.938521,15.937866
2018-01-17,31.385514,18.520420,16.364798
2018-01-18,31.807247,18.173368,16.035690
2018-01-19,32.431085,17.457293,15.768967
2018-01-22,33.367651,17.180859,16.180401
2018-01-23,34.472515,17.633699,17.073759
2018-01-24,34.856355,19.403544,17.319313
2018-01-25,34.559540,19.968214,16.814793
2018-01-26,34.462052,19.869133,16.218352
2018-01-29,33.922855,19.154079,14.902152
2018-01-30,33.312202,18.031541,13.301801
2018-01-31,32.986499,16.346083,12.452970
2018-02-01,32.303356,15.571766,11.631992
2018-02-02,31.075778,15.762653,11.034673
2018-02-05,28.611174,16.081945,9.812196
2018-02-06,25.418509,15.672008,6.634789
2018-02-07,23.420052,14.073961,2.869783
2018-02-08,22.157177,12.462508,-0.563380
2018-02-09,20.909230,12.094972,-3.394686
2018-02-12,20.521289,13.865219,-3.668378
2018-02-13,21.690193,16.797827,-2.448646
2018-02-14,23.818394,18.581424,-1.301900
2018-02-15,25.723677,18.915948,-0.635139
2018-02-16,26.738612,18.360060,-0.577353
2018-02-19,27.027269,17.737675,-0.616547
2018-02-20,27.222749,17.860521,-0.340704
2018-02-21,27.768152,18.674218,0.122111
2018-02-22,27.758453,19.910046,0.756500
2018-02-23,27.924330,20.808480,1.129676
2018-02-26,28.126986,21.147056,0.792985
2018-02-27,28.024947,20.568296,0.013815
2018-02-28,27.236656,19.171629,-0.718060
2018-03-01,26.175888,17.764540,-1.567577
2018-03-02,24.758326,16.954582,-1.996102
2018-03-05,23.308315,16.505546,-1.558487
2018-03-06,22.452801,16.229011,-0.390928
2018-03-07,22.058656,15.855761,0.538688
2018-03-08,22.526455,16.091182,1.286949
2018-03-09,23.696809,17.204716,1.386871
2018-03-12,25.224435,17.537598,1.083479
2018-03-13,25.928235,17.736170,0.706951
2018-03-14,26.040307,17.866801,0.468037
2018-03-15,26.138650,17.225494,0.467511
2018-03-16,25.998092,15.920972,0.569891
2018-03-19,25.965608,14.783546,0.596008
2018-03-20,26.044080,14.284180,0.844791
2018-03-21,25.712806,14.667949,0.636481
2018-03-22,24.542528,14.660647,-0.540347
2018-03-23,23.221882,13.640298,-2.442289
2018-03-26,22.733829,12.403436,-3.885093
2018-03-27,22.612551,12.465982,-4.885270
2018-03-28,21.997593,13.467066,-5.208398
2018-03-29,21.783792,15.025958,-5.044615
2018-03-30,21.791888,16.234474,-5.813988
2018-04-02,21.474754,17.355739,-6.561982
2018-04-03,20.983566,17.672064,-7.075562
2018-04-04,20.248305,17.582925,-6.653129
2018-04-05,20.466943,18.152130,-5.623628
2018-04-06,21.883542,19.066727,-4.579595
2018-04-09,23.460148,20.122847,-3.416190
2018-04-10,24.500235,20.620900,-1.756833
2018-04-11,24.824536,20.110047,-0.385744
2018-04-12,24.219403,19.055598,0.109918
2018-04-13,22.866388,18.319855,-0.668990
2018-04-16,21.320257,18.301431,-2.199103
2018-04-17,20.473382,18.756535,-3.121564
2018-04-18,20.706469,19.383214,-3.460124
2018-04-19,21.171410,19.420477,-3.509672
2018-04-20,21.050376,19.711649,-3.471749
2018-04-23,20.945435,21.051177,-2.756163
2018-04-24,21.142783,22.342522,-1.527841
2018-04-25,20.959312,22.782184,-0.873102
2018-04-26,20.403008,22.751718,-0.599764
2018-04-27,20.198531,21.850012,-0.392176
2018-04-30,20.406544,21.082658,0.084717
2018-05-01,20.201914,20.402707,0.128687
2018-05-02,19.394439,20.166611,-0.202249
2018-05-03,18.076710,20.065731,-0.613650
2018-05-04,17.239579,19.899092,-0.788941
2018-05-07,17.452477,19.757033,-0.120496
2018-05-08,18.403169,19.432460,0.841021
2018-05-09,19.168464,18.887863,1.494294
2018-05-10,19.752797,18.825306,2.238688
2018-05-11,20.367698,18.753858,2.350006
2018-05-14,20.606124,18.488371,1.742687
2018-05-15,19.966006,18.207759,0.657362
2018-05-16,19.349711,18.589717,-0.084308
2018-05-17,18.973127,18.914294,-0.405619
2018-05-18,19.039150,19.027437,-0.515236
2018-05-21,19.125461,19.237106,-1.023452
2018-05-22,18.597481,19.416222,-1.852914
2018-05-23,17.616739,19.381153,-3.005099
2018-05-24,17.066833,19.780137,-4.034700
2018-05-25,16.601494,19.743720,-5.307554
2018-05-28,16.286700,18.993563,-7.006990
2018-05-29,15.679345,17.551888,-8.687227
2018-05-30,15.430908,16.680328,-9.898533
2018-05-31,16.179135,17.156637,-9.603949
2018-06-01,16.988915,18.703246,-8.659361
2018-06-04,18.140685,20.730532,-7.145083
2018-06-05,19.196563,22.562642,-6.324212
2018-06-06,19.599091,23.826030,-6.296985
2018-06-07,19.360151,24.292035,-6.639415
2018-06-08,18.895747,24.475108,-7.321472
2018-06-11,18.861456,23.786744,-7.529986
2018-06-12,18.658263,22.995013,-7.734079
2018-06-13,17.859013,22.030931,-8.856372
2018-06-14,16.820510,20.570617,-10.185332
2018-06-15,16.074594,18.539465,-10.662891
2018-06-18,15.312891,16.566259,-11.268513
2018-06-19,14.045700,14.726626,-12.765204
2018-06-20,13.656576,13.824424,-13.119715
2018-06-21,13.441314,13.795948,-13.079931
2018-06-22,13.513791,13.985124,-13.235506
2018-06-25,12.979295,13.945681,-15.082698
2018-06-26,12.361671,13.889663,-17.536361
2018-06-27,11.679196,13.549800,-19.762391
2018-06-28,11.290407,12.816003,-20.870586
2018-06-29,10.899289,11.934686,-21.126050
2018-07-02,9.943486,10.890718,-22.380156
2018-07-03,8.367023,9.601592,-23.125142
2018-07-04,7.095061,7.716707,-23.766605
2018-07-05,6.528833,6.123882,-23.693236
2018-07-06,6.603172,5.709545,-23.731877
2018-07-09,6.857410,5.950127,-23.672001
2018-07-10,6.725301,5.178068,-24.087302
2018-07-11,6.286158,3.451670,-24.599987
2018-07-12,6.048020,1.899402,-24.063612
2018-07-13,5.846880,-0.115896,-23.574784
2018-07-16,5.309133,-1.634057,-24.039362
2018-07-17,4.359093,-2.627585,-25.039853
2018-07-18,3.604358,-3.366433,-26.138271
2018-07-19,2.811865,-4.013316,-26.390514
2018-07-20,2.539753,-3.621347,-25.279538
2018-07-23,2.852231,-2.914635,-23.031391
2018-07-24,3.685103,-1.877532,-20.839896
2018-07-25,4.179529,-1.555294,-19.715947
2018-07-26,3.991086,-2.151651,-19.600115
2018-07-27,3.721732,-2.875059,-19.840823
2018-07-30,3.782119,-2.942844,-19.995813
2018-07-31,4.027276,-2.859924,-20.074337
2018-08-01,3.822780,-3.678264,-21.376846
2018-08-02,2.593056,-4.045162,-23.789374
2018-08-03,1.947357,-4.335100,-25.800414
2018-08-06,2.139186,-5.194070,-26.903543
2018-08-07,3.243110,-5.226795,-26.734314
2018-08-08,4.354324,-5.249935,-26.550162
2018-08-09,4.585662,-5.747915,-25.583318
2018-08-10,3.621547,-6.645662,-24.752791
2018-08-13,2.085181,-8.080687,-24.959286
2018-08-14,0.358713,-10.408472,-26.029508
2018-08-15,-1.403681,-12.580887,-27.630724
2018-08-16,-2.313699,-13.278805,-28.818806
2018-08-17,-2.230297,-13.240006,-29.279384
2018-08-20,-1.708276,-12.688367,-28.968794
2018-08-21,-0.966864,-12.520887,-28.412501
2018-08-22,-0.337971,-13.108642,-28.365752
2018-08-23,0.125864,-13.640955,-28.602541
2018-08-24,0.741883,-13.167614,-28.601266
2018-08-27,1.909774,-12.618784,-28.165473
2018-08-28,2.539622,-11.571546,-28.508570
2018-08-29,2.206909,-10.423449,-28.815587
2018-08-30,1.127704,-10.240805,-29.001584
2018-08-31,0.209144,-10.286460,-28.971912
2018-09-03,-0.216587,-10.187255,-29.619199
2018-09-04,-0.580792,-10.269898,-31.071048
2018-09-05,-1.969591,-10.155888,-33.242983
2018-09-06,-3.541654,-10.226707,-34.848570
2018-09-07,-4.573490,-10.325656,-35.693664
2018-09-10,-5.478182,-10.016727,-35.622945
2018-09-11,-5.685929,-9.183466,-34.785422
2018-09-12,-4.711117,-8.272018,-33.382500
2018-09-13,-2.827451,-7.971402,-31.498209
2018-09-14,-1.739837,-8.100384,-30.887609
2018-09-17,-1.585103,-7.909113,-30.759301
2018-09-18,-1.130281,-7.330979,-29.383089
2018-09-19,-0.666160,-6.421794,-27.486602
2018-09-20,-0.642701,-5.196046,-26.075090
2018-09-21,-1.312551,-3.905728,-24.877282
2018-09-24,-2.381821,-4.006251,-24.974766
2018-09-25,-2.761406,-5.191069,-26.299227
2018-09-26,-2.513740,-6.121065,-27.486159
2018-09-27,-2.283173,-7.134647,-28.540899
2018-09-28,-2.361511,-7.850740,-28.935456
2018-10-01,-2.886179,-8.599874,-28.839629
2018-10-02,-4.196318,-9.308177,-28.463383
2018-10-03,-5.511159,-10.251080,-27.994135
2018-10-04,-6.949641,-12.008963,-27.598487
2018-10-05,-7.843474,-12.518026,-28.295531
2018-10-08,-8.325956,-11.978321,-30.174620
2018-10-09,-8.304609,-11.198917,-31.803458
2018-10-10,-8.915926,-11.117300,-34.184167
2018-10-11,-9.810667,-11.204698,-37.646333
2018-10-12,-9.859585,-11.370849,-40.177847
2018-10-15,-10.257707,-11.422376,-42.321809
2018-10-16,-10.503730,-11.106357,-43.779152
2018-10-17,-10.676376,-10.512788,-44.025115
2018-10-18,-10.429954,-10.469587,-43.616406
2018-10-19,-9.988267,-10.352231,-41.866056
2018-10-22,-10.017149,-10.616504,-39.580333
2018-10-23,-11.177857,-10.974001,-38.202465
2018-10-24,-12.489646,-11.057745,-36.474606
2018-10-25,-13.892659,-11.050984,-34.643009
2018-10-26,-15.299888,-10.802791,-33.676332
2018-10-29,-15.981158,-11.249636,-33.671483
2018-10-30,-16.194447,-12.042747,-33.114095
2018-10-31,-15.141896,-12.035275,-32.079614
2018-11-01,-13.209875,-10.919266,-31.204311
2018-11-02,-11.081096,-9.185938,-30.714136
2018-11-05,-10.350745,-8.774756,-30.611085
2018-11-06,-10.376142,-9.194203,-30.616095
2018-11-07,-10.978478,-10.042412,-30.809165
2018-11-08,-12.195484,-11.337437,-31.391963
2018-11-09,-14.153457,-12.982340,-32.171632
2018-11-12,-15.096955,-13.926529,-31.444649
2018-11-13,-14.908117,-14.072895,-29.620252
2018-11-14,-14.437967,-13.187059,-28.032189
2018-11-15,-13.372309,-11.208513,-26.332635
2018-11-16,-12.542749,-9.303718,-24.956820
2018-11-19,-12.014903,-8.452842,-24.538917
2018-11-20,-11.845989,-8.621589,-24.403872
2018-11-21,-11.512068,-8.508962,-24.297032
2018-11-22,-10.938785,-7.740471,-24.768619
2018-11-23,-9.711626,-6.601709,-25.893620
2018-11-26,-7.989633,-6.154933,-26.418549
2018-11-27,-7.347390,-6.148582,-26.553996
2018-11-28,-7.535233,-6.014184,-26.609255
2018-11-29,-8.110989,-6.573129,-27.230824
2018-11-30,-7.947686,-7.249945,-27.093501
2018-12-03,-7.372939,-8.077047,-26.568577
2018-12-04,-7.207564,-9.377503,-26.294393
2018-12-05,-8.068210,-10.724773,-26.023640
2018-12-06,-9.896928,-11.892828,-26.141804
2018-12-07,-11.469241,-12.793430,-26.426542
2018-12-10,-12.456569,-13.843101,-26.530598
2018-12-11,-12.645342,-14.354747,-26.224402
2018-12-12,-12.158540,-14.668319,-25.662026
2018-12-13,-11.741064,-14.928913,-25.462741
2018-12-14,-12.166887,-15.584320,-26.238229
2018-12-17,-12.943057,-16.920788,-27.054722
2018-12-18,-14.120848,-18.384671,-28.571087
2018-12-19,-15.269847,-18.483381,-30.527647
2018-12-20,-16.636256,-18.392066,-32.891685
2018-12-21,-17.400003,-18.361489,-35.366665
2018-12-24,-17.994784,-18.308898,-37.788001
2018-12-25,-18.427447,-17.976291,-40.628037
2018-12-26,-18.840644,-17.716935,-42.846824
2018-12-27,-19.244682,-17.578146,-43.918241
2018-12-28,-19.310289,-17.837993,-43.902825
2018-12-31,-19.317215,-18.475290,-43.942532
2019-01-01,-20.207962,-19.155894,-44.737551
2019-01-02,-21.806601,-19.900369,-46.287921
2019-01-03,-22.884263,-19.725466,-47.874499
2019-01-04,-22.619779,-18.492770,-47.220867
2019-01-07,-22.062569,-17.702588,-46.072795
2019-01-08,-21.573404,-17.094901,-45.555458
2019-01-09,-21.086334,-16.732092,-45.874350
2019-01-10,-21.231854,-16.676058,-46.879090
2019-01-11,-21.345394,-17.569677,-47.125481
2019-01-14,-21.382697,-18.129133,-46.874546
2019-01-15,-21.054018,-17.970250,-46.371129
2019-01-16,-20.467080,-17.277463,-45.303012
2019-01-17,-19.893987,-16.708670,-44.100494
2019-01-18,-19.401046,-16.624375,-43.278019
2019-01-21,-18.882147,-17.261733,-42.659540
2019-01-22,-18.213262,-17.798814,-42.260078
2019-01-23,-16.323677,-17.781675,-40.993374
2019-01-24,-13.072398,-16.561113,-37.698060
2019-01-25,-10.418197,-14.113411,-33.718583
2019-01-28,-8.792020,-12.605001,-30.617282
2019-01-29,-7.279097,-11.510611,-27.979263
2019-01-30,-6.649383,-11.743647,-27.590745
2019-01-31,-7.149633,-13.064154,-28.315193
2019-02-01,-8.600414,-14.463623,-28.687500
2019-02-04,-9.950413,-14.790904,-28.787427
2019-02-05,-10.524373,-14.268492,-28.781335
2019-02-06,-10.599165,-13.508577,-28.772241
2019-02-07,-10.542490,-13.261304,-28.808949
2019-02-08,-10.700638,-14.003017,-28.899709
2019-02-11,-10.312847,-14.863268,-28.957118
2019-02-12,-10.198678,-15.000251,-28.661937
2019-02-13,-10.040597,-14.440321,-27.587507
2019-02-14,-9.862779,-13.126931,-26.565184
2019-02-15,-9.647018,-11.278750,-26.226421
2019-02-18,-8.845613,-9.759237,-25.288862
2019-02-19,-7.486893,-8.771133,-24.714668
2019-02-20,-5.964732,-8.183423,-24.778127
2019-02-21,-5.463980,-7.952488,-25.339030
2019-02-22,-5.272541,-7.000358,-24.140542
2019-02-25,-6.026822,-6.212787,-21.963839
2019-02-26,-7.473853,-6.353205,-20.554193
2019-02-27,-8.853522,-6.474702,-19.281277
2019-02-28,-9.363947,-7.055739,-18.355414
2019-03-01,-9.035486,-7.554234,-16.924358
2019-03-04,-8.648407,-7.313682,-14.638080
2019-03-05,-8.498202,-6.496196,-12.526104
2019-03-06,-8.716191,-5.841228,-11.441030
2019-03-07,-9.298231,-5.476839,-12.059732
2019-03-08,-9.440467,-5.360365,-13.341020
2019-03-11,-8.178104,-4.502059,-12.117449
2019-03-12,-6.427566,-3.434984,-9.518694
2019-03-13,-5.776902,-3.047331,-7.874754
2019-03-14,-5.205343,-3.520389,-7.786874
2019-03-15,-3.830384,-3.853674,-7.180402
2019-03-18,-2.721130,-4.223549,-6.813809
2019-03-19,-2.335287,-4.350055,-6.310957
2019-03-20,-2.499229,-4.633815,-5.598565
2019-03-21,-2.695061,-5.442221,-4.847826
2019-03-22,-2.556449,-6.161454,-4.713324
2019-03-25,-3.288475,-6.789313,-5.710907
2019-03-26,-4.334779,-7.118476,-6.899343
2019-03-27,-5.351459,-7.695733,-7.423448
2019-03-28,-6.057403,-7.810291,-7.673905
2019-03-29,-5.785141,-6.866247,-5.692806
2019-04-01,-4.634032,-5.999520,-2.567405
2019-04-02,-3.268487,-5.832154,0.310704
2019-04-03,-1.707492,-6.119852,3.014456
2019-04-04,-0.944608,-6.941278,4.559449
2019-04-05,-1.049537,-7.897759,4.928551
2019-04-08,-1.306905,-7.706424,5.200775
2019-04-09,-1.160396,-7.519317,6.081254
2019-04-10,-1.209579,-7.551572,5.597278
2019-04-11,-1.605054,-7.780274,3.978837
2019-04-12,-1.352596,-7.288800,3.379877
2019-04-15,-1.003890,-6.451575,3.953459
2019-04-16,-1.165468,-5.216055,4.792340
2019-04-17,-1.925604,-4.491059,4.795138
2019-04-18,-2.372832,-4.589898,4.316622
2019-04-19,-2.074112,-5.192633,3.658126
2019-04-22,-1.209963,-5.843375,2.135005
2019-04-23,-0.610247,-6.261431,0.792170
2019-04-24,-1.032381,-6.417708,-1.143185
2019-04-25,-2.133918,-6.646419,-3.546883
2019-04-26,-2.968890,-6.768558,-5.054325
2019-04-29,-3.659606,-7.308973,-5.647856
2019-04-30,-4.520218,-8.051151,-5.138645
2019-05-01,-4.904474,-9.105881,-4.633672
2019-05-02,-4.405875,-9.508828,-4.837912
2019-05-03,-4.287972,-9.502561,-6.039861
2019-05-06,-5.136881,-9.749065,-8.569561
2019-05-07,-6.149731,-10.453983,-9.791006
2019-05-08,-7.460872,-11.379887,-10.178288
2019-05-09,-8.349022,-11.927063,-9.578231
2019-05-10,-8.018403,-12.058317,-7.830430
2019-05-13,-7.890463,-12.689686,-6.747707
2019-05-14,-8.080129,-12.587086,-5.955673
2019-05-15,-8.050828,-12.138417,-4.574713
2019-05-16,-7.754420,-11.815868,-3.430308
2019-05-17,-7.893005,-12.007329,-3.411965
2019-05-20,-8.822980,-12.721827,-4.237758
2019-05-21,-9.980550,-14.193453,-5.054441
2019-05-22,-11.383466,-16.129021,-6.529237
2019-05-23,-12.719516,-17.857164,-7.796343
2019-05-24,-13.442478,-19.068525,-7.876604
2019-05-27,-13.624386,-19.734194,-7.111527
2019-05-28,-13.191048,-20.238724,-6.154208
2019-05-29,-13.222887,-20.629894,-6.421590
2019-05-30,-13.377762,-20.980029,-7.129963
2019-05-31,-13.205789,-20.972375,-7.579626
2019-06-03,-12.774188,-20.031533,-8.042580
2019-06-04,-12.278757,-18.813088,-8.211512
2019-06-05,-11.333546,-17.787453,-7.261912
2019-06-06,-9.808946,-16.628203,-5.571206
2019-06-07,-8.501040,-15.779594,-4.601525
2019-06-10,-6.805899,-14.957671,-3.284970
2019-06-11,-5.838947,-14.397602,-1.518737
2019-06-12,-5.567958,-13.998192,0.580244
2019-06-13,-5.340261,-13.837840,2.616052
2019-06-14,-4.966500,-13.513809,4.048575
2019-06-17,-4.722842,-12.486719,4.636296
2019-06-18,-4.130973,-11.246626,4.880507
2019-06-19,-2.467469,-10.182302,6.823867
2019-06-20,-0.553901,-8.694325,8.960188
2019-06-21,0.536946,-7.219923,10.916367
2019-06-24,0.589030,-6.082944,11.930888
2019-06-25,-0.191529,-5.556047,11.530867
2019-06-26,-0.730776,-5.566334,10.202792
2019-06-27,-0.355958,-4.902484,9.576708
2019-06-28,0.241985,-3.964856,10.111322
2019-07-01,0.587681,-4.224177,10.983884
2019-07-02,1.061680,-4.590424,12.065079
2019-07-03,1.487849,-4.451252,13.402542
2019-07-04,1.927530,-4.263748,14.254373
2019-07-05,1.859074,-4.154014,14.159429
2019-07-08,1.103132,-3.927010,12.787404
2019-07-09,0.158790,-4.213630,10.605672
2019-07-10,-0.421244,-4.153149,8.109082
2019-07-11,-0.898929,-4.809440,6.269653
2019-07-12,-1.177475,-5.172900,5.899975
2019-07-15,-1.024217,-5.001802,6.344750
2019-07-16,-0.789035,-4.811087,7.126722
2019-07-17,-0.469204,-4.565183,7.854139
2019-07-18,0.156923,-4.019547,8.716716
2019-07-19,1.282340,-2.535626,11.154709
2019-07-22,2.226105,-2.140497,13.282014
2019-07-23,2.614838,-2.335859,14.437569
2019-07-24,2.248878,-2.361210,14.950252
2019-07-25,1.228946,-2.752317,14.278099
2019-07-26,0.033772,-3.142342,13.480718
2019-07-29,-0.878304,-3.273827,11.948419
2019-07-30,-0.895515,-3.355532,10.585798
2019-07-31,-0.738836,-3.180851,9.542540
2019-08-01,-0.954404,-2.893883,8.856843
2019-08-02,-1.835187,-2.742334,8.110172
2019-08-05,-3.257750,-3.282695,6.940133
2019-08-06,-4.585719,-3.853520,6.060727
2019-08-07,-5.641731,-4.235549,5.402590
2019-08-08,-6.349027,-4.385242,4.894561
2019-08-09,-7.132724,-4.183516,4.819505
2019-08-12,-7.985055,-4.041945,5.130623
2019-08-13,-9.277647,-4.326205,4.502655
2019-08-14,-10.408233,-5.158710,3.238561
2019-08-15,-10.410619,-5.890335,2.761446
2019-08-16,-9.349434,-5.790136,3.377129
2019-08-19,-7.601063,-5.240594,5.072827
2019-08-20,-6.390017,-4.514152,6.033098
2019-08-21,-5.856923,-3.787151,6.327768
2019-08-22,-5.745286,-3.461878,6.154347
2019-08-23,-5.031292,-3.900079,6.579618
2019-08-26,-4.766547,-4.094126,6.992579
2019-08-27,-4.433714,-3.727460,7.158344
2019-08-28,-3.742505,-3.532501,6.882122
2019-08-29,-3.216682,-3.999740,6.269726
2019-08-30,-3.499109,-5.186587,5.807085
2019-09-02,-4.545946,-5.642847,5.918870
2019-09-03,-4.638067,-5.026389,6.630244
2019-09-04,-3.149551,-4.175355,7.845773
2019-09-05,-2.491452,-4.088384,7.638458
2019-09-06,-2.648354,-4.654969,6.456726
2019-09-09,-3.052979,-5.944329,5.645073
2019-09-10,-3.139687,-7.578127,4.769014
2019-09-11,-2.174349,-7.909821,5.267350
2019-09-12,-1.688218,-7.026530,7.298415
2019-09-13,-1.818413,-6.037237,8.482833
2019-09-16,-2.432611,-5.970106,8.721013
2019-09-17,-3.194954,-6.730929,8.293751
2019-09-18,-3.354300,-7.387489,8.160742
2019-09-19,-2.855165,-7.986312,7.949882
2019-09-20,-2.301072,-8.323249,7.489418
2019-09-23,-1.692709,-7.701077,6.961348
2019-09-24,-1.253788,-7.270536,7.374137
2019-09-25,-0.947967,-7.490301,8.897627
2019-09-26,-0.513117,-8.289665,10.117102
2019-09-27,0.255058,-8.591727,11.632561
2019-09-30,1.577986,-9.227684,14.138715
2019-10-01,1.923099,-9.643240,15.773800
2019-10-02,2.216603,-9.586278,17.398909
2019-10-03,2.180583,-9.421034,18.876528
2019-10-04,1.694601,-8.934197,19.571543
2019-10-07,1.137488,-8.405284,20.027893
2019-10-08,0.444775,-8.532526,19.548111
2019-10-09,-0.009855,-8.245332,18.779668
2019-10-10,1.416356,-7.279678,18.827883
2019-10-11,3.657662,-6.633782,18.557509
2019-10-14,5.647310,-6.521956,17.686528
2019-10-15,6.993185,-6.600545,16.699616
2019-10-16,7.729590,-6.195455,16.362751
2019-10-17,7.867477,-4.973430,15.159597
2019-10-18,6.622451,-4.300356,13.675670
2019-10-21,4.617227,-4.990943,12.973153
2019-10-22,2.640944,-5.867139,12.346755
2019-10-23,2.094061,-5.449476,11.805910
2019-10-24,2.103262,-4.703686,11.685713
2019-10-25,2.267803,-4.023118,12.095017
2019-10-28,2.870421,-3.321072,12.037976
2019-10-29,3.744065,-2.670634,11.208419
2019-10-30,4.163484,-2.861255,9.558756
2019-10-31,4.573875,-3.623287,8.097108
2019-11-01,5.109963,-4.293322,7.289404
2019-11-04,5.387152,-4.924520,6.072812
2019-11-05,5.582962,-5.112353,4.361327
2019-11-06,5.870379,-5.011992,2.719818
2019-11-07,6.403297,-4.459710,2.478165
2019-11-08,5.837327,-4.946133,2.088582
2019-11-11,4.443310,-5.547639,2.042624
2019-11-12,3.136614,-5.586373,3.021809
2019-11-13,1.307510,-5.650213,3.334033
2019-11-14,0.083154,-5.797489,3.285607
2019-11-15,-0.264454,-6.225775,3.102962
2019-11-18,0.364752,-6.245060,3.908430
2019-11-19,0.452634,-6.040630,4.373725
2019-11-20,-0.766760,-6.128017,4.068296
2019-11-21,-1.451414,-5.886677,4.271939
2019-11-22,-0.231846,-5.322742,5.203614
2019-11-25,2.006259,-4.387175,6.761726
2019-11-26,3.463143,-3.541755,7.317526
2019-11-27,4.053255,-3.265822,7.063908
2019-11-28,3.310834,-3.887819,5.774731
2019-11-29,1.531250,-4.562087,4.742073
2019-12-02,0.436815,-5.018765,4.637857
2019-12-03,0.364840,-4.930166,5.513739
2019-12-04,0.545960,-3.810117,6.303216
2019-12-05,1.358849,-1.947326,7.612846
2019-12-06,2.216612,-0.438427,8.979955
2019-12-09,2.816633,0.920933,10.517313
2019-12-10,3.158105,2.000050,11.948161
2019-12-11,4.030828,2.812126,12.898083
2019-12-12,5.414508,3.179142,13.679876
2019-12-13,6.945502,3.266616,14.941586
2019-12-16,7.791579,3.447548,16.548223
2019-12-17,8.161639,3.707596,17.720397
2019-12-18,8.071669,4.348212,18.297499
2019-12-19,8.460186,4.950073,18.734953
2019-12-20,9.545363,5.391582,18.727919
2019-12-23,9.790779,5.659506,17.388396
2019-12-24,8.870924,5.102197,15.596927
2019-12-25,7.886141,4.722167,14.873134
2019-12-26,7.190255,4.479918,15.577898
2019-12-27,6.645558,4.421424,16.418897
2019-12-30,6.436370,4.433906,17.636656
2019-12-31,6.453723,4.221804,18.497309
2020-01-02,6.773227,4.210032,19.005744
2020-01-03,6.117561,3.711049,18.521840
2020-01-06,5.339126,3.026704,17.834232
2020-01-07,4.914243,2.635210,17.538069
2020-01-08,4.517091,2.608820,17.103144
2020-01-09,4.985384,3.309752,17.501692
2020-01-10,5.802382,4.445321,17.832018
2020-01-13,6.316079,5.393607,18.105159
2020-01-14,5.976358,5.552817,17.737637
2020-01-15,5.199432,4.756299,16.767313
2020-01-16,4.890139,4.169698,15.947951
2020-01-17,4.567462,3.227512,15.037051
2020-01-20,3.356087,1.915921,13.945545
2020-01-21,1.615343,0.368194,12.618816
2020-01-22,0.800822,-1.033840,11.322172
2020-01-23,0.174083,-2.911967,9.669692
2020-01-24,-0.016680,-5.267953,8.892332
2020-01-27,-0.219893,-7.629821,8.779010
2020-01-28,-1.076615,-9.047485,8.843132
2020-01-29,-3.115593,-9.640074,8.492643
2020-01-30,-5.467641,-9.870064,6.933808
2020-01-31,-6.867567,-9.776378,3.697166
2020-02-03,-7.164963,-9.451923,-1.198495
2020-02-04,-6.146396,-8.847057,-3.214713
2020-02-05,-4.564351,-8.729764,-3.034705
2020-02-06,-3.514894,-9.411397,-2.922981
2020-02-07,-3.359726,-10.801318,-2.659816
2020-02-10,-3.772626,-11.671166,-1.956038
2020-02-11,-3.830568,-11.565598,-1.483865
2020-02-12,-3.801276,-11.565574,-2.237605
2020-02-13,-3.789667,-11.523945,-3.370225
2020-02-14,-3.456732,-11.530278,-3.068252
2020-02-17,-3.285793,-11.455444,-2.872119
2020-02-18,-3.646193,-11.357005,-3.202855
2020-02-19,-4.198673,-11.156915,-4.254030
2020-02-20,-5.027256,-11.302295,-6.229082
2020-02-21,-6.062189,-11.782981,-8.496418
2020-02-24,-6.855750,-12.272287,-9.497225
2020-02-25,-6.681030,-12.466897,-8.348775
2020-02-26,-6.439798,-12.616555,-6.087601
2020-02-27,-7.180382,-13.017181,-6.192005
2020-02-28,-8.660453,-13.338713,-6.914989
2020-03-02,-9.228944,-12.746706,-6.124977
2020-03-03,-9.467344,-12.264834,-4.918642
2020-03-04,-9.820889,-12.326369,-4.820294
2020-03-05,-10.508702,-12.897973,-6.354964
2020-03-06,-12.186309,-13.848588,-8.647804
2020-03-09,-13.860329,-14.612908,-10.765704
2020-03-10,-14.186468,-14.351144,-11.520826
2020-03-11,-14.702649,-14.189830,-11.734855
2020-03-12,-15.962605,-14.722037,-11.538445
2020-03-13,-17.930793,-15.908959,-11.890468
2020-03-16,-20.608803,-18.708377,-13.839179
2020-03-17,-23.025368,-23.049611,-16.814336
2020-03-18,-26.240861,-28.123690,-21.878355
2020-03-19,-28.669316,-30.591253,-26.228786
2020-03-20,-29.090453,-31.937823,-28.429352
2020-03-23,-29.595013,-32.055616,-29.979846
2020-03-24,-27.879918,-30.063751,-29.221161
2020-03-25,-25.792753,-28.855351,-27.361473
2020-03-26,-25.108774,-29.208894,-26.721840
2020-03-27,-25.050406,-29.571672,-27.172630
2020-03-30,-25.137319,-29.389204,-27.428264
2020-03-31,-24.828863,-28.599581,-26.899339
2020-04-01,-25.193483,-29.037659,-25.870934
2020-04-02,-25.221035,-29.054190,-25.077055
2020-04-03,-24.956731,-28.908484,-24.942810
2020-04-06,-23.704551,-27.999700,-24.304763
2020-04-07,-22.305442,-26.370391,-23.236065
2020-04-08,-21.713475,-25.464769,-22.498538
2020-04-09,-21.136788,-25.030432,-21.337564
2020-04-10,-20.686711,-24.522184,-20.634350
2020-04-13,-20.191579,-23.753813,-19.509895
2020-04-14,-19.872029,-22.483908,-17.561191
2020-04-15,-20.293589,-22.210908,-16.376945
2020-04-16,-20.719813,-21.884970,-15.732179
2020-04-17,-20.551762,-20.942988,-15.793875
2020-04-20,-21.005860,-20.022806,-16.128942
2020-04-21,-22.073469,-20.025742,-16.154930
2020-04-22,-22.147402,-19.785888,-14.821334
2020-04-23,-20.998903,-18.996672,-12.377367
2020-04-24,-19.725392,-17.756109,-11.478043
2020-04-27,-17.534634,-16.857847,-10.595951
2020-04-28,-15.357268,-16.256820,-9.824654
2020-04-29,-14.484235,-15.837222,-9.768975
2020-04-30,-14.392438,-15.816907,-9.545543
2020-05-01,-14.904846,-16.408236,-9.466585
2020-05-04,-16.328252,-16.590547,-9.903378
2020-05-05,-16.416528,-16.016151,-9.867267
2020-05-06,-15.420845,-14.904185,-8.931585
2020-05-07,-14.380038,-13.661446,-8.319643
2020-05-08,-13.179908,-12.775431,-8.021273
2020-05-11,-12.237984,-12.350956,-7.635425
2020-05-12,-12.045309,-12.754191,-7.417335
2020-05-13,-12.558215,-13.319718,-7.807352
2020-05-14,-13.281411,-13.424710,-8.876652
2020-05-15,-13.380429,-12.645776,-9.329224
2020-05-18,-12.426247,-10.572618,-8.883075
2020-05-19,-11.013868,-8.858694,-8.485952
2020-05-20,-10.478753,-7.887641,-8.614159
2020-05-21,-11.533219,-8.277815,-8.782426
2020-05-22,-13.808871,-8.895935,-9.013452
2020-05-25,-14.973235,-8.924620,-8.697752
2020-05-26,-15.158478,-8.714223,-7.873559
2020-05-27,-15.818639,-8.863579,-7.782578
2020-05-28,-17.039947,-8.772719,-8.674878
2020-05-29,-17.085671,-8.209467,-9.608220
2020-06-01,-15.028265,-7.029641,-8.608985
2020-06-02,-12.938156,-6.156577,-7.096766
2020-06-03,-11.395301,-5.623901,-6.252134
2020-06-04,-10.893635,-5.327210,-6.052143
2020-06-05,-11.135898,-4.641793,-6.163371
2020-06-08,-12.136594,-3.581219,-6.641785
2020-06-09,-12.879675,-2.845571,-7.746851
2020-06-10,-13.568416,-2.375752,-8.772188
2020-06-11,-14.663176,-3.123683,-9.282615
2020-06-12,-15.488949,-3.892937,-9.249868
2020-06-15,-16.250962,-4.295707,-8.896072
2020-06-16,-16.164332,-4.162704,-8.447485
2020-06-17,-15.775968,-3.455072,-8.533036
2020-06-18,-15.666236,-2.484513,-9.362432
2020-06-19,-15.773929,-1.544709,-10.319818
2020-06-22,-15.661932,-0.793737,-11.218638
2020-06-23,-15.002266,-0.238605,-11.324829
2020-06-24,-14.447306,0.226422,-10.041899
2020-06-25,-13.905615,0.836669,-8.506931
2020-06-26,-14.025164,1.207461,-7.568528
2020-06-29,-14.677223,1.057902,-6.667158
2020-06-30,-15.040619,1.318314,-4.684295
2020-07-01,-14.622370,1.444754,-1.649850
2020-07-02,-13.140371,1.446160,1.283076
2020-07-03,-11.361044,1.587071,3.823556
2020-07-06,-9.539560,2.283479,6.794961
2020-07-07,-8.950272,2.973411,8.144433
2020-07-08,-8.874024,3.531455,8.423849
2020-07-09,-8.876068,4.925529,8.969702
2020-07-10,-9.629168,6.763296,9.062849
2020-07-13,-10.375819,7.952718,8.701600
2020-07-14,-11.090615,7.926587,7.157221
2020-07-15,-11.402371,7.266844,4.732894
2020-07-16,-11.613716,7.047628,2.823570
2020-07-17,-11.176427,7.840164,2.906972
2020-07-20,-9.866089,9.184238,5.568041
2020-07-21,-7.941857,10.963069,8.114980
2020-07-22,-6.320416,12.255869,9.686043
2020-07-23,-4.893422,12.679405,9.962415
2020-07-24,-4.816336,12.088404,9.026980
2020-07-27,-5.087409,11.569583,7.988451
2020-07-28,-5.005001,11.360822,8.052662
2020-07-29,-4.502119,11.279923,8.907043
2020-07-30,-3.952374,10.938067,9.255926
2020-07-31,-3.211288,10.422253,10.170343
2020-08-03,-2.821154,11.028042,11.435111
2020-08-04,-2.633194,11.536733,11.961237
2020-08-05,-3.357016,11.580565,11.100460
2020-08-06,-5.016403,11.019117,9.456663
2020-08-07,-6.326966,10.293882,8.430784
2020-08-10,-6.454421,10.832345,8.586176
2020-08-11,-5.124210,11.630315,9.041143
2020-08-12,-3.596487,12.026705,9.875252
2020-08-13,-2.266019,11.567862,10.807535
2020-08-14,-1.589999,11.767293,11.655786
2020-08-17,-1.276029,12.824457,12.801344
2020-08-18,-1.485262,14.537473,13.507495
2020-08-19,-2.043125,15.910398,13.263605
2020-08-20,-2.521503,15.824168,12.376746
2020-08-21,-2.644565,14.495624,11.405483
2020-08-24,-3.324595,12.880279,9.865996
2020-08-25,-3.959037,12.000774,8.548328
2020-08-26,-4.556967,12.296727,7.344689
2020-08-27,-5.127794,13.049389,6.531993
2020-08-28,-5.739661,13.699024,6.455489
2020-08-31,-6.855326,13.731198,5.974360
2020-09-01,-7.592716,12.977172,5.017216
2020-09-02,-8.153894,12.277896,4.642981
2020-09-03,-8.276845,12.774078,4.882950
2020-09-04,-8.240974,14.316271,5.442205
2020-09-07,-8.099246,15.188092,5.441997
2020-09-08,-7.755902,15.233519,5.399143
2020-09-09,-7.620947,15.120300,5.416859
2020-09-10,-7.305742,14.631336,5.949145
2020-09-11,-6.586807,14.979463,6.355495
2020-09-14,-5.619304,15.682663,6.914594
2020-09-15,-5.184144,16.373184,7.792932
2020-09-16,-5.374490,16.876838,8.822836
2020-09-17,-6.244155,17.447351,9.865460
2020-09-18,-7.062382,17.703894,11.078154
2020-09-21,-8.155088,17.171893,11.211957
2020-09-22,-8.972393,16.731365,10.448286
2020-09-23,-9.292924,15.538573,9.098867
2020-09-24,-9.858797,14.652038,6.936344
2020-09-25,-10.060497,14.365667,4.359351
2020-09-28,-9.839676,14.218009,2.565679
2020-09-29,-10.294265,13.555896,1.456034
2020-09-30,-11.238313,12.582908,0.520850
2020-10-01,-11.953796,11.230814,-0.105261
2020-10-02,-12.060366,11.770458,-0.219666
2020-10-05,-11.654058,12.546514,-0.150751
2020-10-06,-11.045945,13.025965,0.301276
2020-10-07,-10.315009,13.464362,0.924215
2020-10-08,-9.915821,13.811616,1.205326
2020-10-09,-9.421249,14.143894,2.074743
2020-10-12,-8.462519,13.711158,3.224312
2020-10-13,-8.271866,13.130847,3.046086
2020-10-14,-8.621504,12.918223,2.178672
2020-10-15,-9.410117,13.071150,1.931851
2020-10-16,-9.299348,13.455187,2.410495
2020-10-19,-8.910997,14.713814,2.864752
2020-10-20,-8.997821,16.415905,2.791496
2020-10-21,-9.404254,16.977999,2.105021
2020-10-22,-10.108356,16.189685,1.614220
2020-10-23,-10.565241,14.903226,1.169758
2020-10-26,-10.910823,13.792925,0.745249
2020-10-27,-11.214811,12.960764,0.169117
2020-10-28,-10.990536,12.947764,0.106040
2020-10-29,-10.390360,13.375452,0.633357
2020-10-30,-9.957130,13.961288,0.726529
2020-11-02,-8.284027,14.771643,1.200295
2020-11-03,-6.389351,15.425823,2.024378
2020-11-04,-5.285088,15.904206,2.926429
2020-11-05,-4.499654,16.418427,3.777155
2020-11-06,-4.074701,16.801751,4.066925
2020-11-09,-2.945370,17.107602,4.464097
2020-11-10,-1.781880,17.169225,4.476718
2020-11-11,-1.789864,16.674079,3.985136
2020-11-12,-2.441764,16.461255,2.641703
2020-11-13,-2.615611,16.686292,1.979232
2020-11-16,-2.175546,17.375766,2.801788
2020-11-17,-1.342268,18.067212,4.395975
2020-11-18,-0.292480,18.748057,5.338377
2020-11-19,0.116576,19.753019,5.183407
2020-11-20,0.588963,20.916831,4.835626
2020-11-23,1.155034,21.033507,4.711634
2020-11-24,1.303454,20.823807,4.179161
2020-11-25,1.209220,20.194549,3.325047
2020-11-26,1.200899,20.113144,2.635852
2020-11-27,0.759891,20.581603,2.808124
2020-11-30,-0.606516,21.150809,2.873204
2020-12-01,-1.953519,21.813004,3.003317
2020-12-02,-3.147738,22.017279,2.341957
2020-12-03,-3.513951,21.916335,0.595366
2020-12-04,-4.048577,22.074460,-1.703098
2020-12-07,-4.789171,22.004148,-3.548559
2020-12-08,-5.230069,21.977525,-4.920115
2020-12-09,-5.280637,22.416579,-5.759827
2020-12-10,-5.302022,23.014999,-5.499354
2020-12-11,-5.286370,22.838177,-5.292439
2020-12-14,-5.536625,22.695911,-5.416980
2020-12-15,-5.922534,22.885040,-6.599210
2020-12-16,-6.165263,23.373950,-7.678320
2020-12-17,-6.298139,24.289599,-8.788945
2020-12-18,-6.793465,24.787101,-10.003651
2020-12-21,-7.630113,24.303703,-11.059180
2020-12-22,-7.876355,23.925718,-11.589567
2020-12-23,-7.396687,23.985914,-11.886674
2020-12-24,-7.070734,23.866392,-12.355524
2020-12-25,-7.039363,23.693401,-12.381468
2020-12-28,-7.455279,23.459730,-12.704638
2020-12-29,-7.284360,22.762089,-12.509299
2020-12-30,-6.597587,21.820030,-12.483002
2020-12-31,-5.791864,21.477139,-12.277258
2021-01-04,-5.038158,22.450200,-12.380660
2021-01-05,-4.664676,24.167039,-12.328597
2021-01-06,-4.381300,25.422407,-12.034203
2021-01-07,-3.445793,26.261248,-11.549110
2021-01-08,-1.756991,26.566976,-10.405012
2021-01-11,-0.688338,26.662432,-9.540606
2021-01-12,0.447869,28.139173,-8.000074
2021-01-13,1.062869,30.246235,-6.882337
2021-01-14,1.859599,32.508971,-6.020846
2021-01-15,3.473550,33.640742,-5.117112
2021-01-18,6.659292,34.708795,-3.782467
2021-01-19,10.273469,35.935747,-2.260755
2021-01-20,12.301022,36.585665,-0.516842
2021-01-21,12.414150,36.291991,2.235047
2021-01-22,11.318430,35.132485,2.418128
2021-01-25,10.156397,33.973405,1.225927
2021-01-26,7.920654,33.242978,-0.263137
2021-01-27,6.156778,32.859339,-2.048081
2021-01-28,4.539661,32.452286,-4.552084
2021-01-29,3.530008,31.399703,-6.585889
2021-02-01,3.821363,30.462945,-7.757538
2021-02-02,4.569789,29.881850,-9.173786
2021-02-03,4.855433,30.098911,-11.115443
2021-02-04,4.902267,30.558041,-12.142263
2021-02-05,5.488114,31.990803,-11.668346
2021-02-08,6.103066,33.493122,-11.299601
2021-02-09,7.293117,35.001442,-11.251132
2021-02-10,9.211890,36.306491,-10.841089
2021-02-11,10.888144,37.447287,-10.364390
2021-02-12,11.824677,38.318270,-10.457255
2021-02-15,12.860475,39.133593,-10.896091
2021-02-16,14.361078,39.822774,-10.527018
2021-02-17,15.766072,40.693660,-9.827408
2021-02-18,15.699724,42.132736,-9.815273
2021-02-19,15.184497,44.792688,-10.234501
2021-02-22,14.431864,47.242755,-11.317927
2021-02-23,13.897021,49.470245,-11.224767
2021-02-24,14.167504,51.169559,-8.612710
2021-02-25,15.214645,51.150201,-4.865229
2021-02-26,14.963543,49.892584,-3.523820
2021-03-01,15.995322,50.069786,-2.622205
2021-03-02,18.268545,51.027295,-1.652107
2021-03-03,20.951009,51.013813,-0.307309
2021-03-04,22.769458,51.843341,0.975620
2021-03-05,23.691530,55.949616,1.963198
2021-03-08,25.107294,60.613464,3.112807
2021-03-09,26.436283,62.672585,3.620808
2021-03-10,26.504228,64.554902,3.648010
2021-03-11,26.740388,65.743153,4.754812
2021-03-12,24.383775,64.471338,4.651653
2021-03-15,22.070727,63.202588,3.791212
2021-03-16,21.490268,62.739521,4.290052
2021-03-17,21.732775,63.160177,4.619011
2021-03-18,22.286334,63.091797,4.886544
2021-03-19,21.860613,62.511974,4.531421
2021-03-22,21.453295,62.300229,3.932512
2021-03-23,20.108708,61.022394,2.737273
2021-03-24,18.309378,60.047733,1.501077
2021-03-25,16.707086,58.794446,0.705310
2021-03-26,16.024952,57.729802,0.381763
2021-03-29,16.085178,56.817223,0.620029
2021-03-30,16.092555,56.084315,0.823377
2021-03-31,16.233889,55.841937,0.744960
2021-04-01,16.876696,55.544943,0.578178
2021-04-02,17.307694,55.190203,0.374456
2021-04-06,17.702619,55.711152,0.582435
2021-04-07,17.647663,55.557782,0.639787
2021-04-08,17.338807,55.156337,0.177363
2021-04-09,17.155049,55.207413,0.009053
2021-04-12,17.538846,55.837204,0.134726
2021-04-13,17.971332,56.209132,0.076802
2021-04-14,18.452916,56.953901,0.549291
2021-04-15,18.457842,57.592446,1.237366
2021-04-16,17.795411,57.597178,1.606648
2021-04-19,16.958859,57.763519,1.154588
2021-04-20,16.237030,58.175676,0.024959
2021-04-21,15.857564,59.551758,-0.823818
2021-04-22,16.810137,60.985831,-1.435932
2021-04-23,18.745925,62.275713,-2.227054
2021-04-26,19.246039,63.204671,-2.675126
2021-04-27,19.000446,63.355468,-2.523725
2021-04-28,18.795344,62.833320,-2.225040
2021-04-29,17.971337,62.420653,-2.279010
2021-04-30,16.552251,62.372304,-2.454027
2021-05-03,16.120590,63.034779,-2.189549
2021-05-04,16.669838,64.114025,-1.854052
2021-05-05,17.510481,65.095189,-1.560736
2021-05-06,17.903536,66.216167,-1.916992
2021-05-07,17.257511,66.747524,-2.602176
2021-05-10,15.896445,66.814412,-2.853161
2021-05-11,15.025499,66.425859,-2.112712
2021-05-12,15.878939,66.119754,-1.184803
2021-05-13,17.869510,66.094556,-0.093390
2021-05-14,19.206230,66.109337,0.267710
2021-05-17,19.742629,66.200544,-0.038664
2021-05-18,20.489342,65.803925,-0.306506
2021-05-19,20.897233,63.770782,-0.878713
2021-05-20,20.384932,61.720538,-1.632637
2021-05-21,18.816476,59.922067,-3.095086
2021-05-24,17.630265,59.168117,-3.919862
2021-05-25,17.279347,59.013854,-3.311148
2021-05-26,17.111330,59.154982,-2.175865
2021-05-27,16.457877,59.232130,-1.487309
2021-05-28,15.954635,58.585168,-1.627792
2021-05-31,15.781522,57.421443,-1.789759
2021-06-01,16.437158,56.035785,-1.589585
2021-06-02,17.450672,55.262775,-1.210854
2021-06-03,18.061617,54.444853,-1.138253
2021-06-04,18.280409,54.620416,-1.806298
2021-06-07,17.363309,54.769245,-3.008731
2021-06-08,16.509438,54.624657,-3.676591
2021-06-09,16.019252,54.187215,-4.401435
2021-06-10,15.701039,53.531368,-5.031756
2021-06-11,15.505326,52.747948,-5.475149
2021-06-14,14.889160,51.442561,-6.167901
2021-06-15,14.457280,49.294351,-7.477441
2021-06-16,14.481744,47.124693,-8.000146
2021-06-17,15.246545,44.464467,-8.013038
2021-06-18,15.950337,42.811322,-8.402776
2021-06-21,15.608826,42.298984,-10.342205
2021-06-22,14.796439,42.889647,-13.671729
2021-06-23,13.747407,43.927502,-16.956132
2021-06-24,12.627744,44.254562,-20.128793
2021-06-25,11.552858,43.276941,-23.719640
2021-06-28,11.128382,41.902291,-25.886041
2021-06-29,10.549361,40.500387,-27.048847
2021-06-30,10.220542,39.029755,-27.287916
2021-07-01,10.328484,37.385671,-26.491457
2021-07-02,10.008237,36.766765,-26.275498
2021-07-05,9.971039,37.295062,-25.002203
2021-07-06,10.005891,37.752174,-22.403789
2021-07-07,9.871029,38.043069,-20.490232
2021-07-08,8.842762,37.777380,-20.436372
2021-07-09,8.355909,37.596851,-22.053711
2021-07-12,8.438974,37.104345,-23.261086
2021-07-13,9.685446,37.010488,-23.331017
2021-07-14,10.642853,37.133401,-22.391775
2021-07-15,11.787285,37.702157,-20.675595
2021-07-16,11.916451,37.417006,-19.758212
2021-07-19,10.905423,36.481554,-20.421391
2021-07-20,10.179148,36.575951,-21.629318
2021-07-21,10.414562,37.436467,-22.386772
2021-07-22,10.699583,38.856989,-23.363716
2021-07-23,9.033079,40.093140,-25.873616
2021-07-26,5.325638,41.184068,-29.419339
2021-07-27,2.548819,41.452453,-32.075834
2021-07-28,2.994563,41.878097,-33.270672
2021-07-29,5.033657,42.965747,-33.374906
2021-07-30,5.778296,42.211723,-33.522542
2021-08-02,5.319688,41.106959,-33.245645
2021-08-03,4.522749,40.450197,-33.494092
2021-08-04,4.167548,40.324080,-33.902868
2021-08-05,3.795372,39.432292,-34.076356
2021-08-06,3.642815,37.822559,-33.795587
2021-08-09,4.218844,36.130230,-31.959787
2021-08-10,5.412802,35.760423,-29.720639
2021-08-11,6.106360,36.545133,-27.699935
2021-08-12,5.329402,37.437793,-27.131778
2021-08-13,3.854078,37.459550,-26.864232
2021-08-16,2.618182,36.122033,-26.249040
2021-08-17,1.630107,33.652506,-25.480527
2021-08-18,1.008046,31.254305,-25.092277
2021-08-19,-0.087682,29.898450,-25.674193
2021-08-20,-0.571629,30.498639,-25.813695
2021-08-23,0.147822,32.008131,-25.701102
2021-08-24,1.556310,33.263699,-25.717779
2021-08-25,2.468544,33.665142,-26.260564
2021-08-26,2.951620,32.977641,-27.128783
2021-08-27,3.431340,33.044944,-27.841010
2021-08-30,4.218182,33.655075,-27.985531
2021-08-31,5.385630,34.091879,-26.316636
2021-09-01,6.153398,34.131657,-23.975502
2021-09-02,6.066988,33.849360,-22.186282
2021-09-03,5.664813,33.440843,-21.568652
2021-09-06,5.798985,32.872083,-22.001228
2021-09-07,6.314577,32.002366,-22.640907
2021-09-08,6.794323,31.739927,-23.250716
2021-09-09,6.913978,32.775502,-23.912022
2021-09-10,7.889720,34.758365,-23.350016
2021-09-13,8.104866,35.459294,-22.253732
2021-09-14,7.607026,36.232051,-22.224262
2021-09-15,6.995325,36.585873,-22.305649
2021-09-16,6.182878,35.364784,-22.545271
2021-09-17,5.281141,33.520778,-22.644447
2021-09-20,4.100566,32.010525,-22.261738
2021-09-21,3.488388,32.473795,-21.192118
2021-09-22,3.356635,35.004171,-19.614867
2021-09-23,3.182458,35.814414,-18.581462
2021-09-24,2.205836,35.943578,-18.861723
2021-09-27,1.473528,35.089318,-19.591419
2021-09-28,1.377935,33.177997,-19.216959
2021-09-29,1.521058,31.229606,-19.193716
2021-09-30,1.022843,29.847317,-19.585510
2021-10-01,-0.391106,30.392507,-20.247544
2021-10-04,-1.716359,31.182277,-20.099114
2021-10-05,-1.812994,30.956786,-19.417661
2021-10-06,-0.746430,30.756270,-18.900951
2021-10-07,0.674201,31.460789,-18.615008
2021-10-08,1.562186,31.734674,-18.159906
2021-10-11,1.944653,31.616386,-17.481609
2021-10-12,1.301047,31.905961,-17.137279
2021-10-13,0.737740,34.199888,-17.546711
2021-10-14,0.665379,37.322899,-18.361302
2021-10-15,1.452087,39.928435,-18.747174
2021-10-18,2.731107,40.933357,-18.823565
2021-10-19,4.418523,40.977413,-18.593959
2021-10-20,6.054506,40.311312,-17.982025
2021-10-21,6.959214,38.542846,-16.721761
2021-10-22,6.538009,37.176798,-16.497494
2021-10-25,5.195475,36.464396,-17.711543
2021-10-26,3.418272,35.299963,-19.962149
2021-10-27,0.904474,33.790894,-22.815142
2021-10-28,-0.986115,32.681779,-25.280327
2021-10-29,-2.643818,31.914955,-27.108221
2021-11-01,-3.899655,31.595030,-28.307754
2021-11-02,-4.348654,31.599279,-29.146104
2021-11-03,-4.426044,31.081112,-28.783607
2021-11-04,-4.634193,30.225735,-28.552529
2021-11-05,-5.545140,29.928597,-29.381490
2021-11-08,-6.219267,30.237728,-30.121423
2021-11-09,-6.247467,29.998213,-29.795305
2021-11-10,-5.574943,29.417378,-27.609944
2021-11-11,-4.892266,29.070121,-24.863574
2021-11-12,-4.479120,28.958897,-24.124582
2021-11-15,-4.261815,27.775502,-24.325715
2021-11-16,-4.155153,26.016255,-24.739981
2021-11-17,-4.592866,24.277167,-25.141186
2021-11-18,-5.251089,23.574423,-25.645808
2021-11-19,-5.603666,23.577958,-25.162687
2021-11-22,-6.300038,23.535238,-25.366600
2021-11-23,-7.124686,23.875152,-25.296299
2021-11-24,-7.827209,23.958706,-24.616223
2021-11-25,-8.500180,22.915276,-23.803831
2021-11-26,-9.422596,21.609038,-23.265523
2021-11-29,-10.319972,20.993742,-22.987189
2021-11-30,-11.184034,20.003251,-22.138844
2021-12-01,-11.205850,18.963996,-20.849875
2021-12-02,-10.996735,19.127883,-19.564701
2021-12-03,-10.862832,19.487200,-18.732289
2021-12-06,-10.836941,19.923779,-17.851183
2021-12-07,-10.359666,19.823967,-16.983857
2021-12-08,-9.936722,19.230577,-16.365487
2021-12-09,-9.274837,18.552104,-15.435627
2021-12-10,-9.065581,18.544733,-15.003525
2021-12-13,-9.359231,18.712610,-14.856456
2021-12-14,-10.399877,18.154322,-14.696819
2021-12-15,-11.369283,17.852982,-14.021552
2021-12-16,-12.115293,18.407264,-13.416831
2021-12-17,-13.316975,18.882518,-12.726219
2021-12-20,-15.014820,19.471965,-11.585383
2021-12-21,-16.216996,20.315576,-9.926443
2021-12-22,-16.717777,20.788879,-9.786497
2021-12-23,-17.039792,19.918049,-9.957372
2021-12-24,-17.292938,18.253883,-10.499523
2021-12-27,-17.425159,17.170510,-10.924689
2021-12-28,-17.611797,16.974019,-11.146336
2021-12-29,-18.287346,18.044124,-11.536238
2021-12-30,-18.717629,19.401017,-11.348250
2021-12-31,-19.027204,19.958229,-10.700031
2022-01-03,-19.549610,20.014336,-10.308986
2022-01-04,-20.488044,19.700015,-10.097422
2022-01-05,-21.703321,19.420059,-10.323132
2022-01-06,-22.590497,18.876374,-10.873931
2022-01-07,-23.145719,18.554252,-10.367778
2022-01-10,-23.063581,18.491091,-8.777280
2022-01-11,-22.192618,19.562158,-7.326007
2022-01-12,-20.662426,20.997924,-6.504955
2022-01-13,-20.063990,21.268483,-6.826795
2022-01-14,-19.185814,20.838196,-7.396134
2022-01-17,-18.323234,21.021232,-6.342834
2022-01-18,-17.012256,21.431581,-4.116192
2022-01-19,-15.865344,22.813911,-2.459700
2022-01-20,-15.317790,24.055082,-2.217813
2022-01-21,-15.844772,24.108709,-2.556695
2022-01-24,-16.938349,23.170145,-2.855706
2022-01-25,-18.074139,22.428639,-4.175198
2022-01-26,-19.240924,20.850852,-5.872950
2022-01-27,-20.773763,18.393073,-7.272325
2022-01-28,-22.217072,16.033961,-7.793243
2022-01-31,-23.195482,15.064358,-7.850812
2022-02-01,-23.676192,15.550376,-7.781945
2022-02-02,-23.739237,16.156414,-7.688001
2022-02-03,-23.528262,16.138196,-7.538137
2022-02-04,-23.155924,15.898390,-7.310279
2022-02-07,-23.020479,15.207183,-7.216011
2022-02-08,-22.404035,13.731590,-8.042506
2022-02-09,-21.279557,11.974774,-8.821941
2022-02-10,-20.387708,9.684319,-9.093757
2022-02-11,-20.110948,6.841725,-9.993182
2022-02-14,-19.643183,5.477065,-12.669804
2022-02-15,-19.051899,6.560792,-15.821222
2022-02-16,-17.556689,8.328278,-16.598049
2022-02-17,-17.435616,8.783171,-16.371824
2022-02-18,-18.487451,8.563416,-14.810496
2022-02-21,-20.191773,9.428437,-13.617536
2022-02-22,-21.143586,10.893798,-12.897142
2022-02-23,-21.464117,10.294871,-12.675363
2022-02-24,-22.196106,9.882887,-12.798930
2022-02-25,-23.217885,10.173555,-12.576224
2022-02-28,-24.133111,10.286407,-12.352696
2022-03-01,-24.837531,10.677799,-12.466237
2022-03-02,-25.201727,11.977592,-12.933703
2022-03-03,-26.154214,13.669237,-13.694856
2022-03-04,-28.579789,14.757070,-15.095644
2022-03-07,-31.553808,13.665078,-16.499464
2022-03-08,-33.509983,12.459811,-18.223726
2022-03-09,-33.732966,10.907979,-19.253822
2022-03-10,-33.424998,10.727850,-19.654475
2022-03-11,-34.241255,11.321999,-20.044401
2022-03-14,-36.306455,11.329267,-21.571905
2022-03-15,-37.397474,11.811321,-23.869054
2022-03-16,-34.417136,12.837790,-23.410243
2022-03-17,-30.491062,14.324492,-20.676988
2022-03-18,-28.807641,15.522262,-17.311778
2022-03-21,-28.232494,15.777447,-14.822105
2022-03-22,-27.717236,15.754572,-12.981833
2022-03-23,-27.458151,15.457496,-12.413226
2022-03-24,-27.953426,14.344088,-12.216738
2022-03-25,-28.587482,14.019918,-11.888300
2022-03-28,-28.304198,14.224249,-10.671430
2022-03-29,-27.026597,14.773895,-9.256068
2022-03-30,-25.865109,15.065249,-6.534943
2022-03-31,-25.756369,14.471672,-4.079267
2022-04-01,-25.848001,13.060561,-1.986656
2022-04-04,-25.489408,12.081061,-1.153967
2022-04-05,-25.913535,11.656628,-1.091582
2022-04-06,-27.096565,10.756300,-0.832260
2022-04-07,-28.038900,10.032032,-1.379889
2022-04-08,-28.534480,9.050570,-1.906053
2022-04-11,-29.765997,7.987046,-3.493610
2022-04-12,-30.458170,6.939687,-4.597813
2022-04-13,-30.351765,5.664748,-4.819561
2022-04-14,-30.061100,4.873898,-4.227103
2022-04-15,-30.194160,4.712448,-3.324566
2022-04-18,-30.553470,4.838914,-4.118220
2022-04-19,-30.779145,4.910696,-5.517254
2022-04-20,-31.002085,4.394307,-8.251154
2022-04-21,-31.972764,3.089321,-10.709716
2022-04-22,-33.389397,0.699239,-12.451747
2022-04-25,-35.386124,-2.481750,-14.581541
2022-04-26,-35.991535,-5.145304,-15.444123
2022-04-27,-34.986440,-6.564337,-15.166698
2022-04-28,-32.361916,-7.381768,-13.580175
2022-04-29,-29.661276,-7.595730,-11.571767
2022-05-03,-28.372637,-7.969191,-10.942270
2022-05-04,-29.239682,-8.258118,-11.648759
2022-05-05,-31.357994,-9.028005,-13.311989
2022-05-06,-34.198632,-9.366999,-15.844826
2022-05-09,-35.866609,-8.640233,-16.498378
2022-05-10,-36.773949,-7.869537,-15.912186
2022-05-11,-37.136676,-7.649675,-15.726125
2022-05-12,-37.646798,-8.180268,-15.632306
2022-05-13,-37.519096,-8.007994,-14.737650
2022-05-16,-36.882772,-8.248004,-14.372193
2022-05-17,-35.622184,-9.393737,-14.714715
2022-05-18,-35.262871,-9.997618,-14.721153
2022-05-19,-35.763181,-9.115873,-14.302213
2022-05-20,-35.807388,-7.762877,-14.875602
2022-05-23,-36.051099,-6.065310,-16.294391
2022-05-24,-36.289288,-4.966618,-17.385136
2022-05-25,-36.021587,-5.232992,-16.931101
2022-05-26,-35.034134,-5.442389,-15.970785
2022-05-27,-33.111942,-5.312013,-15.811825
2022-05-30,-31.250556,-5.049767,-15.937512
2022-05-31,-30.235903,-4.919930,-15.804551
2022-06-01,-30.174032,-4.460932,-15.549341
2022-06-02,-29.939129,-2.847798,-15.525977
2022-06-06,-28.649586,0.184630,-15.067878
2022-06-07,-27.527697,2.455104,-14.563979
2022-06-08,-26.756057,4.476335,-14.448017
2022-06-09,-26.949989,4.495937,-14.257056
2022-06-10,-27.628125,2.779418,-14.433433
2022-06-13,-29.186550,0.298404,-14.967721
2022-06-14,-30.677295,-2.106376,-14.563250
2022-06-15,-31.693479,-3.113651,-13.580442
2022-06-16,-32.794649,-3.694293,-13.049000
2022-06-17,-32.620649,-4.207634,-12.108397
2022-06-20,-31.627709,-4.469914,-10.853583
2022-06-21,-30.603856,-5.161865,-10.493774
2022-06-22,-30.114707,-7.109015,-11.023196
2022-06-23,-28.397823,-10.214923,-10.588043
2022-06-24,-25.983541,-11.874979,-10.437563
2022-06-27,-23.668120,-11.684555,-10.402890
2022-06-28,-22.141405,-11.481985,-9.457301
2022-06-29,-21.598169,-11.823637,-7.395685
2022-06-30,-22.154487,-13.637052,-5.799144
2022-07-01,-23.117546,-15.690727,-5.297817
2022-07-04,-24.143132,-17.560782,-5.728294
2022-07-05,-24.724315,-19.427557,-6.564373
2022-07-06,-25.279200,-19.926108,-7.793276
2022-07-07,-25.175501,-18.893393,-8.201999
2022-07-08,-24.861945,-18.623906,-7.836630
2022-07-11,-25.673790,-20.582086,-7.573092
2022-07-12,-26.949758,-23.558341,-7.268063
2022-07-13,-27.763825,-26.203662,-7.269890
2022-07-14,-26.817976,-29.083218,-7.246090
2022-07-15,-24.284808,-30.193579,-6.001153
2022-07-18,-21.373431,-29.447579,-3.067137
2022-07-19,-21.110147,-28.943646,-1.272516
2022-07-20,-22.232776,-28.878947,-1.144092
2022-07-21,-23.224252,-28.134740,-1.862374
2022-07-22,-23.849396,-26.517919,-2.202770
2022-07-25,-23.917326,-24.621288,-1.143063
2022-07-26,-23.671795,-22.785465,0.581242
2022-07-27,-23.791429,-21.113728,0.736248
2022-07-28,-24.597817,-19.582264,-0.509300
2022-07-29,-26.313335,-18.592124,-3.503678
2022-08-01,-28.050375,-19.337975,-6.895804
2022-08-02,-29.263009,-20.301273,-10.514759
2022-08-03,-28.899390,-20.622263,-12.326516
2022-08-04,-27.478751,-19.968487,-12.341896
2022-08-05,-26.241316,-17.885073,-11.778831
2022-08-08,-25.506290,-15.091424,-11.480690
2022-08-09,-25.121642,-12.475222,-11.582773
2022-08-10,-24.214022,-10.625378,-11.190497
2022-08-11,-22.787615,-10.830034,-10.398828
2022-08-12,-22.831470,-12.730882,-9.679456
2022-08-15,-24.102471,-14.740063,-8.919428
2022-08-16,-24.925944,-15.679954,-7.206535
2022-08-17,-24.944585,-16.044137,-5.290979
2022-08-18,-25.267802,-16.003651,-4.047360
2022-08-19,-26.115676,-15.844934,-3.277540
2022-08-22,-27.486815,-15.796505,-4.502959
2022-08-23,-28.592319,-15.261384,-7.242893
2022-08-24,-28.662921,-15.191422,-9.745673
2022-08-25,-27.331472,-14.920022,-10.802028
2022-08-26,-26.700160,-14.688000,-11.050545
2022-08-29,-26.898601,-14.959396,-10.961234
2022-08-30,-27.031551,-16.816510,-10.540277
2022-08-31,-27.063249,-19.667850,-10.370307
2022-09-01,-27.988616,-22.582308,-10.356649
2022-09-02,-28.256260,-23.123077,-10.047590
2022-09-05,-27.921424,-22.345889,-7.624989
2022-09-06,-27.098256,-21.568149,-4.516444
2022-09-07,-26.396675,-19.525397,-2.127500
2022-09-08,-25.551483,-16.597049,-0.751531
2022-09-09,-23.512071,-14.236460,0.280140
2022-09-12,-22.743546,-13.860146,-0.257619
2022-09-13,-23.269513,-15.823570,-2.287996
2022-09-14,-24.585586,-17.565353,-3.625266
2022-09-15,-25.144636,-18.526292,-3.487306
2022-09-16,-25.936507,-18.228801,-3.968661
2022-09-19,-27.022779,-17.473685,-5.395136
2022-09-20,-27.794761,-16.770175,-6.559649
2022-09-21,-28.713857,-16.715559,-7.309079
2022-09-22,-29.417439,-18.299379,-8.211988
2022-09-23,-29.519528,-20.692517,-9.008991
2022-09-26,-29.988264,-21.992691,-9.666664
2022-09-27,-31.448915,-22.163738,-10.260637
2022-09-28,-34.558260,-22.079628,-11.469141
2022-09-29,-36.909779,-22.300136,-12.629300
2022-09-30,-38.111906,-22.932430,-12.835112
2022-10-03,-37.825259,-23.312071,-12.661210
2022-10-04,-36.376841,-24.366299,-11.945855
2022-10-05,-34.280665,-26.627047,-10.734966
2022-10-06,-34.411285,-29.166384,-9.676922
2022-10-07,-36.540657,-30.281243,-8.816037
2022-10-10,-39.970749,-29.697246,-8.547589
2022-10-11,-43.088389,-28.570043,-9.067372
2022-10-12,-44.924716,-26.747683,-9.741281
2022-10-13,-45.880546,-25.652532,-10.353776
2022-10-14,-45.464257,-25.863083,-9.992306
2022-10-17,-44.316294,-25.904884,-8.894334
2022-10-18,-43.055861,-25.758443,-7.890920
2022-10-19,-43.236308,-25.447460,-6.916793
2022-10-20,-44.157005,-24.025639,-6.303720
2022-10-21,-45.785815,-22.753720,-6.187149
2022-10-24,-48.440505,-22.308913,-7.088770
2022-10-25,-49.658795,-21.758585,-8.466317
2022-10-26,-49.743380,-20.826901,-9.299420
2022-10-27,-49.634462,-21.441489,-10.015736
2022-10-28,-50.482659,-23.158427,-12.537669
2022-10-31,-50.611121,-23.815920,-15.665921
2022-11-01,-49.194777,-23.273387,-18.424533
2022-11-02,-48.154329,-23.225417,-20.529706
2022-11-03,-47.733314,-22.436396,-20.539324
2022-11-04,-45.995638,-19.554003,-18.827021
2022-11-07,-44.628563,-17.574041,-17.038539
2022-11-08,-44.092633,-16.006848,-15.807883
2022-11-09,-43.585626,-15.298388,-14.454587
2022-11-10,-41.824012,-14.491929,-13.011023
2022-11-11,-37.671090,-13.642413,-9.609662
2022-11-14,-33.740451,-14.336587,-7.337586
2022-11-15,-30.849138,-15.458940,-6.697094
2022-11-16,-29.576835,-16.153480,-6.979325
2022-11-17,-28.773023,-16.445124,-6.967933
2022-11-18,-28.508605,-17.128324,-7.023978
2022-11-21,-28.969693,-17.208537,-7.646580
2022-11-22,-29.867427,-16.611353,-8.743006
2022-11-23,-30.189594,-16.443186,-9.213437
2022-11-24,-30.003510,-16.744397,-8.223923
2022-11-25,-29.941299,-17.598906,-5.978816
2022-11-28,-30.169417,-17.844769,-3.894940
2022-11-29,-28.567483,-16.988327,-1.313702
2022-11-30,-26.780368,-14.773535,-1.006103
2022-12-01,-25.037840,-12.731524,-1.261113
2022-12-02,-23.239641,-11.416904,-1.544993
2022-12-05,-20.839359,-10.814451,-1.433672
2022-12-06,-19.775415,-10.297482,-1.984340
2022-12-07,-19.438676,-10.366242,-2.677908
2022-12-08,-17.490552,-10.557339,-2.721188
2022-12-09,-15.633002,-11.314726,-3.618870
2022-12-12,-15.728586,-12.432962,-6.199064
2022-12-13,-16.225292,-12.954912,-6.785874
2022-12-14,-16.833649,-13.252690,-6.188184
2022-12-15,-17.616073,-13.989488,-5.010526
2022-12-16,-18.075503,-14.406220,-4.174092
2022-12-19,-18.519581,-14.529132,-4.475343
2022-12-20,-18.736639,-14.508264,-5.919688
2022-12-21,-18.452766,-14.722681,-7.319580
2022-12-22,-17.764304,-15.514991,-8.662718
2022-12-23,-17.213939,-15.536571,-9.815148
2022-12-26,-16.658601,-15.165744,-11.244100
2022-12-27,-15.963370,-14.292436,-12.257936
2022-12-28,-15.932095,-13.473389,-13.533845
2022-12-29,-16.865071,-13.563228,-15.696103
2022-12-30,-17.362562,-14.339693,-16.580367
2023-01-03,-16.829646,-16.007234,-15.423668
2023-01-04,-16.032268,-17.227107,-12.773845
2023-01-05,-15.114335,-15.994672,-10.640409
2023-01-06,-14.178885,-13.121321,-9.872046
2023-01-09,-12.977132,-10.393244,-10.812706
2023-01-10,-12.458708,-8.411433,-12.253128
2023-01-11,-12.744933,-7.617928,-13.092584
2023-01-12,-13.652800,-7.763604,-13.507621
2023-01-13,-13.625244,-7.401386,-13.100446
2023-01-16,-12.865651,-6.866176,-12.268850
2023-01-17,-11.900378,-6.208572,-10.800736
2023-01-18,-10.793512,-5.444183,-9.778308
2023-01-19,-9.232724,-3.964038,-8.627400
2023-01-20,-7.780188,-2.588438,-7.867746
2023-01-23,-7.388502,-2.542871,-7.580769
2023-01-24,-7.248142,-3.622115,-7.523186
2023-01-25,-6.973593,-4.682092,-7.557659
2023-01-26,-6.813982,-5.270426,-7.739206
2023-01-27,-8.065069,-5.952736,-8.263467
2023-01-30,-9.795953,-6.583579,-9.194268
2023-01-31,-10.945720,-7.560846,-9.676907
2023-02-01,-11.916312,-9.651716,-10.188133
2023-02-02,-12.866897,-10.750447,-10.945755
2023-02-03,-13.742216,-10.569803,-11.403528
2023-02-06,-14.191142,-10.561420,-10.778090
2023-02-07,-14.196303,-10.800643,-9.658197
2023-02-08,-14.343892,-10.757118,-9.188298
2023-02-09,-14.043196,-10.574549,-9.065140
2023-02-10,-13.633304,-10.642411,-10.029741
2023-02-13,-12.898025,-10.116558,-10.892209
2023-02-14,-11.881356,-9.695351,-11.108293
2023-02-15,-11.199538,-9.487481,-11.014660
2023-02-16,-9.835018,-8.849429,-10.439506
2023-02-17,-9.210918,-8.480824,-9.711786
2023-02-20,-9.087630,-8.512917,-8.803951
2023-02-21,-9.543775,-9.857326,-8.717384
2023-02-22,-9.598077,-12.491242,-9.294539
2023-02-23,-9.436696,-15.689372,-9.877804
2023-02-24,-8.326001,-17.369671,-10.227187
2023-02-27,-6.214924,-15.951669,-9.351741
2023-02-28,-4.137944,-13.487045,-6.947254
2023-03-01,-1.960556,-11.285348,-4.776770
2023-03-02,-0.592668,-11.266595,-4.153650
2023-03-03,1.939662,-11.355003,-3.532871
2023-03-06,5.152591,-11.277927,-2.190675
2023-03-07,5.751909,-12.242038,-0.582945
2023-03-08,0.726011,-13.487345,-1.755365
2023-03-09,-5.221032,-14.600734,-5.311548
2023-03-10,-8.745666,-15.147670,-9.585374
2023-03-13,-10.088951,-15.222022,-12.514170
2023-03-14,-11.799435,-16.309842,-14.629598
2023-03-15,-12.479586,-18.089789,-15.228410
2023-03-16,-12.322163,-18.588836,-15.566436
2023-03-17,-11.635284,-18.082311,-15.888122
2023-03-20,-12.264778,-17.229290,-16.733485
2023-03-21,-12.439788,-16.165044,-17.634988
2023-03-22,-11.814325,-15.084397,-19.724101
2023-03-23,-10.850282,-14.408915,-21.949030
2023-03-24,-11.254863,-14.272626,-24.678214
2023-03-27,-12.362063,-14.566598,-26.939985
2023-03-28,-11.822566,-14.594295,-28.591841
2023-03-29,-9.705721,-14.073608,-29.507757
2023-03-30,-7.654429,-13.713278,-28.761582
2023-03-31,-6.160950,-13.744499,-27.714318
2023-04-03,-4.923262,-14.177652,-25.094621
2023-04-04,-4.848532,-15.293877,-23.062545
2023-04-05,-5.219519,-15.772189,-22.114117
2023-04-06,-5.581750,-15.721944,-21.985736
2023-04-07,-5.575130,-15.576116,-21.660749
2023-04-10,-4.977533,-15.316862,-20.216855
2023-04-11,-3.714737,-14.694344,-18.013038
2023-04-12,-2.757192,-13.615783,-14.953569
2023-04-13,-1.423382,-12.354530,-12.568417
2023-04-14,0.487130,-10.829587,-10.982948
2023-04-17,2.839995,-9.549458,-8.937398
2023-04-18,3.310709,-8.957722,-8.415652
2023-04-19,2.055457,-9.096586,-9.567290
2023-04-20,-0.443875,-9.313083,-12.548737
2023-04-21,-3.652566,-9.423555,-16.145859
2023-04-24,-5.478433,-9.320844,-18.608938
2023-04-25,-5.740016,-9.935198,-19.499042
2023-04-26,-4.383562,-9.814026,-18.563930
2023-04-27,-2.022810,-9.012496,-16.030697
2023-04-28,-0.363730,-8.307136,-14.593624
2023-05-02,0.705259,-8.117085,-14.470008
2023-05-03,1.033698,-7.763273,-14.130952
2023-05-04,1.689313,-6.942358,-13.856563
2023-05-05,1.236326,-6.984384,-14.395269
2023-05-08,0.041690,-7.479948,-15.053323
2023-05-09,-2.251904,-8.208307,-15.226214
2023-05-10,-3.477996,-9.699859,-15.669299
2023-05-11,-3.541758,-12.289365,-16.288059
2023-05-12,-3.682008,-13.628205,-16.096335
2023-05-15,-2.660260,-14.254569,-15.173143
2023-05-16,-1.823265,-14.292741,-14.643293
2023-05-17,-2.228616,-13.565930,-15.170666
2023-05-18,-3.199902,-13.742552,-16.173464
2023-05-19,-5.329844,-14.335558,-16.903659
2023-05-22,-7.339202,-15.330050,-17.334470
2023-05-23,-9.273982,-16.366084,-18.162005
2023-05-24,-10.805722,-17.612266,-19.195770
2023-05-25,-12.278016,-17.989048,-19.210373
2023-05-26,-14.017993,-18.150005,-18.895576
2023-05-29,-15.544859,-18.120605,-19.114738
2023-05-30,-16.974493,-17.738793,-18.913575
2023-05-31,-17.454365,-16.367601,-18.824656
2023-06-01,-15.985762,-14.138158,-17.918276
2023-06-02,-12.654307,-12.065987,-15.966188
2023-06-05,-10.544704,-10.374396,-15.641619
2023-06-06,-9.649101,-9.618425,-15.841484
2023-06-07,-8.785339,-8.852282,-15.232225
2023-06-08,-8.714690,-7.793404,-14.846648
2023-06-09,-8.947862,-7.159650,-15.877033
2023-06-12,-9.127306,-6.083005,-16.615912
2023-06-13,-8.604921,-3.142699,-16.630015
2023-06-14,-8.841344,0.461006,-16.823383
2023-06-15,-9.400119,2.315557,-16.614660
2023-06-16,-10.348876,2.574896,-17.226334
2023-06-19,-11.312184,2.265033,-19.233127
2023-06-20,-11.942178,2.634803,-22.424598
2023-06-21,-12.704086,4.032965,-24.743474
2023-06-22,-13.401142,5.648504,-25.335583
2023-06-23,-14.098064,6.862650,-24.737611
2023-06-26,-14.075039,8.131691,-23.196394
2023-06-27,-13.165907,7.803406,-20.580039
2023-06-28,-12.712117,6.298602,-19.461815
2023-06-29,-12.286092,6.529975,-19.371859
2023-06-30,-10.580034,8.989623,-19.062202
2023-07-03,-8.486120,11.932523,-19.047149
2023-07-04,-7.585021,13.458270,-19.063035
2023-07-05,-8.225972,14.526904,-17.703853
2023-07-06,-9.696260,14.199226,-15.804564
2023-07-07,-11.300141,13.474165,-15.889116
2023-07-10,-11.440061,13.495392,-16.503145
2023-07-11,-10.572009,13.955448,-16.966344
2023-07-12,-8.728218,15.082260,-17.347062
2023-07-13,-7.019566,15.496758,-17.770647
2023-07-14,-6.509353,14.397161,-19.111646
2023-07-17,-7.182593,12.260039,-20.851074
2023-07-18,-7.885911,10.099071,-21.092210
2023-07-19,-7.799294,8.386200,-20.052610
2023-07-20,-6.787027,7.499240,-17.976695
2023-07-21,-5.684695,8.086431,-14.925854
2023-07-24,-4.579622,9.433835,-11.041071
2023-07-25,-3.371680,10.501312,-6.613404
2023-07-26,-3.079550,10.253760,-4.387256
2023-07-27,-2.209408,9.382958,-3.753654
2023-07-28,-0.787054,9.081867,-2.564321
2023-07-31,0.237108,8.659669,-1.256611
2023-08-01,0.123361,6.943106,-0.602808
2023-08-02,-1.658487,5.584103,-0.465936
2023-08-03,-2.791648,5.830951,-0.667379
2023-08-04,-2.753346,6.244216,-2.087177
2023-08-07,-2.552961,6.054190,-4.982804
2023-08-08,-2.870309,5.486094,-7.399665
2023-08-09,-2.784844,4.550261,-8.295551
2023-08-10,-2.735381,3.564916,-8.865878
2023-08-11,-2.966292,2.851382,-9.234410
2023-08-14,-3.653589,2.167712,-9.043793
2023-08-15,-5.030462,1.447958,-8.097724
2023-08-16,-7.569633,0.860997,-7.139244
2023-08-17,-9.648029,1.208888,-7.064360
2023-08-18,-11.136137,2.553633,-8.331851
2023-08-21,-11.808816,5.050820,-10.288198
2023-08-22,-11.124852,7.613629,-11.871296
2023-08-23,-9.424067,9.733080,-13.551766
2023-08-24,-7.572618,10.036132,-14.437884
2023-08-25,-6.343136,9.480488,-14.362337
2023-08-28,-5.028385,9.218553,-13.186126
2023-08-29,-3.652075,9.035877,-12.201891
2023-08-30,-3.312345,7.988895,-13.380478
2023-08-31,-4.107918,7.103442,-16.522095
2023-09-01,-4.155293,6.810089,-17.914264
2023-09-04,-3.202282,7.396400,-17.857537
2023-09-05,-2.556915,7.859678,-17.917009
2023-09-06,-2.517305,7.542941,-17.391429
2023-09-07,-2.683951,6.746211,-16.173276
2023-09-08,-2.737146,6.681804,-15.558698
2023-09-11,-2.873722,7.708306,-15.516093
2023-09-12,-2.153560,8.836680,-15.843361
2023-09-13,-0.899337,10.155914,-15.583019
2023-09-14,0.351954,12.128440,-15.262712
2023-09-15,1.261330,13.356589,-14.911759
2023-09-18,1.917974,13.009921,-14.779636
2023-09-19,3.247862,11.566682,-13.950724
2023-09-20,3.887816,10.369643,-13.112989
2023-09-21,3.956173,9.226023,-13.329067
2023-09-22,3.900599,7.942913,-13.836643
2023-09-25,1.954540,6.456881,-14.910005
2023-09-26,-1.146595,6.050485,-15.724542
2023-09-27,-1.997318,7.038433,-16.094435
2023-09-28,-0.714637,8.281506,-15.974447
2023-09-29,2.209259,8.081186,-15.554747
2023-10-02,4.217420,6.760226,-14.934215
2023-10-03,4.519271,5.571698,-14.827691
2023-10-04,4.464672,4.684955,-14.396968
2023-10-05,4.179915,5.162811,-14.295806
2023-10-06,4.302046,6.566020,-14.550129
2023-10-09,4.756154,7.777609,-15.038526
2023-10-10,6.697774,7.724440,-15.105040
2023-10-11,9.400232,6.376315,-14.649653
2023-10-12,12.219165,5.083770,-13.840603
2023-10-13,14.579546,4.699392,-12.769458
2023-10-16,15.250528,4.474277,-12.422857
2023-10-17,15.122268,3.672155,-12.487254
2023-10-18,14.883090,3.917125,-12.606025
2023-10-19,14.841633,5.054114,-11.347315
2023-10-20,13.864326,5.626507,-9.848325
2023-10-23,11.293830,5.310733,-9.870148
2023-10-24,9.125944,4.944098,-10.027115
2023-10-25,8.215882,3.604593,-10.388134
2023-10-26,6.376701,1.366648,-11.618140
2023-10-27,5.267691,0.994920,-12.507155
2023-10-30,4.966091,0.642140,-13.404451
2023-10-31,4.733403,-0.336151,-14.943377
2023-11-01,3.883192,-2.064635,-17.582433
2023-11-02,1.387648,-3.449789,-21.442379
2023-11-03,-0.373174,-3.141675,-23.613765
2023-11-06,-1.927250,-2.070963,-23.219105
2023-11-07,-2.864832,-0.952029,-21.808671
2023-11-08,-2.996475,0.027363,-20.709036
2023-11-09,-2.732147,0.950004,-20.129567
2023-11-10,-2.006891,1.691085,-19.837122
2023-11-13,-0.724246,2.214441,-19.408310
2023-11-14,0.326485,2.565414,-19.496776
2023-11-15,1.458311,3.028560,-21.402736
2023-11-16,1.403237,3.495373,-24.690508
2023-11-17,0.216049,3.971660,-27.766437
2023-11-20,-1.956707,3.768480,-30.580211
2023-11-21,-3.943284,2.319873,-30.430641
2023-11-22,-5.194092,0.752595,-29.094200
2023-11-23,-6.375397,-0.070800,-27.234165
2023-11-24,-8.605425,-0.049397,-26.801647
2023-11-27,-9.707685,-0.310409,-27.437741
2023-11-28,-10.462985,-0.513311,-28.668960
2023-11-29,-12.655295,-0.406265,-30.841082
2023-11-30,-14.494657,0.315335,-32.084108
2023-12-01,-15.463434,0.948500,-31.653966
2023-12-04,-16.557276,0.007222,-31.897260
2023-12-05,-17.381111,-0.849935,-32.387666
2023-12-06,-17.178215,-0.446373,-32.638015
2023-12-07,-17.080559,0.439795,-32.999465
2023-12-08,-16.830409,0.802068,-32.783262
2023-12-11,-16.635143,0.279622,-31.147876
2023-12-12,-16.891544,0.135501,-29.415560
2023-12-13,-17.690494,0.728285,-29.068810
2023-12-14,-17.353596,1.334348,-28.927309
2023-12-15,-16.584530,1.530006,-28.550616
2023-12-18,-16.720931,1.525626,-29.034317
2023-12-19,-17.362145,1.819205,-29.588354
2023-12-20,-17.627932,2.204969,-29.645654
2023-12-21,-18.645906,2.730717,-30.229433
2023-12-22,-20.972106,3.133946,-32.367239
2023-12-25,-23.303124,3.112630,-35.262403
2023-12-26,-24.276765,2.061014,-36.714095
2023-12-27,-23.723741,0.460549,-36.022136
2023-12-28,-23.064656,-1.916590,-34.417977
2023-12-29,-23.118205,-4.384374,-33.933397
2024-01-02,-24.167169,-6.492292,-34.450000
2024-01-03,-25.444452,-7.621979,-34.634262
2024-01-04,-26.588904,-8.272353,-35.424122
2024-01-05,-27.549919,-8.673885,-36.300505
2024-01-08,-28.432126,-9.558819,-37.011707
2024-01-09,-29.109731,-10.386829,-37.073947
2024-01-10,-29.579552,-10.779541,-37.184839
2024-01-11,-29.959300,-11.126561,-37.234465
2024-01-12,-30.457452,-11.410959,-37.342761
2024-01-15,-31.610622,-11.334147,-37.636016
2024-01-16,-34.065894,-11.466082,-38.612935
2024-01-17,-37.111534,-11.565422,-40.090549
2024-01-18,-38.270709,-10.991700,-41.278742
2024-01-19,-37.921048,-10.179160,-42.703528
2024-01-22,-37.240667,-9.390203,-44.623583
2024-01-23,-35.393236,-7.556039,-43.901850
2024-01-24,-32.440437,-5.743033,-40.431208
2024-01-25,-29.796149,-4.572827,-35.621423
2024-01-26,-28.639040,-4.014337,-32.621369
2024-01-29,-28.914003,-3.668111,-33.551605
2024-01-30,-30.424406,-3.570983,-36.887657
2024-01-31,-31.788341,-3.938498,-40.964669
2024-02-01,-31.595183,-4.456097,-44.377179
2024-02-02,-30.844412,-5.468040,-46.882422
2024-02-05,-29.409263,-6.349176,-48.787104
2024-02-06,-27.294200,-6.823555,-47.882938
2024-02-07,-26.656589,-8.130863,-45.697425
2024-02-08,-26.876020,-9.391235,-43.216319
2024-02-09,-27.283378,-10.414848,-42.619162
2024-02-12,-26.818062,-10.581719,-42.820209
2024-02-13,-25.870303,-9.726669,-42.859161
2024-02-14,-24.388942,-7.655984,-42.715593
2024-02-15,-22.529407,-5.586000,-42.326800
2024-02-16,-21.082866,-5.011998,-42.096550
2024-02-19,-21.113277,-5.600451,-41.903508
2024-02-20,-21.953100,-5.707546,-41.184131
2024-02-21,-21.669988,-4.858744,-39.715642
2024-02-22,-21.149280,-4.164851,-38.451112
2024-02-23,-20.785561,-3.966706,-36.927982
2024-02-26,-20.109644,-3.809574,-35.735818
2024-02-27,-18.747528,-4.016185,-35.121505
2024-02-28,-17.753178,-4.145418,-35.148912
2024-02-29,-16.677689,-4.064393,-34.323117
2024-03-01,-16.406116,-3.914783,-34.206841
2024-03-04,-16.368866,-2.914364,-35.125645
2024-03-05,-17.134800,-1.339968,-36.307144
2024-03-06,-16.955311,-0.278647,-37.108808
2024-03-07,-16.843939,-0.249329,-37.627573
2024-03-08,-15.707284,-1.133131,-37.094136
2024-03-11,-14.864977,-1.836720,-35.530488
2024-03-12,-14.581456,-2.085263,-34.142990
2024-03-13,-15.220591,-1.213378,-33.938444
2024-03-14,-15.732576,-0.182908,-33.599284
2024-03-15,-16.264133,0.700060,-32.767121
2024-03-18,-17.446103,0.941523,-32.044817
2024-03-19,-19.095925,0.384775,-31.875949
2024-03-20,-19.953049,-0.071289,-31.954831
2024-03-21,-20.137738,-0.255672,-32.297137
2024-03-22,-20.606512,-0.048902,-33.161598
2024-03-25,-20.670461,0.567417,-33.154287
2024-03-26,-20.629808,0.679089,-33.268269
2024-03-27,-20.920156,0.360260,-34.721285
2024-03-28,-20.861334,0.095031,-36.686290
2024-03-29,-20.690112,-0.037601,-37.921462
2024-04-01,-20.294473,0.101978,-38.686453
2024-04-02,-19.470553,0.913028,-39.453125
2024-04-03,-19.649022,2.236157,-40.038946
2024-04-04,-20.343341,3.418714,-40.192516
2024-04-05,-20.978241,4.204072,-40.244094
2024-04-08,-20.541990,4.690384,-40.316189
2024-04-09,-19.146284,5.064141,-40.028656
2024-04-10,-17.645064,5.651139,-40.428903
2024-04-11,-16.808554,6.618817,-40.548746
2024-04-12,-17.042201,8.111530,-40.866268
2024-04-15,-17.646733,9.941132,-41.289382
2024-04-16,-18.913073,10.706652,-41.783062
2024-04-17,-19.713105,11.402718,-41.683501
2024-04-18,-19.873299,12.699291,-42.298729
2024-04-19,-19.576823,13.930855,-43.314360
2024-04-22,-18.300708,14.198417,-44.455624
2024-04-23,-17.044941,13.653292,-45.753399
2024-04-24,-15.834154,13.535683,-46.844593
2024-04-25,-14.635451,14.220404,-45.936442
2024-04-26,-12.646121,15.529222,-42.711267
2024-04-29,-11.210483,17.479709,-38.972848
2024-04-30,-10.446416,18.624303,-37.597206
2024-05-01,-9.789719,18.466001,-36.991123
2024-05-02,-8.864602,18.202908,-36.473239
2024-05-03,-7.580661,18.673111,-35.591555
2024-05-06,-6.422003,18.722606,-34.533217
2024-05-07,-6.228275,19.171502,-33.510193
2024-05-08,-5.933559,19.303751,-32.834505
2024-05-09,-4.931612,20.363988,-31.049512
2024-05-10,-2.748651,22.082831,-28.453078
2024-05-13,-0.468739,23.670759,-26.521611
2024-05-14,1.293682,23.782277,-24.967805
2024-05-15,2.620733,24.081439,-22.665317
2024-05-16,4.246512,25.368918,-18.966699
2024-05-17,5.565691,27.437230,-15.351891
2024-05-20,6.133160,28.366917,-13.915025
2024-05-21,4.688721,26.846452,-14.038937
2024-05-22,1.884194,24.179306,-15.599335
2024-05-23,-0.616245,22.341837,-17.815589
2024-05-24,-2.043030,21.789413,-20.595160
2024-05-27,-2.596863,22.088728,-23.129954
2024-05-28,-3.315513,22.457789,-25.350962
2024-05-29,-4.686878,21.912848,-26.167253
2024-05-30,-5.987223,20.220413,-27.007313
2024-05-31,-6.696733,18.370848,-27.608514
2024-06-03,-6.677365,17.053615,-28.140935
2024-06-04,-7.255722,15.828323,-28.628607
2024-06-05,-7.720190,15.523265,-29.317902
2024-06-06,-7.335012,15.325511,-28.815055
2024-06-07,-6.390930,14.193540,-27.040970
2024-06-10,-5.403954,13.878114,-25.868931
2024-06-11,-5.104456,14.237903,-25.842688
2024-06-12,-4.913232,15.284455,-26.269441
2024-06-13,-4.956406,15.663351,-27.005015
2024-06-14,-5.748209,15.976138,-28.206675
2024-06-17,-5.907718,16.441556,-29.154807
2024-06-18,-5.193121,16.803074,-29.728239
2024-06-19,-4.497044,16.559629,-30.987863
2024-06-20,-5.219007,16.047968,-32.781125
2024-06-21,-5.916259,15.183644,-33.937969
2024-06-24,-5.060090,14.619820,-35.253651
2024-06-25,-3.367240,14.118270,-35.835231
2024-06-26,-2.713043,13.635136,-36.146517
2024-06-27,-3.692752,13.197270,-36.540071
2024-06-28,-5.100704,12.932138,-35.859052
2024-07-01,-6.519315,12.176902,-33.608387
2024-07-02,-7.643639,11.802582,-32.663730
2024-07-03,-7.761327,12.922819,-32.795211
2024-07-04,-7.484319,14.648852,-34.496463
2024-07-05,-7.302904,15.838303,-36.749919
2024-07-08,-7.587063,16.061385,-39.229257
2024-07-09,-7.665423,15.724275,-40.641895
2024-07-10,-7.238827,15.117929,-41.660874
2024-07-11,-6.077402,14.151653,-42.032657
2024-07-12,-6.265739,13.367275,-43.612876
2024-07-15,-7.642255,12.646628,-45.380609
2024-07-16,-9.722446,11.544612,-46.186120
2024-07-17,-11.390811,9.671833,-47.103592
2024-07-18,-12.305327,7.660798,-48.286776
2024-07-19,-12.402305,7.110061,-49.812186
2024-07-22,-11.412991,6.960678,-51.748884
2024-07-23,-11.286439,6.334771,-53.760054
2024-07-24,-12.056891,6.187008,-54.289351
2024-07-25,-12.713471,6.689924,-52.603855
2024-07-26,-12.323653,7.303644,-50.801219
2024-07-29,-11.713172,7.684045,-49.931043
2024-07-30,-11.164959,8.469477,-48.655941
2024-07-31,-9.917081,9.415594,-46.968504
2024-08-01,-9.066367,9.397269,-46.550749
2024-08-02,-9.099858,9.382892,-47.107516
2024-08-05,-9.122840,8.492509,-47.833843
2024-08-06,-8.412279,7.483018,-47.004531
2024-08-07,-6.539556,6.329201,-45.346562
2024-08-08,-4.874103,5.853929,-43.281365
2024-08-09,-4.221008,5.831069,-42.108968
2024-08-12,-4.432485,6.321859,-42.112403
2024-08-13,-5.057058,6.889593,-42.668947
2024-08-14,-5.296689,7.429858,-44.325231
2024-08-15,-5.571745,8.211403,-46.821566
2024-08-16,-5.570175,8.512782,-49.110273
2024-08-19,-5.321851,8.653078,-49.577070
2024-08-20,-5.307336,8.484331,-48.674331
2024-08-21,-5.625578,8.317180,-48.310233
2024-08-22,-5.695448,8.412869,-48.320788
2024-08-23,-4.810673,9.391431,-48.328608
2024-08-26,-3.618972,10.698608,-49.151936
2024-08-27,-2.579873,11.650997,-50.342745
2024-08-28,-2.114858,11.409171,-50.554176
2024-08-29,-1.497729,10.490667,-49.161015
2024-08-30,-1.090057,9.614021,-47.101302
2024-09-02,-1.599884,8.532677,-46.493952
2024-09-03,-2.406308,7.260482,-45.983937
2024-09-04,-3.154663,6.978299,-45.717773
2024-09-05,-3.212238,7.518588,-45.077013
2024-09-06,-3.323021,7.885528,-45.288848
2024-09-09,-3.536310,8.597859,-45.927630
2024-09-10,-3.596966,9.550908,-46.554620
2024-09-11,-3.835121,10.857233,-46.534133
2024-09-12,-2.807643,12.199093,-45.491150
2024-09-13,-1.415276,13.273901,-44.403557
2024-09-16,-0.541757,13.827594,-43.672492
2024-09-17,0.210326,13.657874,-42.885151
2024-09-18,0.425796,14.065152,-41.261944
2024-09-19,1.832519,15.717743,-39.344753
2024-09-20,4.253223,17.284249,-37.935990
2024-09-23,6.465658,18.983362,-36.877901
2024-09-24,8.687111,20.479027,-34.805363
2024-09-25,10.336935,20.856307,-30.681367
2024-09-26,12.617513,21.359674,-23.496547
2024-09-27,14.696688,21.538852,-15.879003
2024-09-30,16.130117,21.715688,-9.692992
2024-10-01,17.722124,22.363219,-6.977267
2024-10-02,21.050083,22.873054,-5.730731
2024-10-03,23.208693,22.423958,-4.636242
2024-10-04,24.377447,22.073030,-3.515674
2024-10-07,23.822317,21.399001,-2.564892
2024-10-08,21.186505,20.423777,-3.124999
2024-10-09,20.044797,19.948202,-6.643635
2024-10-10,20.775092,19.696049,-8.864783
2024-10-11,21.258489,19.297618,-9.528949
2024-10-14,20.188145,18.642220,-8.297990
2024-10-15,17.930451,17.707664,-7.058549
2024-10-16,16.177372,16.905273,-6.322120
2024-10-17,16.081794,16.379295,-7.511007
2024-10-18,17.566387,16.482705,-7.664864
2024-10-21,17.856600,16.358575,-6.881004
2024-10-22,17.130920,15.950104,-5.986644
2024-10-23,15.811712,15.382427,-5.909520
2024-10-24,14.678222,15.185814,-6.565385
2024-10-25,15.017318,15.536028,-6.160983
2024-10-28,15.808245,16.119576,-5.154163
2024-10-29,16.444759,16.455834,-4.392018
2024-10-30,16.481517,16.517557,-2.888274
2024-10-31,15.907661,15.924318,-1.370103
2024-11-01,15.413320,15.567918,-0.641131
2024-11-04,14.851617,15.535359,0.823325
2024-11-05,15.623642,15.045954,3.775471
2024-11-06,16.196153,13.459358,6.611922
2024-11-07,16.172982,12.587603,7.870412
2024-11-08,15.271135,11.279866,6.196018
2024-11-11,13.598164,9.987709,4.013358
2024-11-12,11.757692,8.495329,1.714486
2024-11-13,11.156925,7.286110,-0.017898
2024-11-14,10.961703,6.875766,-1.313549
2024-11-15,11.794337,6.638885,-1.785361
2024-11-18,13.357020,6.841869,-0.709902
2024-11-19,14.579928,6.708430,0.346581
2024-11-20,15.584417,6.314759,0.974094
2024-11-21,16.077810,6.760656,1.249242
2024-11-22,16.044723,7.469683,0.914072
2024-11-25,15.865227,7.949337,0.409375
2024-11-26,16.392078,7.440669,0.785051
2024-11-27,17.363187,7.127434,2.277056
2024-11-28,17.749000,7.309230,3.536116
2024-11-29,17.838399,7.490900,4.245402
2024-12-02,18.066640,7.358600,5.836391
2024-12-03,17.725520,6.933739,6.659106
2024-12-04,16.938079,6.656473,6.414098
2024-12-05,17.072445,6.568756,6.972625
2024-12-06,18.367837,6.461836,7.901125
2024-12-09,19.806349,6.807754,8.253763
2024-12-10,20.619249,6.926072,9.140491
2024-12-11,21.227423,6.619082,11.056929
2024-12-12,21.197778,5.935310,12.351280
2024-12-13,19.727985,5.254985,11.695465
2024-12-16,17.482029,4.646516,9.640250
2024-12-17,15.629941,4.556205,7.008619
2024-12-18,15.302124,4.711189,5.913238
2024-12-19,15.914211,4.595477,5.730751
2024-12-20,16.869587,4.855380,5.326300
2024-12-23,18.088047,5.319451,4.579449
2024-12-24,19.606200,5.889047,4.388937
2024-12-25,20.983813,6.327953,4.494573
2024-12-26,21.641603,6.770284,4.558306
2024-12-27,21.642142,6.723419,4.462783
2024-12-30,21.021539,6.293179,3.277364
2024-12-31,20.592235,5.746102,1.589260
2025-01-02,20.610761,5.610555,-0.175011
2025-01-03,22.090527,6.362964,-1.143293
2025-01-06,23.732818,7.331660,-0.514391
2025-01-07,24.028039,7.832378,0.724451
2025-01-08,23.920710,8.073035,1.959976
2025-01-09,23.396154,8.125918,2.927557
2025-01-10,21.154007,7.474465,1.379786
2025-01-13,18.537585,6.843228,-1.283752
2025-01-14,17.625828,6.957300,-3.981235
2025-01-15,18.412704,7.239729,-5.590993
2025-01-16,19.981663,7.124207,-4.514518
2025-01-17,22.265118,6.884694,-1.437447
2025-01-20,24.350081,7.368886,2.173757
2025-01-21,25.051123,8.224332,4.862316
2025-01-22,24.479169,8.931746,6.227839
2025-01-23,23.560271,9.488407,8.048835
2025-01-24,22.742474,9.579515,7.763109
2025-01-27,23.007863,9.370686,5.940490
2025-01-28,23.913649,9.442865,3.367443
2025-01-29,24.686871,9.810534,2.042824
2025-01-30,24.982180,9.955553,1.677658
2025-01-31,24.969409,10.052891,1.682900
2025-02-03,24.890421,10.063817,1.717415
2025-02-04,25.078278,9.732086,1.680105
2025-02-05,24.757267,9.457024,1.658120
2025-02-06,25.337376,9.595012,1.982843
2025-02-07,25.822115,9.770555,2.384488
2025-02-10,25.771277,9.649699,2.233558
2025-02-11,25.450017,9.446182,2.015413
2025-02-12,26.296015,10.056132,2.643586
2025-02-13,27.644317,10.765610,3.071225
2025-02-14,29.527341,10.880383,2.674585
2025-02-17,31.172054,10.766338,2.682567
2025-02-18,32.217263,10.810899,1.802301
2025-02-19,32.505268,10.857008,2.082693
2025-02-20,33.117799,11.144482,3.214388
2025-02-21,35.023733,11.004762,4.475545
2025-02-24,35.679425,10.262844,5.992812
2025-02-25,36.010777,9.360417,7.084803
2025-02-26,36.019620,8.975204,7.532801
2025-02-27,34.209669,8.275910,6.201972
2025-02-28,31.267573,7.255749,4.157001
2025-03-03,30.205370,5.961811,3.689656
2025-03-04,31.268792,5.393483,3.428951
2025-03-05,34.055497,5.519528,3.321474
2025-03-06,36.559853,5.920310,3.722308
2025-03-07,37.344600,6.235307,3.556856
2025-03-10,36.490138,6.544079,3.165394
2025-03-11,35.435487,7.747918,2.843198
2025-03-12,35.337998,9.098027,2.753367
2025-03-13,35.772182,9.712967,2.670522
2025-03-14,36.995573,10.182325,3.521523
2025-03-17,38.654406,10.764148,5.130357
2025-03-18,39.783191,11.279943,5.819984
2025-03-19,39.523312,11.455924,5.898599
2025-03-20,37.728197,10.658277,5.469211
2025-03-21,35.538591,9.069421,5.134333
2025-03-24,34.699576,7.565825,4.966570
2025-03-25,34.026766,6.697339,5.204193
2025-03-26,33.867109,5.637491,5.855080
2025-03-27,33.542981,4.560687,6.622121
2025-03-28,32.493690,3.914947,7.016778
2025-03-31,31.290679,3.599270,7.892759
2025-04-01,31.388791,3.193251,9.169886
2025-04-02,32.203008,1.397168,10.859191
2025-04-03,31.913500,-2.642049,11.970352
2025-04-04,29.529466,-7.093359,11.073746
2025-04-07,24.116734,-9.917219,7.755580
2025-04-08,21.586787,-11.372987,7.889406
2025-04-09,21.508981,-10.644496,10.812317
2025-04-10,21.923338,-8.917154,13.534191
2025-04-11,21.962326,-7.045718,14.601252
2025-04-14,21.651459,-6.634883,14.293575
2025-04-15,20.675463,-7.453086,12.492706
2025-04-16,19.125115,-8.214344,9.727973
2025-04-17,18.579168,-8.500218,7.756979
2025-04-18,18.392446,-7.696346,7.994979
2025-04-21,18.093940,-6.535977,8.494802
2025-04-22,17.530761,-5.481372,8.746442
2025-04-23,17.316083,-5.241182,8.234948
2025-04-24,17.136670,-5.259791,7.322117
2025-04-25,17.385912,-5.658252,5.921639
2025-04-28,17.492481,-5.778970,4.496610
2025-04-29,16.832898,-6.597157,2.941455
2025-04-30,15.861771,-8.260080,1.608036
2025-05-01,15.524350,-8.786208,1.313141
2025-05-02,16.062428,-8.294891,0.852199
2025-05-06,16.327550,-8.592806,-0.637599
2025-05-07,15.889763,-10.201201,-3.677872
2025-05-08,15.689841,-12.301545,-7.544335
2025-05-09,16.525560,-13.357963,-9.540447
2025-05-12,18.541259,-12.036469,-10.071672
2025-05-13,19.944827,-9.413682,-9.927293
2025-05-14,21.601243,-8.008716,-8.560481
2025-05-15,22.283795,-7.927042,-6.703702
2025-05-16,22.183893,-8.753131,-4.901021
2025-05-19,22.772250,-9.279440,-2.770483
2025-05-20,24.504465,-8.640431,-1.619096
2025-05-21,25.908202,-7.168722,-1.018370
2025-05-22,25.979527,-5.950285,-1.245605
2025-05-23,25.018717,-5.080369,-1.433752
2025-05-26,23.971954,-4.254173,-1.277399
2025-05-27,23.574909,-4.274776,-0.073932
2025-05-28,23.547336,-4.308553,0.756998
2025-05-29,23.985747,-3.425192,0.762239
2025-05-30,24.187301,-3.123432,0.794959
2025-06-02,24.905919,-2.613989,1.297378
2025-06-03,26.233490,-2.292667,2.012038
2025-06-04,27.235328,-1.515512,2.973662
2025-06-05,28.219925,-0.737237,3.369952
2025-06-06,28.681048,-0.239092,4.154379
2025-06-09,28.838571,-0.167247,5.032734
2025-06-10,28.273878,-0.727708,6.237211
2025-06-11,28.298600,-1.113161,7.913361
2025-06-12,28.435236,-0.416723,8.979729
2025-06-13,28.418186,0.327420,9.961094
2025-06-16,28.464985,1.028152,10.496094
2025-06-17,28.414292,1.157470,10.487600
2025-06-18,28.334144,1.110483,10.115484
2025-06-19,27.952587,0.698386,8.832431
2025-06-20,28.211637,0.250743,6.988039
2025-06-23,28.798240,-0.372564,6.784934
2025-06-24,29.634157,-1.236768,8.025512
2025-06-25,30.576725,-1.398154,10.557199
2025-06-26,31.465661,-0.956523,12.652562
2025-06-27,32.130158,-0.347690,14.530134
2025-06-30,32.052462,0.294673,15.351464
2025-07-01,31.457243,1.009259,15.329140
2025-07-02,30.120318,1.476144,14.222394
2025-07-03,28.704042,1.179693,13.021266
2025-07-04,28.624181,0.946592,12.911304
2025-07-07,29.403332,0.960892,13.272973
2025-07-08,30.121639,1.332712,13.584814
2025-07-09,30.488255,2.597644,14.528294
2025-07-10,31.292684,3.828809,16.731390
2025-07-11,31.927306,4.673744,18.359763
2025-07-14,33.108437,5.357653,19.311443
2025-07-15,34.748629,5.941862,19.825251
2025-07-16,36.003671,6.249536,19.523421
2025-07-17,36.556586,6.874217,19.098997
2025-07-18,36.969083,7.750616,19.116336
2025-07-21,37.592524,8.193486,18.658309
2025-07-22,38.035612,8.207531,18.029890
2025-07-23,39.307389,8.795860,18.698976
2025-07-24,40.980233,9.016807,20.256815
2025-07-25,42.041755,9.572973,21.353739
2025-07-28,42.291102,9.895185,21.209886
2025-07-29,41.311692,10.305639,20.582790
2025-07-30,39.579880,9.724511,18.850390
2025-07-31,37.649640,8.545454,17.046168
2025-08-01,36.570033,7.537322,17.260123
2025-08-04,36.604442,7.284954,18.107843
2025-08-05,37.045650,6.840308,19.022849
2025-08-06,36.993152,6.016197,19.449144
2025-08-07,36.244759,5.488708,20.442947
2025-08-08,35.461194,5.467703,21.755339
2025-08-11,35.526192,5.811298,23.543442
2025-08-12,36.187837,6.179451,24.961509
2025-08-13,36.750867,6.181016,25.933652
2025-08-14,36.494582,5.423362,26.717203
2025-08-15,35.507388,4.677247,27.896127
2025-08-18,34.763633,4.145423,29.461035
2025-08-19,34.550337,4.321124,30.305381
2025-08-20,34.389794,4.707573,29.779320
2025-08-21,34.575383,5.430735,28.580134
2025-08-22,35.875259,6.649013,29.221805
2025-08-25,37.186791,8.024301,30.288965
2025-08-26,37.480400,8.602048,30.224036
2025-08-27,37.053810,8.449638,28.910221
2025-08-28,36.968717,8.792445,29.002055
2025-08-29,37.891065,8.903398,29.598597
2025-09-01,39.005432,9.005210,30.201623
2025-09-02,39.246160,8.745324,29.817650
2025-09-03,38.497319,7.864333,28.764168
2025-09-04,37.617458,6.671522,27.844018
2025-09-05,37.508856,5.682413,27.818383
2025-09-08,37.625192,5.341996,27.963445
2025-09-09,37.814458,5.269695,27.462972
2025-09-10,37.378541,5.304572,26.566498
2025-09-11,36.559641,5.444661,26.287188
2025-09-12,35.732210,4.986054,26.426051
2025-09-15,33.947162,3.774546,25.508530
2025-09-16,31.994115,2.190302,22.768486
2025-09-17,29.340041,0.381077,16.847613
2025-09-18,26.002589,-0.029820,9.305411
2025-09-19,23.062393,0.296096,2.970602
2025-09-22,20.392387,0.372848,0.103894
2025-09-23,17.468341,0.772454,-0.802724
2025-09-24,16.235161,2.372604,-0.446585
2025-09-25,15.411881,3.173818,-0.259453
2025-09-26,16.614928,3.920960,0.398116
2025-09-29,21.229597,5.321608,2.711084
2025-09-30,24.194922,6.019632,7.722219
2025-10-01,24.718442,6.549211,10.744843
2025-10-02,25.223000,7.645488,11.097875
2025-10-03,26.156366,9.503497,9.618937
2025-10-06,27.626374,10.824490,8.408560
2025-10-07,28.321843,11.417598,7.375136
2025-10-08,27.901253,11.739089,8.247067
2025-10-09,26.185187,11.839542,8.090091
2025-10-10,24.616167,11.934494,7.652005
2025-10-13,23.080383,11.524840,6.983662
2025-10-14,22.014080,10.912988,6.375842
2025-10-15,22.252547,10.417056,5.469044
2025-10-16,22.109976,10.360131,3.607810
2025-10-17,21.732573,10.513988,1.799688
2025-10-20,22.450034,10.750326,1.804421
2025-10-21,23.510044,10.800253,1.918362
2025-10-22,23.854621,11.246033,1.033266
2025-10-23,23.846830,11.970900,-0.340273
2025-10-24,23.796800,12.552375,-2.369946
2025-10-27,23.663128,13.421139,-5.338723
2025-10-28,23.787990,14.671141,-8.068362
2025-10-29,23.486260,14.650683,-9.783082
2025-10-30,23.745484,14.996551,-9.500511
2025-10-31,24.677020,15.740055,-8.329268
2025-11-03,26.386387,16.474144,-6.980893
2025-11-04,27.609839,16.886212,-5.210670
2025-11-05,28.923106,17.157066,-2.673817
2025-11-06,29.896526,17.144924,-0.667814
2025-11-07,29.989521,16.982168,-0.096457
2025-11-10,30.314806,17.390186,0.078335
2025-11-11,30.953276,17.940861,0.315941
2025-11-12,32.110829,18.556015,1.140382
2025-11-13,33.111510,18.719076,2.898517
2025-11-14,32.720585,18.402876,4.034235
2025-11-17,31.346960,18.084879,3.852886
2025-11-18,29.446826,17.748334,1.850957
2025-11-19,28.454149,17.750897,-0.845175
2025-11-20,27.588622,17.520333,-3.397883
2025-11-21,26.587912,17.466588,-6.162275
2025-11-24,26.596780,17.292076,-7.167202
2025-11-25,27.074623,17.601799,-6.606033
2025-11-26,27.210407,18.193185,-6.441699
2025-11-27,26.270325,18.558758,-6.466342
2025-11-28,24.978182,18.967807,-5.923877
2025-12-01,24.704452,19.514294,-6.473118
2025-12-02,24.815863,20.488941,-7.953690
2025-12-03,24.852336,22.307058,-9.036813
2025-12-04,25.874248,23.689056,-8.281470
2025-12-05,26.681681,24.788699,-6.682946
2025-12-08,26.463737,25.233994,-5.022353
2025-12-09,25.773969,25.289546,-4.351362
2025-12-10,25.728747,26.151235,-3.586681
2025-12-11,25.856695,26.794575,-3.639397
2025-12-12,25.642676,26.517784,-3.134333
2025-12-15,24.517283,26.429090,-3.149470
2025-12-16,23.547564,26.412496,-3.230099
2025-12-17,23.487291,26.761147,-3.339862
2025-12-18,23.910417,27.339394,-3.070437
2025-12-19,24.682895,28.627049,-1.290410
2025-12-22,25.558998,30.090662,1.004017
2025-12-23,26.516939,30.893296,3.238581
2025-12-24,26.953858,30.784533,5.587879
2025-12-25,27.389908,30.431479,6.941283
2025-12-26,28.029517,30.592227,7.093175
2025-12-29,28.654663,31.460653,6.896999
2025-12-30,29.511039,32.140842,7.004711
2025-12-31,30.598379,32.345855,7.938515
2026-01-02,31.967509,33.001751,8.007016
2026-01-05,32.166227,34.511164,7.740717
2026-01-06,31.777592,34.901026,8.122711
2026-01-07,30.448476,33.865510,8.685165
2026-01-08,29.010618,33.251896,9.427992
2026-01-09,28.224057,33.689050,9.736404
2026-01-12,28.698866,34.609188,9.601230
2026-01-13,29.951996,35.336627,9.598158
2026-01-14,30.479319,35.659650,9.135720
2026-01-15,29.689052,35.340535,9.151562
2026-01-16,28.548496,35.153980,9.681124
2026-01-19,27.586343,35.257107,10.690359
2026-01-20,27.184366,34.702252,11.896322
2026-01-21,27.238854,34.477055,12.876287
2026-01-22,27.331667,35.043398,13.562245
2026-01-23,27.200111,35.779100,13.718337
2026-01-26,26.850901,35.717435,13.004463
2026-01-27,27.487985,35.011871,12.398748
2026-01-28,27.934613,34.694406,11.886481
2026-01-29,27.088775,34.305692,10.850556
2026-01-30,24.945307,33.259327,8.684292
2026-02-02,22.896903,32.905142,6.879021
2026-02-03,21.067431,33.042985,6.272062
2026-02-04,19.589030,32.255204,7.077670
2026-02-05,17.762608,31.822181,8.032613
2026-02-06,16.645844,32.417212,8.727175
2026-02-09,16.561460,32.805959,9.949051
2026-02-10,16.973565,32.645154,9.919854
2026-02-11,16.857399,32.001641,9.549399
2026-02-12,15.157390,31.056886,8.759535
2026-02-13,13.841681,30.752992,7.674599
2026-02-16,13.288815,30.581462,6.864520
2026-02-17,12.529762,30.413474,5.893571
2026-02-18,12.850270,30.945001,5.506502
2026-02-19,14.096995,31.561265,5.813375
2026-02-20,14.636499,31.993512,6.131971
2026-02-23,14.482488,32.022744,6.731078
2026-02-24,12.408818,32.075914,7.628428
2026-02-25,10.352937,32.270902,8.120575
2026-02-26,9.570671,32.494822,8.064618
2026-02-27,9.854984,32.220718,7.436139
2026-03-02,9.392116,30.614948,5.909195
2026-03-03,8.546802,29.057900,4.254764
2026-03-04,7.314583,28.197643,3.182644
2026-03-05,6.052439,27.262696,2.365370
2026-03-06,5.154859,26.487841,1.956218
2026-03-09,4.226729,26.177182,1.831158
2026-03-10,4.833977,26.710910,2.453818
2026-03-11,6.197129,27.086747,3.263278
2026-03-12,7.316729,26.731998,4.268562
2026-03-13,7.950698,25.696186,5.404482
2026-03-16,9.197672,24.993124,5.951222
2026-03-17,9.711838,24.326875,5.682383
2026-03-18,9.552686,22.937615,4.650876
2026-03-19,8.722509,21.743473,3.050100
2026-03-20,7.703626,21.115422,1.460235
2026-03-23,6.618804,22.036987,-0.255042
2026-03-24,7.420286,23.857227,0.013362
2026-03-25,9.543669,27.648685,1.100163
2026-03-26,12.868270,31.601992,3.033183
2026-03-27,18.450620,33.673792,6.183139
2026-03-30,20.668110,34.369456,5.963734
2026-03-31,20.700876,33.538863,3.153503
2026-04-01,19.741113,32.157733,0.465156
2026-04-02,18.153646,30.424155,-1.433317
2026-04-03,16.889181,29.697767,-2.371267
2026-04-07,17.129216,30.200680,-1.756885
2026-04-08,18.619249,31.365140,-0.877827
2026-04-09,18.966558,32.190645,-1.486278
2026-04-10,18.862045,33.272385,-1.915008
2026-04-13,18.351119,34.418764,-1.373237
2026-04-14,17.810721,34.889942,-0.455897
2026-04-15,17.361416,34.756840,0.210193
2026-04-16,17.741895,34.456683,1.188262
2026-04-17,17.907535,34.589795,2.958923
2026-04-20,18.133576,34.603019,4.906974
2026-04-21,17.945283,35.195903,5.773921
2026-04-22,16.985783,36.727609,5.736421
2026-04-23,15.769808,36.453910,5.151645
2026-04-24,14.518269,35.125065,4.357647
2026-04-27,13.553530,33.530181,3.638381
2026-04-28,12.949862,32.499177,3.686477
2026-04-29,12.627969,31.890432,5.022015
2026-04-30,11.637902,31.578631,6.693511
2026-05-01,10.591159,31.125545,7.364048
2026-05-04,10.603172,30.838393,7.655265
2026-05-05,10.455884,31.490590,8.158050
2026-05-06,11.265494,32.883710,9.412870
2026-05-07,12.146777,34.327416,10.346203
2026-05-08,12.008171,35.846184,11.011576
2026-05-11,11.265641,37.605449,11.955047
2026-05-12,10.813448,38.830001,12.564267
2026-05-13,10.986624,38.658655,12.466948
2026-05-14,10.980087,37.157272,11.519729
2026-05-15,10.615343,35.345128,10.202607
2026-05-18,9.991166,34.607825,9.154539
2026-05-19,9.628594,34.565901,8.660043
2026-05-20,9.095336,35.131502,7.499202
2026-05-21,9.060959,35.390186,6.065743
2026-05-22,9.221994,34.986077,5.591451
2026-05-25,8.613873,34.518859,5.251729
2026-05-26,7.512897,34.137270,4.041348
2026-05-27,6.068928,33.873898,2.797922
2026-05-28,5.018319,34.179272,2.608728
2026-05-29,4.656283,34.399557,2.854939
2026-06-01,5.213038,35.404501,2.854723
2026-06-02,6.018003,36.165917,2.137644
2026-06-03,6.059945,35.937536,1.523469
2026-06-04,5.252304,35.401695,0.812425
2026-06-05,4.073122,34.168279,-0.581949
2026-06-08,3.431206,33.572407,-1.625939
2026-06-09,3.639566,33.540146,-1.315746
2026-06-10,4.038570,33.696839,-0.465345
2026-06-11,3.824183,34.171286,-0.043597
2026-06-12,3.504810,34.804849,-0.127774
2026-06-15,2.365678,35.176365,-0.957517
2026-06-16,0.813191,34.781274,-2.347668
2026-06-17,-0.220832,33.777448,-3.344492
2026-06-18,-0.906694,32.769557,-4.019778
2026-06-19,-1.165012,31.872973,-4.389940
2026-06-22,-1.792902,30.785045,-4.636062
2026-06-23,-2.761354,29.219699,-5.337287
2026-06-24,-3.256511,28.475152,-6.518771
2026-06-25,-3.907255,29.469775,-7.965912
2026-06-26,-4.613493,30.791847,-9.797675
2026-06-29,-4.771691,31.904753,-11.269355
2026-06-30,-4.695161,32.328083,-11.906296
2026-07-01,-4.672303,32.237560,-12.431165
2026-07-02,-4.435936,32.222641,-12.755892
2026-07-03,-4.049668,32.467323,-12.211351
2026-07-06,-3.818566,32.568979,-11.585523
2026-07-07,-3.356631,32.308721,-11.722640
2026-07-08,-2.611158,31.847069,-11.653951
2026-07-09,-2.874513,31.587661,-11.439089
2026-07-10,-3.366466,31.252707,-11.698079
2026-07-13,-3.880342,31.115423,-12.913603
2026-07-14,-4.157370,31.371619,-13.582285
2026-07-15,-3.689778,31.836017,-14.449270
2026-07-16,-2.937026,32.292168,-15.741652
2026-07-17,-2.700349,32.850218,-18.015207
2026-07-20,-1.635149,33.777550,-19.386899
2026-07-21,-0.332352,35.005333,-18.998348
2026-07-22,0.811623,35.385649,-17.310259
2026-07-23,1.632784,34.854451,-16.641837
2026-07-24,1.470292,34.560535,-17.141134
2026-07-27,1.457034,34.748784,-17.149270
2026-07-28,1.907227,34.558377,-16.785235
2026-07-29,2.773326,34.437021,-16.382843
2026-07-30,3.537526,34.556943,-16.422619
2026-07-31,3.803931,34.693400,-16.751312
2026-08-03,3.786848,34.605689,-17.265312
